insert into country(id, name) values (0, 'Rossiya');
insert into country(id, name) values (1, 'Ukraina');
insert into country(id, name) values (2, 'Abhaziya');
insert into country(id, name) values (3, 'Avstraliya');
insert into country(id, name) values (4, 'Avstriya');
insert into country(id, name) values (5, 'Azerbaidjan');
insert into country(id, name) values (6, 'Albaniya');
insert into country(id, name) values (7, 'Aljir');
insert into country(id, name) values (8, 'Angola');
insert into country(id, name) values (9, 'Anguilya');
insert into country(id, name) values (10, 'Andorra');
insert into country(id, name) values (11, 'Antigua i Barbuda');
insert into country(id, name) values (12, 'Antilskie o-va');
insert into country(id, name) values (13, 'Argentina');
insert into country(id, name) values (14, 'Armeniya');
insert into country(id, name) values (15, 'Arulko');
insert into country(id, name) values (16, 'Afganistan');
insert into country(id, name) values (17, 'Bagamskie o-va');
insert into country(id, name) values (18, 'Bangladesh');
insert into country(id, name) values (19, 'Barbados');
insert into country(id, name) values (20, 'Bahrein');
insert into country(id, name) values (21, 'Belarus');
insert into country(id, name) values (22, 'Beliz');
insert into country(id, name) values (23, 'Belgiya');
insert into country(id, name) values (24, 'Benin');
insert into country(id, name) values (25, 'Bermudy');
insert into country(id, name) values (26, 'Bolgariya');
insert into country(id, name) values (27, 'Boliviya');
insert into country(id, name) values (28, 'Bosniya/Gercegovina');
insert into country(id, name) values (29, 'Botsvana');
insert into country(id, name) values (30, 'Braziliya');
insert into country(id, name) values (31, 'Britanskie Virginskie o-va');
insert into country(id, name) values (32, 'Brunei');
insert into country(id, name) values (33, 'Burkina Faso');
insert into country(id, name) values (34, 'Burundi');
insert into country(id, name) values (35, 'Butan');
insert into country(id, name) values (36, 'Vallis i Futuna o-va');
insert into country(id, name) values (37, 'Vanuatu');
insert into country(id, name) values (38, 'Velikobritaniya');
insert into country(id, name) values (39, 'Vengriya');
insert into country(id, name) values (40, 'Venesuela');
insert into country(id, name) values (41, 'Vostochnyi Timor');
insert into country(id, name) values (42, 'Vetnam');
insert into country(id, name) values (43, 'Gabon');
insert into country(id, name) values (44, 'Gaiti');
insert into country(id, name) values (45, 'Gaiana');
insert into country(id, name) values (46, 'Gambiya');
insert into country(id, name) values (47, 'Gana');
insert into country(id, name) values (48, 'Gvadelupa');
insert into country(id, name) values (49, 'Gvatemala');
insert into country(id, name) values (50, 'Gvineya');
insert into country(id, name) values (51, 'Gvineya-Bisau');
insert into country(id, name) values (52, 'Germaniya');
insert into country(id, name) values (53, 'Gernsi o-v');
insert into country(id, name) values (54, 'Gibraltar');
insert into country(id, name) values (55, 'Gonduras');
insert into country(id, name) values (56, 'Gonkong');
insert into country(id, name) values (57, 'Grenada');
insert into country(id, name) values (58, 'Grenlandiya');
insert into country(id, name) values (59, 'Greciya');
insert into country(id, name) values (60, 'Gruziya');
insert into country(id, name) values (61, 'Daniya');
insert into country(id, name) values (62, 'Djersi o-v');
insert into country(id, name) values (63, 'Djibuti');
insert into country(id, name) values (64, 'Dominikanskaya respublika');
insert into country(id, name) values (65, 'Egipet');
insert into country(id, name) values (66, 'Zambiya');
insert into country(id, name) values (67, 'Zapadnaya Sahara');
insert into country(id, name) values (68, 'Zimbabve');
insert into country(id, name) values (69, 'Izrail');
insert into country(id, name) values (70, 'Indiya');
insert into country(id, name) values (71, 'Indoneziya');
insert into country(id, name) values (72, 'Iordaniya');
insert into country(id, name) values (73, 'Irak');
insert into country(id, name) values (74, 'Iran');
insert into country(id, name) values (75, 'Irlandiya');
insert into country(id, name) values (76, 'Islandiya');
insert into country(id, name) values (77, 'Ispaniya');
insert into country(id, name) values (78, 'Italiya');
insert into country(id, name) values (79, 'Iemen');
insert into country(id, name) values (80, 'Kabo-Verde');
insert into country(id, name) values (81, 'Kazahstan');
insert into country(id, name) values (82, 'Kambodja');
insert into country(id, name) values (83, 'Kamerun');
insert into country(id, name) values (84, 'Kanada');
insert into country(id, name) values (85, 'Katar');
insert into country(id, name) values (86, 'Keniya');
insert into country(id, name) values (87, 'Kipr');
insert into country(id, name) values (88, 'Kiribati');
insert into country(id, name) values (89, 'Kitai');
insert into country(id, name) values (90, 'Kolumbiya');
insert into country(id, name) values (91, 'Komorskie o-va');
insert into country(id, name) values (92, 'Kongo (Brazzaville)');
insert into country(id, name) values (93, 'Kongo (Kinshasa)');
insert into country(id, name) values (94, 'Kosta-Rika');
insert into country(id, name) values (95, 'Kot-d''''Ivuar');
insert into country(id, name) values (96, 'Kuba');
insert into country(id, name) values (97, 'Kuveit');
insert into country(id, name) values (98, 'Kuka o-va');
insert into country(id, name) values (99, 'Kyrgyzstan');
insert into country(id, name) values (100, 'Laos');
insert into country(id, name) values (101, 'Latviya');
insert into country(id, name) values (102, 'Lesoto');
insert into country(id, name) values (103, 'Liberiya');
insert into country(id, name) values (104, 'Livan');
insert into country(id, name) values (105, 'Liviya');
insert into country(id, name) values (106, 'Litva');
insert into country(id, name) values (107, 'Lihtenshtein');
insert into country(id, name) values (108, 'Lyuksemburg');
insert into country(id, name) values (109, 'Mavrikii');
insert into country(id, name) values (110, 'Mavritaniya');
insert into country(id, name) values (111, 'Madagaskar');
insert into country(id, name) values (112, 'Makedoniya');
insert into country(id, name) values (113, 'Malavi');
insert into country(id, name) values (114, 'Malaiziya');
insert into country(id, name) values (115, 'Mali');
insert into country(id, name) values (116, 'Maldivskie o-va');
insert into country(id, name) values (117, 'Malta');
insert into country(id, name) values (118, 'Martinika o-v');
insert into country(id, name) values (119, 'Meksika');
insert into country(id, name) values (120, 'Mozambik');
insert into country(id, name) values (121, 'Moldova');
insert into country(id, name) values (122, 'Monako');
insert into country(id, name) values (123, 'Mongoliya');
insert into country(id, name) values (124, 'Marokko');
insert into country(id, name) values (125, 'Myanma (Birma)');
insert into country(id, name) values (126, 'Men o-v');
insert into country(id, name) values (127, 'Namibiya');
insert into country(id, name) values (128, 'Nauru');
insert into country(id, name) values (129, 'Nepal');
insert into country(id, name) values (130, 'Niger');
insert into country(id, name) values (131, 'Nigeriya');
insert into country(id, name) values (132, 'Niderlandy (Gollandiya)');
insert into country(id, name) values (133, 'Nikaragua');
insert into country(id, name) values (134, 'Novaya Zelandiya');
insert into country(id, name) values (135, 'Novaya Kaledoniya o-v');
insert into country(id, name) values (136, 'Norvegiya');
insert into country(id, name) values (137, 'Norfolk o-v');
insert into country(id, name) values (138, 'O.A.E.');
insert into country(id, name) values (139, 'Oman');
insert into country(id, name) values (140, 'Pakistan');
insert into country(id, name) values (141, 'Panama');
insert into country(id, name) values (142, 'Papua Novaya Gvineya');
insert into country(id, name) values (143, 'Paragvai');
insert into country(id, name) values (144, 'Peru');
insert into country(id, name) values (145, 'Pitkern o-v');
insert into country(id, name) values (146, 'Polsha');
insert into country(id, name) values (147, 'Portugaliya');
insert into country(id, name) values (148, 'Puerto Riko');
insert into country(id, name) values (149, 'Reyunon');
insert into country(id, name) values (150, 'Ruanda');
insert into country(id, name) values (151, 'Rumyniya');
insert into country(id, name) values (152, 'SSHA');
insert into country(id, name) values (153, 'Salvador');
insert into country(id, name) values (154, 'Samoa');
insert into country(id, name) values (155, 'San-Marino');
insert into country(id, name) values (156, 'San-Tome i Prinsipi');
insert into country(id, name) values (157, 'Saudovskaya Araviya');
insert into country(id, name) values (158, 'Svazilend');
insert into country(id, name) values (159, 'Svyataya Lyusiya');
insert into country(id, name) values (160, 'Svyatoi Eleny o-v');
insert into country(id, name) values (161, 'Severnaya Koreya');
insert into country(id, name) values (162, 'Seishelly');
insert into country(id, name) values (163, 'Sen-Per i Mikelon');
insert into country(id, name) values (164, 'Senegal');
insert into country(id, name) values (165, 'Sent Kits i Nevis');
insert into country(id, name) values (166, 'Sent-Vinsent i Grenadiny');
insert into country(id, name) values (167, 'Serbiya');
insert into country(id, name) values (168, 'Singapur');
insert into country(id, name) values (169, 'Siriya');
insert into country(id, name) values (170, 'Slovakiya');
insert into country(id, name) values (171, 'Sloveniya');
insert into country(id, name) values (172, 'Solomonovy o-va');
insert into country(id, name) values (173, 'Somali');
insert into country(id, name) values (174, 'Sudan');
insert into country(id, name) values (175, 'Surinam');
insert into country(id, name) values (176, 'Serra-Leone');
insert into country(id, name) values (177, 'Tadjikistan');
insert into country(id, name) values (178, 'Taivan');
insert into country(id, name) values (179, 'Tailand');
insert into country(id, name) values (180, 'Tanzaniya');
insert into country(id, name) values (181, 'Togo');
insert into country(id, name) values (182, 'Tokelau o-va');
insert into country(id, name) values (183, 'Tonga');
insert into country(id, name) values (184, 'Trinidad i Tobago');
insert into country(id, name) values (185, 'Tuvalu');
insert into country(id, name) values (186, 'Tunis');
insert into country(id, name) values (187, 'Turkmenistan');
insert into country(id, name) values (188, 'Turks i Keikos');
insert into country(id, name) values (189, 'Turciya');
insert into country(id, name) values (190, 'Uganda');
insert into country(id, name) values (191, 'Uzbekistan');
insert into country(id, name) values (192, 'Urugvai');
insert into country(id, name) values (193, 'Farerskie o-va');
insert into country(id, name) values (194, 'Fidji');
insert into country(id, name) values (195, 'Filippiny');
insert into country(id, name) values (196, 'Finlyandiya');
insert into country(id, name) values (197, 'Franciya');
insert into country(id, name) values (198, 'Francuzskaya Gvineya');
insert into country(id, name) values (199, 'Francuzskaya Polineziya');
insert into country(id, name) values (200, 'Horvatiya');
insert into country(id, name) values (201, 'CHad');
insert into country(id, name) values (202, 'CHernogoriya');
insert into country(id, name) values (203, 'CHehiya');
insert into country(id, name) values (204, 'CHili');
insert into country(id, name) values (205, 'SHveicariya');
insert into country(id, name) values (206, 'SHveciya');
insert into country(id, name) values (207, 'SHri-Lanka');
insert into country(id, name) values (208, 'Ekvador');
insert into country(id, name) values (209, 'Ekvatorialnaya Gvineya');
insert into country(id, name) values (210, 'Eritreya');
insert into country(id, name) values (211, 'Estoniya');
insert into country(id, name) values (212, 'Efiopiya');
insert into country(id, name) values (213, 'YUAR');
insert into country(id, name) values (214, 'YUjnaya Koreya');
insert into country(id, name) values (215, 'YUjnaya Osetiya');
insert into country(id, name) values (216, 'YAmaika');
insert into country(id, name) values (217, 'YAponiya');
insert into region(id, country_id, name) values (0, 0, 'Moskva i Moskovskaya obl.');
insert into region(id, country_id, name) values (1, 0, 'Sankt-Peterburg i oblast');
insert into region(id, country_id, name) values (2, 0, 'Adygeya');
insert into region(id, country_id, name) values (3, 0, 'Altaiskii krai');
insert into region(id, country_id, name) values (4, 0, 'Amurskaya obl.');
insert into region(id, country_id, name) values (5, 0, 'Arhangelskaya obl.');
insert into region(id, country_id, name) values (6, 0, 'Astrahanskaya obl.');
insert into region(id, country_id, name) values (7, 0, 'Bashkortostan(Bashkiriya)');
insert into region(id, country_id, name) values (8, 0, 'Belgorodskaya obl.');
insert into region(id, country_id, name) values (9, 0, 'Bryanskaya obl.');
insert into region(id, country_id, name) values (10, 0, 'Buryatiya');
insert into region(id, country_id, name) values (11, 0, 'Vladimirskaya obl.');
insert into region(id, country_id, name) values (12, 0, 'Volgogradskaya obl.');
insert into region(id, country_id, name) values (13, 0, 'Vologodskaya obl.');
insert into region(id, country_id, name) values (14, 0, 'Voronejskaya obl.');
insert into region(id, country_id, name) values (15, 0, 'Dagestan');
insert into region(id, country_id, name) values (16, 0, 'Evreiskaya obl.');
insert into region(id, country_id, name) values (17, 0, 'Ivanovskaya obl.');
insert into region(id, country_id, name) values (18, 0, 'Irkutskaya obl.');
insert into region(id, country_id, name) values (19, 0, 'Kabardino-Balkariya');
insert into region(id, country_id, name) values (20, 0, 'Kaliningradskaya obl.');
insert into region(id, country_id, name) values (21, 0, 'Kalmykiya');
insert into region(id, country_id, name) values (22, 0, 'Kalujskaya obl.');
insert into region(id, country_id, name) values (23, 0, 'Kamchatskaya obl.');
insert into region(id, country_id, name) values (24, 0, 'Kareliya');
insert into region(id, country_id, name) values (25, 0, 'Kemerovskaya obl.');
insert into region(id, country_id, name) values (26, 0, 'Kirovskaya obl.');
insert into region(id, country_id, name) values (27, 0, 'Komi');
insert into region(id, country_id, name) values (28, 0, 'Kostromskaya obl.');
insert into region(id, country_id, name) values (29, 0, 'Krasnodarskii krai');
insert into region(id, country_id, name) values (30, 0, 'Krasnoyarskii krai');
insert into region(id, country_id, name) values (31, 0, 'Kurganskaya obl.');
insert into region(id, country_id, name) values (32, 0, 'Kurskaya obl.');
insert into region(id, country_id, name) values (33, 0, 'Lipeckaya obl.');
insert into region(id, country_id, name) values (34, 0, 'Magadanskaya obl.');
insert into region(id, country_id, name) values (35, 0, 'Marii El');
insert into region(id, country_id, name) values (36, 0, 'Mordoviya');
insert into region(id, country_id, name) values (37, 0, 'Murmanskaya obl.');
insert into region(id, country_id, name) values (38, 0, 'Nijegorodskaya (Gorkovskaya)');
insert into region(id, country_id, name) values (39, 0, 'Novgorodskaya obl.');
insert into region(id, country_id, name) values (40, 0, 'Novosibirskaya obl.');
insert into region(id, country_id, name) values (41, 0, 'Omskaya obl.');
insert into region(id, country_id, name) values (42, 0, 'Orenburgskaya obl.');
insert into region(id, country_id, name) values (43, 0, 'Orlovskaya obl.');
insert into region(id, country_id, name) values (44, 0, 'Penzenskaya obl.');
insert into region(id, country_id, name) values (45, 0, 'Permskii krai');
insert into region(id, country_id, name) values (46, 0, 'Primorskii krai');
insert into region(id, country_id, name) values (47, 0, 'Pskovskaya obl.');
insert into region(id, country_id, name) values (48, 0, 'Rostovskaya obl.');
insert into region(id, country_id, name) values (49, 0, 'Ryazanskaya obl.');
insert into region(id, country_id, name) values (50, 0, 'Samarskaya obl.');
insert into region(id, country_id, name) values (51, 0, 'Saratovskaya obl.');
insert into region(id, country_id, name) values (52, 0, 'Saha (YAkutiya)');
insert into region(id, country_id, name) values (53, 0, 'Sahalin');
insert into region(id, country_id, name) values (54, 0, 'Sverdlovskaya obl.');
insert into region(id, country_id, name) values (55, 0, 'Severnaya Osetiya');
insert into region(id, country_id, name) values (56, 0, 'Smolenskaya obl.');
insert into region(id, country_id, name) values (57, 0, 'Stavropolskii krai');
insert into region(id, country_id, name) values (58, 0, 'Tambovskaya obl.');
insert into region(id, country_id, name) values (59, 0, 'Tatarstan');
insert into region(id, country_id, name) values (60, 0, 'Tverskaya obl.');
insert into region(id, country_id, name) values (61, 0, 'Tomskaya obl.');
insert into region(id, country_id, name) values (62, 0, 'Tuva (Tuvinskaya Resp.)');
insert into region(id, country_id, name) values (63, 0, 'Tulskaya obl.');
insert into region(id, country_id, name) values (64, 0, 'Tyumenskaya obl. i Hanty-Mansiiskii AO');
insert into region(id, country_id, name) values (65, 0, 'Udmurtiya');
insert into region(id, country_id, name) values (66, 0, 'Ulyanovskaya obl.');
insert into region(id, country_id, name) values (67, 0, 'Uralskaya obl.');
insert into region(id, country_id, name) values (68, 0, 'Habarovskii krai');
insert into region(id, country_id, name) values (69, 0, 'Hakasiya');
insert into region(id, country_id, name) values (70, 0, 'CHelyabinskaya obl.');
insert into region(id, country_id, name) values (71, 0, 'CHecheno-Ingushetiya');
insert into region(id, country_id, name) values (72, 0, 'CHitinskaya obl.');
insert into region(id, country_id, name) values (73, 0, 'CHuvashiya');
insert into region(id, country_id, name) values (74, 0, 'CHukotskii AO');
insert into region(id, country_id, name) values (75, 0, 'YAmalo-Neneckii AO');
insert into region(id, country_id, name) values (76, 0, 'YAroslavskaya obl.');
insert into region(id, country_id, name) values (77, 0, 'Karachaevo-CHerkesskaya Respublika');
insert into city(region_id, name) values (0, 'Moskva');
insert into city(region_id, name) values (0, 'Abramcevo');
insert into city(region_id, name) values (0, 'Alabino');
insert into city(region_id, name) values (0, 'Aprelevka');
insert into city(region_id, name) values (0, 'Arhangelskoe');
insert into city(region_id, name) values (0, 'Ashitkovo');
insert into city(region_id, name) values (0, 'Baikonur');
insert into city(region_id, name) values (0, 'Baksheevo');
insert into city(region_id, name) values (0, 'Balashiha');
insert into city(region_id, name) values (0, 'Barybino');
insert into city(region_id, name) values (0, 'Belozyorskii');
insert into city(region_id, name) values (0, 'Beloomut');
insert into city(region_id, name) values (0, 'Belye Stolby');
insert into city(region_id, name) values (0, 'Borodino (Moskovskaya obl.)');
insert into city(region_id, name) values (0, 'Bronnicy');
insert into city(region_id, name) values (0, 'Bykovo (Moskovskaya obl.)');
insert into city(region_id, name) values (0, 'Valuevo');
insert into city(region_id, name) values (0, 'Verbilki');
insert into city(region_id, name) values (0, 'Vereya');
insert into city(region_id, name) values (0, 'Vidnoe');
insert into city(region_id, name) values (0, 'Vnukovo');
insert into city(region_id, name) values (0, 'Vojd Proletariata');
insert into city(region_id, name) values (0, 'Volokolamsk');
insert into city(region_id, name) values (0, 'Voronovo');
insert into city(region_id, name) values (0, 'Voskresensk');
insert into city(region_id, name) values (0, 'Vostochnyi');
insert into city(region_id, name) values (0, 'Vostryakovo');
insert into city(region_id, name) values (0, 'Vysokovsk');
insert into city(region_id, name) values (0, 'Golicyno (Moskovskaya obl.)');
insert into city(region_id, name) values (0, 'Dedenevo');
insert into city(region_id, name) values (0, 'Dedovsk');
insert into city(region_id, name) values (0, 'Dzerjinskii');
insert into city(region_id, name) values (0, 'Dmitrov');
insert into city(region_id, name) values (0, 'Dolgoprudnyi');
insert into city(region_id, name) values (0, 'Domodedovo');
insert into city(region_id, name) values (0, 'Dorohovo');
insert into city(region_id, name) values (0, 'Drezna');
insert into city(region_id, name) values (0, 'Dubki');
insert into city(region_id, name) values (0, 'Dubna');
insert into city(region_id, name) values (0, 'Egorevsk');
insert into city(region_id, name) values (0, 'Jeleznodorojnyi (Moskovsk.)');
insert into city(region_id, name) values (0, 'Jilevo');
insert into city(region_id, name) values (0, 'Jukovka');
insert into city(region_id, name) values (0, 'Jukovskii');
insert into city(region_id, name) values (0, 'Zagorsk');
insert into city(region_id, name) values (0, 'Zagoryanskii');
insert into city(region_id, name) values (0, 'Zaprudnaya');
insert into city(region_id, name) values (0, 'Zaraisk');
insert into city(region_id, name) values (0, 'Zvenigorod');
insert into city(region_id, name) values (0, 'Zelenograd');
insert into city(region_id, name) values (0, 'Ivanteevka (Moskovskaya obl.)');
insert into city(region_id, name) values (0, 'Iksha');
insert into city(region_id, name) values (0, 'Ilinskii (Moskovskaya obl.)');
insert into city(region_id, name) values (0, 'Istra');
insert into city(region_id, name) values (0, 'Kalininec');
insert into city(region_id, name) values (0, 'Kashira');
insert into city(region_id, name) values (0, 'Kerva');
insert into city(region_id, name) values (0, 'Klimovsk');
insert into city(region_id, name) values (0, 'Klin');
insert into city(region_id, name) values (0, 'Klyazma');
insert into city(region_id, name) values (0, 'Kojino');
insert into city(region_id, name) values (0, 'Kokoshkino');
insert into city(region_id, name) values (0, 'Kolomna');
insert into city(region_id, name) values (0, 'Kolyubakino');
insert into city(region_id, name) values (0, 'Korolev');
insert into city(region_id, name) values (0, 'Kosino');
insert into city(region_id, name) values (0, 'Kotelniki');
insert into city(region_id, name) values (0, 'Kraskovo');
insert into city(region_id, name) values (0, 'Krasnoarmeisk (Moskovskaya obl.)');
insert into city(region_id, name) values (0, 'Krasnogorsk');
insert into city(region_id, name) values (0, 'Krasnozavodsk');
insert into city(region_id, name) values (0, 'Krasnoznamensk (Moskovskaya obl.)');
insert into city(region_id, name) values (0, 'Krasnyi Tkach');
insert into city(region_id, name) values (0, 'Kryukovo');
insert into city(region_id, name) values (0, 'Kubinka');
insert into city(region_id, name) values (0, 'Kupavna');
insert into city(region_id, name) values (0, 'Kurovskoe');
insert into city(region_id, name) values (0, 'Lesnoi Gorodok');
insert into city(region_id, name) values (0, 'Likino-Dulevo');
insert into city(region_id, name) values (0, 'Lobnya');
insert into city(region_id, name) values (0, 'Lopatinskii');
insert into city(region_id, name) values (0, 'Losino-Petrovskii');
insert into city(region_id, name) values (0, 'Lotoshino');
insert into city(region_id, name) values (0, 'Lukino');
insert into city(region_id, name) values (0, 'Luhovicy');
insert into city(region_id, name) values (0, 'Lytkarino');
insert into city(region_id, name) values (0, 'Lvovskii');
insert into city(region_id, name) values (0, 'Lyubercy');
insert into city(region_id, name) values (0, 'Malahovka');
insert into city(region_id, name) values (0, 'Mihailovskoe');
insert into city(region_id, name) values (0, 'Mihnevo');
insert into city(region_id, name) values (0, 'Mojaisk');
insert into city(region_id, name) values (0, 'Monino');
insert into city(region_id, name) values (0, 'Moskovskii');
insert into city(region_id, name) values (0, 'Muhanovo');
insert into city(region_id, name) values (0, 'Mytischi');
insert into city(region_id, name) values (0, 'Narofominsk');
insert into city(region_id, name) values (0, 'Nahabino');
insert into city(region_id, name) values (0, 'Nekrasovka');
insert into city(region_id, name) values (0, 'Nemchinovka');
insert into city(region_id, name) values (0, 'Novobratcevskii');
insert into city(region_id, name) values (0, 'Novopodrezkovo');
insert into city(region_id, name) values (0, 'Noginsk');
insert into city(region_id, name) values (0, 'Obuhovo');
insert into city(region_id, name) values (0, 'Odincovo');
insert into city(region_id, name) values (0, 'Ojerele');
insert into city(region_id, name) values (0, 'Ozery');
insert into city(region_id, name) values (0, 'Oktyabrskii (Moskovskaya obl.)');
insert into city(region_id, name) values (0, 'Opaliha');
insert into city(region_id, name) values (0, 'Orehovo-Zuevo');
insert into city(region_id, name) values (0, 'Pavlovskii Posad');
insert into city(region_id, name) values (0, 'Pervomaiskii (Moskovskaya obl.)');
insert into city(region_id, name) values (0, 'Peski (Moskovskaya obl.)');
insert into city(region_id, name) values (0, 'Pirogovskii');
insert into city(region_id, name) values (0, 'Podolsk');
insert into city(region_id, name) values (0, 'Polushkino');
insert into city(region_id, name) values (0, 'Pravdinskii');
insert into city(region_id, name) values (0, 'Privokzalnyi');
insert into city(region_id, name) values (0, 'Proletarskii');
insert into city(region_id, name) values (0, 'Protvino (Moskovskaya obl.)');
insert into city(region_id, name) values (0, 'Pushkino');
insert into city(region_id, name) values (0, 'Puschino');
insert into city(region_id, name) values (0, 'Ramenskoe');
insert into city(region_id, name) values (0, 'Reutov');
insert into city(region_id, name) values (0, 'Reshetnikovo');
insert into city(region_id, name) values (0, 'Rodniki (Moskovskaya obl.)');
insert into city(region_id, name) values (0, 'Roshal');
insert into city(region_id, name) values (0, 'Rublevo');
insert into city(region_id, name) values (0, 'Ruza');
insert into city(region_id, name) values (0, 'Saltykovka');
insert into city(region_id, name) values (0, 'Severnyi');
insert into city(region_id, name) values (0, 'Sergiev Posad');
insert into city(region_id, name) values (0, 'Serebryanye Prudy');
insert into city(region_id, name) values (0, 'Serpuhov');
insert into city(region_id, name) values (0, 'Solnechnogorsk');
insert into city(region_id, name) values (0, 'Solncevo');
insert into city(region_id, name) values (0, 'Sofrino');
insert into city(region_id, name) values (0, 'Staraya Kupavna');
insert into city(region_id, name) values (0, 'Starbeevo');
insert into city(region_id, name) values (0, 'Stupino');
insert into city(region_id, name) values (0, 'Shodnya');
insert into city(region_id, name) values (0, 'Taldom');
insert into city(region_id, name) values (0, 'Tekstilschik');
insert into city(region_id, name) values (0, 'Tempy');
insert into city(region_id, name) values (0, 'Tomilino');
insert into city(region_id, name) values (0, 'Troick');
insert into city(region_id, name) values (0, 'Tugolesskii Bor');
insert into city(region_id, name) values (0, 'Tuchkovo');
insert into city(region_id, name) values (0, 'Uvarovka');
insert into city(region_id, name) values (0, 'Udelnaya');
insert into city(region_id, name) values (0, 'Uspenskoe');
insert into city(region_id, name) values (0, 'Firsanovka');
insert into city(region_id, name) values (0, 'Fryazino');
insert into city(region_id, name) values (0, 'Fryanovo');
insert into city(region_id, name) values (0, 'Himki');
insert into city(region_id, name) values (0, 'Hotkovo');
insert into city(region_id, name) values (0, 'CHerkizovo');
insert into city(region_id, name) values (0, 'CHernogolovka');
insert into city(region_id, name) values (0, 'CHerusti');
insert into city(region_id, name) values (0, 'CHehov');
insert into city(region_id, name) values (0, 'SHarapovo');
insert into city(region_id, name) values (0, 'SHatura');
insert into city(region_id, name) values (0, 'SHaturtorf');
insert into city(region_id, name) values (0, 'SHahovskaya');
insert into city(region_id, name) values (0, 'SHeremetevskii');
insert into city(region_id, name) values (0, 'SCHelkovo');
insert into city(region_id, name) values (0, 'SCHerbinka');
insert into city(region_id, name) values (0, 'Elektrogorsk');
insert into city(region_id, name) values (0, 'Elektrostal');
insert into city(region_id, name) values (0, 'Elektrougli');
insert into city(region_id, name) values (0, 'YUbileinyi (Moskovskaya obl.)');
insert into city(region_id, name) values (0, 'YAhroma');
insert into region(id, country_id, name) values (78, 1, 'Vinnickaya obl.');
insert into region(id, country_id, name) values (79, 1, 'Volynskaya obl.');
insert into region(id, country_id, name) values (80, 1, 'Dnepropetrovskaya obl.');
insert into region(id, country_id, name) values (81, 1, 'Doneckaya obl.');
insert into region(id, country_id, name) values (82, 1, 'Jitomirskaya obl.');
insert into region(id, country_id, name) values (83, 1, 'Zakarpatskaya obl.');
insert into region(id, country_id, name) values (84, 1, 'Zaporojskaya obl.');
insert into region(id, country_id, name) values (85, 1, 'Ivano-Frankovskaya obl.');
insert into region(id, country_id, name) values (86, 1, 'Kievskaya obl.');
insert into region(id, country_id, name) values (87, 1, 'Kirovogradskaya obl.');
insert into region(id, country_id, name) values (88, 0, 'Krym AR.');
insert into region(id, country_id, name) values (89, 1, 'Luganskaya obl.');
insert into region(id, country_id, name) values (90, 1, 'Lvovskaya obl.');
insert into region(id, country_id, name) values (91, 1, 'Nikolaevskaya obl.');
insert into region(id, country_id, name) values (92, 1, 'Odesskaya obl.');
insert into region(id, country_id, name) values (93, 1, 'Poltavskaya obl.');
insert into region(id, country_id, name) values (94, 1, 'Rovenskaya obl.');
insert into region(id, country_id, name) values (95, 1, 'Sumskaya obl.');
insert into region(id, country_id, name) values (96, 1, 'Ternopolskaya obl.');
insert into region(id, country_id, name) values (97, 1, 'Ukraina');
insert into region(id, country_id, name) values (98, 1, 'Harkovskaya obl.');
insert into region(id, country_id, name) values (99, 1, 'Hersonskaya obl.');
insert into region(id, country_id, name) values (100, 1, 'Hmelnickaya obl.');
insert into region(id, country_id, name) values (101, 1, 'CHerkasskaya obl.');
insert into region(id, country_id, name) values (102, 1, 'CHernigovskaya obl.');
insert into region(id, country_id, name) values (103, 1, 'CHernovickaya obl.');
insert into city(region_id, name) values (1, 'Sankt-Peterburg');
insert into city(region_id, name) values (1, 'Aleksandrovskaya');
insert into city(region_id, name) values (1, 'Boksitogorsk');
insert into city(region_id, name) values (1, 'Bolshaya Ijora');
insert into city(region_id, name) values (1, 'Budogosch');
insert into city(region_id, name) values (1, 'Voznesene');
insert into city(region_id, name) values (1, 'Volosovo');
insert into city(region_id, name) values (1, 'Volhov');
insert into city(region_id, name) values (1, 'Vsevolojsk');
insert into city(region_id, name) values (1, 'Vyborg');
insert into city(region_id, name) values (1, 'Vyrica');
insert into city(region_id, name) values (1, 'Vysock');
insert into city(region_id, name) values (1, 'Gatchina');
insert into city(region_id, name) values (1, 'Drujnaya Gorka');
insert into city(region_id, name) values (1, 'Dubrovka');
insert into city(region_id, name) values (1, 'Efimovskii');
insert into city(region_id, name) values (1, 'Zelenogorsk (Leningradskaya obl.)');
insert into city(region_id, name) values (1, 'Ivangorod');
insert into city(region_id, name) values (1, 'Kamennogorsk');
insert into city(region_id, name) values (1, 'Kikerino');
insert into city(region_id, name) values (1, 'Kingisepp');
insert into city(region_id, name) values (1, 'Kirishi');
insert into city(region_id, name) values (1, 'Kirovsk');
insert into city(region_id, name) values (1, 'Kobrinskoe');
insert into city(region_id, name) values (1, 'Kolpino');
insert into city(region_id, name) values (1, 'Kommunar');
insert into city(region_id, name) values (1, 'Kommunar');
insert into city(region_id, name) values (1, 'Kronshtadt');
insert into city(region_id, name) values (1, 'Lisii Nos');
insert into city(region_id, name) values (1, 'Lodeinoe Pole');
insert into city(region_id, name) values (1, 'Lomonosov');
insert into city(region_id, name) values (1, 'Luga');
insert into city(region_id, name) values (1, 'Pavlovsk (Leningradskaya obl.)');
insert into city(region_id, name) values (1, 'Pargolovo');
insert into city(region_id, name) values (1, 'Petrodvorec');
insert into city(region_id, name) values (1, 'Pikalyovo');
insert into city(region_id, name) values (1, 'Podporoje');
insert into city(region_id, name) values (1, 'Priozersk');
insert into city(region_id, name) values (1, 'Pushkin');
insert into city(region_id, name) values (1, 'Svetogorsk');
insert into city(region_id, name) values (1, 'Sertolovo');
insert into city(region_id, name) values (1, 'Sestroreck');
insert into city(region_id, name) values (1, 'Slancy');
insert into city(region_id, name) values (1, 'Sosnovyi Bor');
insert into city(region_id, name) values (1, 'Tihvin');
insert into city(region_id, name) values (1, 'Tosno');
insert into city(region_id, name) values (1, 'SHlisselburg');
insert into city(region_id, name) values (78, 'Bar');
insert into city(region_id, name) values (78, 'Bershad');
insert into city(region_id, name) values (78, 'Brailov');
insert into city(region_id, name) values (78, 'Braclav');
insert into city(region_id, name) values (78, 'Vapnyarka');
insert into city(region_id, name) values (78, 'Vendichany');
insert into city(region_id, name) values (78, 'Vinnica');
insert into city(region_id, name) values (78, 'Voronovica');
insert into city(region_id, name) values (78, 'Gaisin');
insert into city(region_id, name) values (78, 'Gnivan');
insert into city(region_id, name) values (78, 'Dashev');
insert into city(region_id, name) values (78, 'Jmerinka');
insert into city(region_id, name) values (78, 'Ilincy');
insert into city(region_id, name) values (78, 'Kazatin');
insert into city(region_id, name) values (78, 'Kalinovka');
insert into city(region_id, name) values (78, 'Kryjopol');
insert into city(region_id, name) values (78, 'Ladyjin');
insert into city(region_id, name) values (78, 'Lipovec');
insert into city(region_id, name) values (78, 'Litin');
insert into city(region_id, name) values (78, 'Mogilev-Podolskii');
insert into city(region_id, name) values (78, 'Murovannye Kurilovcy');
insert into city(region_id, name) values (78, 'Nemirov');
insert into city(region_id, name) values (78, 'Oratov');
insert into city(region_id, name) values (78, 'Peschanka');
insert into city(region_id, name) values (78, 'Pogrebische');
insert into city(region_id, name) values (78, 'Teplik');
insert into city(region_id, name) values (78, 'Tomashpol');
insert into city(region_id, name) values (78, 'Trostyanec');
insert into city(region_id, name) values (78, 'Tulchin');
insert into city(region_id, name) values (78, 'Tyvrov');
insert into city(region_id, name) values (78, 'Hmelnik');
insert into city(region_id, name) values (78, 'CHechelnik');
insert into city(region_id, name) values (78, 'SHargorod');
insert into city(region_id, name) values (78, 'YAmpol');
insert into region(id, country_id, name) values (104, 2, 'Abhaziya');
insert into city(region_id, name) values (2, 'Adygeisk');
insert into city(region_id, name) values (2, 'Maikop (Adygeya)');
insert into city(region_id, name) values (79, 'Berestechko');
insert into city(region_id, name) values (79, 'Vladimir-Volynskii');
insert into city(region_id, name) values (79, 'Goloby');
insert into city(region_id, name) values (79, 'Golovno');
insert into city(region_id, name) values (79, 'Gorohov');
insert into city(region_id, name) values (79, 'Zabolote');
insert into city(region_id, name) values (79, 'Ivanichi');
insert into city(region_id, name) values (79, 'Kamen-Kashirskii');
insert into city(region_id, name) values (79, 'Kivercy');
insert into city(region_id, name) values (79, 'Kovel');
insert into city(region_id, name) values (79, 'Lokachi');
insert into city(region_id, name) values (79, 'Luck');
insert into city(region_id, name) values (79, 'Lyubeshov');
insert into city(region_id, name) values (79, 'Lyuboml');
insert into city(region_id, name) values (79, 'Manevichi');
insert into city(region_id, name) values (79, 'Novovolynsk');
insert into city(region_id, name) values (79, 'Ratno');
insert into city(region_id, name) values (79, 'Rojische');
insert into city(region_id, name) values (79, 'Staraya Vyjevka');
insert into city(region_id, name) values (79, 'Turiisk');
insert into city(region_id, name) values (104, 'Avadhara');
insert into city(region_id, name) values (104, 'Gagra');
insert into city(region_id, name) values (104, 'Gali');
insert into city(region_id, name) values (104, 'Gudauta');
insert into city(region_id, name) values (104, 'Gulripsh');
insert into city(region_id, name) values (104, 'Novyi Afon');
insert into city(region_id, name) values (104, 'Ochamchir');
insert into city(region_id, name) values (104, 'Picunda');
insert into city(region_id, name) values (104, 'Suhumi');
insert into city(region_id, name) values (104, 'Tkvarcheli');
insert into region(id, country_id, name) values (105, 3, 'Australian Capital Territory');
insert into region(id, country_id, name) values (106, 3, 'New South Wales');
insert into region(id, country_id, name) values (107, 3, 'None');
insert into region(id, country_id, name) values (108, 3, 'Northern Territory');
insert into region(id, country_id, name) values (109, 3, 'Queensland');
insert into region(id, country_id, name) values (110, 3, 'South Australia');
insert into region(id, country_id, name) values (111, 3, 'Tasmania');
insert into region(id, country_id, name) values (112, 3, 'Victoria');
insert into region(id, country_id, name) values (113, 3, 'Western Australia');
insert into city(region_id, name) values (3, 'Aktash');
insert into city(region_id, name) values (3, 'Akutiha');
insert into city(region_id, name) values (3, 'Aleisk');
insert into city(region_id, name) values (3, 'Altaiskii');
insert into city(region_id, name) values (3, 'Baevo');
insert into city(region_id, name) values (3, 'Barnaul');
insert into city(region_id, name) values (3, 'Belovo (Altaiskii krai)');
insert into city(region_id, name) values (3, 'Belokuriha');
insert into city(region_id, name) values (3, 'Beloyarsk');
insert into city(region_id, name) values (3, 'Biisk');
insert into city(region_id, name) values (3, 'Blagoveschensk');
insert into city(region_id, name) values (3, 'Borovlyanka');
insert into city(region_id, name) values (3, 'Burla');
insert into city(region_id, name) values (3, 'Bursol');
insert into city(region_id, name) values (3, 'Bystryi Istok');
insert into city(region_id, name) values (3, 'Volchiha');
insert into city(region_id, name) values (3, 'Gorno-Altaisk');
insert into city(region_id, name) values (3, 'Gornyak');
insert into city(region_id, name) values (3, 'Elcovka');
insert into city(region_id, name) values (3, 'Zalesovo');
insert into city(region_id, name) values (3, 'Zarinsk');
insert into city(region_id, name) values (3, 'Zatok');
insert into city(region_id, name) values (3, 'Zmeinogorsk');
insert into city(region_id, name) values (3, 'Kamen-na-Obi');
insert into city(region_id, name) values (3, 'Klyuchi (Altaiskii krai)');
insert into city(region_id, name) values (3, 'Kosh-Agach');
insert into city(region_id, name) values (3, 'Krasnogorskoe (Altaiskii krai)');
insert into city(region_id, name) values (3, 'Krasnoschekovo');
insert into city(region_id, name) values (3, 'Kulunda');
insert into city(region_id, name) values (3, 'Kytmanovo');
insert into city(region_id, name) values (3, 'Mamontovo');
insert into city(region_id, name) values (3, 'Novichiha');
insert into city(region_id, name) values (3, 'Novoaltaisk');
insert into city(region_id, name) values (3, 'Ongudai');
insert into city(region_id, name) values (3, 'Pavlovsk (Altaiskii krai)');
insert into city(region_id, name) values (3, 'Petropavlovskoe');
insert into city(region_id, name) values (3, 'Pospeliha');
insert into city(region_id, name) values (3, 'Rebriha');
insert into city(region_id, name) values (3, 'Rodino');
insert into city(region_id, name) values (3, 'Rubcovsk');
insert into city(region_id, name) values (3, 'Slavgorod');
insert into city(region_id, name) values (3, 'Smolenskoe');
insert into city(region_id, name) values (3, 'Soloneshnoe');
insert into city(region_id, name) values (3, 'Solton');
insert into city(region_id, name) values (3, 'Staroalleiskoe');
insert into city(region_id, name) values (3, 'Tabuny');
insert into city(region_id, name) values (3, 'Talmenka');
insert into city(region_id, name) values (3, 'Togul');
insert into city(region_id, name) values (3, 'Topchiha');
insert into city(region_id, name) values (3, 'Troickoe (Altaiskii krai)');
insert into city(region_id, name) values (3, 'Turochak');
insert into city(region_id, name) values (3, 'Tyumencevo');
insert into city(region_id, name) values (3, 'Uglovskoe');
insert into city(region_id, name) values (3, 'Ust-Kalmanka');
insert into city(region_id, name) values (3, 'Ust-Kan');
insert into city(region_id, name) values (3, 'Ust-Koksa');
insert into city(region_id, name) values (3, 'Ust-Ulagan');
insert into city(region_id, name) values (3, 'Ust-CHaryshskaya Pristan');
insert into city(region_id, name) values (3, 'Habary');
insert into city(region_id, name) values (3, 'Celinnoe');
insert into city(region_id, name) values (3, 'CHaryshskoe');
insert into city(region_id, name) values (3, 'SHebalino');
insert into city(region_id, name) values (3, 'SHelaboliha');
insert into city(region_id, name) values (3, 'SHipunovo');
insert into city(region_id, name) values (80, 'Apostolovo');
insert into city(region_id, name) values (80, 'Auly');
insert into city(region_id, name) values (80, 'Braginovka');
insert into city(region_id, name) values (80, 'Vasilkovka');
insert into city(region_id, name) values (80, 'Verhnedneprovsk');
insert into city(region_id, name) values (80, 'Verhovcevo');
insert into city(region_id, name) values (80, 'Volnogorsk');
insert into city(region_id, name) values (80, 'Gvardeiskoe');
insert into city(region_id, name) values (80, 'Gornyackoe');
insert into city(region_id, name) values (80, 'Gubiniha');
insert into city(region_id, name) values (80, 'Demurino');
insert into city(region_id, name) values (80, 'Dneprodzerjinsk');
insert into city(region_id, name) values (80, 'Dnepropetrovsk');
insert into city(region_id, name) values (80, 'Jeltye Vody');
insert into city(region_id, name) values (80, 'Zaliznichnoe');
insert into city(region_id, name) values (80, 'Zelenodolsk');
insert into city(region_id, name) values (80, 'Zelenoe');
insert into city(region_id, name) values (80, 'Illarionovo');
insert into city(region_id, name) values (80, 'Ingulec');
insert into city(region_id, name) values (80, 'Kalinino');
insert into city(region_id, name) values (80, 'Karnauhovka');
insert into city(region_id, name) values (80, 'Krivoi Rog');
insert into city(region_id, name) values (80, 'Krinichki');
insert into city(region_id, name) values (80, 'Magdalinovka');
insert into city(region_id, name) values (80, 'Marganec');
insert into city(region_id, name) values (80, 'Mejevaya');
insert into city(region_id, name) values (80, 'Nikopol');
insert into city(region_id, name) values (80, 'Novomoskovsk');
insert into city(region_id, name) values (80, 'Ordjonikidze');
insert into city(region_id, name) values (80, 'Pavlograd');
insert into city(region_id, name) values (80, 'Pershotravensk');
insert into city(region_id, name) values (80, 'Petropavlovka');
insert into city(region_id, name) values (80, 'Pokrovskoe');
insert into city(region_id, name) values (80, 'Pyatihatki');
insert into city(region_id, name) values (80, 'Sinelnikovo');
insert into city(region_id, name) values (80, 'Sofievka');
insert into city(region_id, name) values (80, 'Tomakovka');
insert into city(region_id, name) values (80, 'Carichanka');
insert into city(region_id, name) values (80, 'SHirokoe');
insert into city(region_id, name) values (105, 'Belconnen');
insert into city(region_id, name) values (105, 'Canberra');
insert into city(region_id, name) values (105, 'Duntroon');
insert into city(region_id, name) values (105, 'Fyshwick');
insert into city(region_id, name) values (105, 'Gibraltar');
insert into city(region_id, name) values (105, 'Gudgenby');
insert into city(region_id, name) values (105, 'Hall');
insert into city(region_id, name) values (105, 'Harman');
insert into city(region_id, name) values (105, 'Jervis Bay');
insert into city(region_id, name) values (105, 'Majura');
insert into city(region_id, name) values (105, 'Molonglo');
insert into city(region_id, name) values (105, 'Weston Creek');
insert into region(id, country_id, name) values (114, 4, 'Burgenland');
insert into region(id, country_id, name) values (115, 4, 'Krnten');
insert into region(id, country_id, name) values (116, 4, 'Niedersterreich');
insert into region(id, country_id, name) values (117, 4, 'Obersterreich');
insert into region(id, country_id, name) values (118, 4, 'Salzburg');
insert into region(id, country_id, name) values (119, 4, 'Steiermark');
insert into region(id, country_id, name) values (120, 4, 'Tirol');
insert into region(id, country_id, name) values (121, 4, 'Vorarlberg');
insert into region(id, country_id, name) values (122, 4, 'Wien');
insert into city(region_id, name) values (4, 'Aigun');
insert into city(region_id, name) values (4, 'Arhara');
insert into city(region_id, name) values (4, 'Belogorsk');
insert into city(region_id, name) values (4, 'Blagoveschensk (Amurskaya obl.)');
insert into city(region_id, name) values (4, 'Bureya');
insert into city(region_id, name) values (4, 'Vozjaevka');
insert into city(region_id, name) values (4, 'Ekaterinoslavka');
insert into city(region_id, name) values (4, 'Erofei Pavlovich');
insert into city(region_id, name) values (4, 'Zavitinsk');
insert into city(region_id, name) values (4, 'Zeya');
insert into city(region_id, name) values (4, 'Zlatoustovsk');
insert into city(region_id, name) values (4, 'Ivanovka');
insert into city(region_id, name) values (4, 'Koboldo');
insert into city(region_id, name) values (4, 'Magdagachi');
insert into city(region_id, name) values (4, 'Novobureiskii');
insert into city(region_id, name) values (4, 'Poyarkovo');
insert into city(region_id, name) values (4, 'Raichihinsk');
insert into city(region_id, name) values (4, 'Romny');
insert into city(region_id, name) values (4, 'Svobodnyi');
insert into city(region_id, name) values (4, 'Seryshevo');
insert into city(region_id, name) values (4, 'Skovorodino');
insert into city(region_id, name) values (4, 'Stoiba');
insert into city(region_id, name) values (4, 'Tambovka');
insert into city(region_id, name) values (4, 'Tynda');
insert into city(region_id, name) values (4, 'Fevralsk');
insert into city(region_id, name) values (4, 'SHimanovsk');
insert into city(region_id, name) values (4, 'Ekimchan');
insert into city(region_id, name) values (4, 'YAdrino');
insert into city(region_id, name) values (81, 'Avdeevka');
insert into city(region_id, name) values (81, 'Aleksandrovka');
insert into city(region_id, name) values (81, 'Alekseevo-Drujkovka');
insert into city(region_id, name) values (81, 'Amvrosievka');
insert into city(region_id, name) values (81, 'Andreevka');
insert into city(region_id, name) values (81, 'Artemovo');
insert into city(region_id, name) values (81, 'Artemovsk');
insert into city(region_id, name) values (81, 'Bezymennoe');
insert into city(region_id, name) values (81, 'Belenkoe');
insert into city(region_id, name) values (81, 'Belickoe');
insert into city(region_id, name) values (81, 'Blagodatnoe');
insert into city(region_id, name) values (81, 'Bylbasovka');
insert into city(region_id, name) values (81, 'Velikaya Novoselka');
insert into city(region_id, name) values (81, 'Voikovskii');
insert into city(region_id, name) values (81, 'Volnovaha');
insert into city(region_id, name) values (81, 'Volodarskoe');
insert into city(region_id, name) values (81, 'Golmovskii');
insert into city(region_id, name) values (81, 'Gorbachevo-Mihailovka');
insert into city(region_id, name) values (81, 'Gorlovka');
insert into city(region_id, name) values (81, 'Grodovka');
insert into city(region_id, name) values (81, 'Gruzsko-Zoryanskoe');
insert into city(region_id, name) values (81, 'Debalcevo');
insert into city(region_id, name) values (81, 'Dzerjinsk');
insert into city(region_id, name) values (81, 'Dimitrov');
insert into city(region_id, name) values (81, 'Dobropole');
insert into city(region_id, name) values (81, 'Dokuchaevsk');
insert into city(region_id, name) values (81, 'Doneck');
insert into city(region_id, name) values (81, 'Doneckaya');
insert into city(region_id, name) values (81, 'Donskoe');
insert into city(region_id, name) values (81, 'Drobyshevo');
insert into city(region_id, name) values (81, 'Drujkovka');
insert into city(region_id, name) values (81, 'Enakievo');
insert into city(region_id, name) values (81, 'Jdanov');
insert into city(region_id, name) values (81, 'Jdanovka');
insert into city(region_id, name) values (81, 'Jelannoe');
insert into city(region_id, name) values (81, 'Zugres');
insert into city(region_id, name) values (81, 'Zuevka');
insert into city(region_id, name) values (81, 'Ilovaisk');
insert into city(region_id, name) values (81, 'Karlo-Libknehtovsk');
insert into city(region_id, name) values (81, 'Karlo-Marksovo');
insert into city(region_id, name) values (81, 'Kirovsk');
insert into city(region_id, name) values (81, 'Konstantinovka');
insert into city(region_id, name) values (81, 'Kramatorsk');
insert into city(region_id, name) values (81, 'Krasnoarmeisk');
insert into city(region_id, name) values (81, 'Krasnyi Liman');
insert into city(region_id, name) values (81, 'Makeevka');
insert into city(region_id, name) values (81, 'Mariupol');
insert into city(region_id, name) values (81, 'Marinka');
insert into city(region_id, name) values (81, 'Nikolaevka');
insert into city(region_id, name) values (81, 'Novoazovsk');
insert into city(region_id, name) values (81, 'Novoekonomicheskoe');
insert into city(region_id, name) values (81, 'Pershotravnevoe');
insert into city(region_id, name) values (81, 'Selidovo');
insert into city(region_id, name) values (81, 'Slavyansk');
insert into city(region_id, name) values (81, 'Snejnoe');
insert into city(region_id, name) values (81, 'Starobeshevo');
insert into city(region_id, name) values (81, 'Telmanovo');
insert into city(region_id, name) values (81, 'Torez');
insert into city(region_id, name) values (81, 'Ugledar');
insert into city(region_id, name) values (81, 'Harcyzsk');
insert into city(region_id, name) values (81, 'SHahtersk');
insert into city(region_id, name) values (81, 'YAsinovataya');
insert into city(region_id, name) values (106, 'Sidney');
insert into city(region_id, name) values (106, 'Abbotsford');
insert into city(region_id, name) values (106, 'Abercrombie');
insert into city(region_id, name) values (106, 'Aberdeen');
insert into city(region_id, name) values (106, 'Aberfoyle');
insert into city(region_id, name) values (106, 'Aberglasslyn');
insert into city(region_id, name) values (106, 'Acacia Creek');
insert into city(region_id, name) values (106, 'Adaminaby');
insert into city(region_id, name) values (106, 'Alagala');
insert into city(region_id, name) values (106, 'Albion Park');
insert into city(region_id, name) values (106, 'Alice');
insert into city(region_id, name) values (106, 'Alpine');
insert into city(region_id, name) values (106, 'Alstonville');
insert into city(region_id, name) values (106, 'Artarman');
insert into city(region_id, name) values (106, 'Auburn');
insert into city(region_id, name) values (106, 'Bear Hill');
insert into city(region_id, name) values (106, 'Campbelltown');
insert into city(region_id, name) values (106, 'Casino');
insert into city(region_id, name) values (106, 'Coffs Harbour');
insert into city(region_id, name) values (106, 'Cowra');
insert into city(region_id, name) values (106, 'Ladysmith');
insert into city(region_id, name) values (106, 'Liverpool');
insert into city(region_id, name) values (106, 'Macksville');
insert into city(region_id, name) values (106, 'Meldrum');
insert into city(region_id, name) values (106, 'Moonee Beach');
insert into city(region_id, name) values (106, 'Moss Vale');
insert into city(region_id, name) values (106, 'Muswellbrook');
insert into city(region_id, name) values (106, 'Newcastle');
insert into city(region_id, name) values (106, 'Peelwood');
insert into city(region_id, name) values (106, 'Scone');
insert into city(region_id, name) values (106, 'South Sydney Municipality');
insert into city(region_id, name) values (106, 'Sydney');
insert into city(region_id, name) values (106, 'Tamworth');
insert into city(region_id, name) values (106, 'Wollongong');
insert into city(region_id, name) values (114, 'Andau');
insert into city(region_id, name) values (114, 'Deutsch Kaltenbrunn');
insert into city(region_id, name) values (114, 'Eberau');
insert into city(region_id, name) values (114, 'Eisenstadt');
insert into city(region_id, name) values (114, 'Forchtenstein');
insert into city(region_id, name) values (114, 'Gssing');
insert into city(region_id, name) values (114, 'Horitschon');
insert into city(region_id, name) values (114, 'Jois');
insert into city(region_id, name) values (114, 'Lackenbach');
insert into city(region_id, name) values (114, 'Marz');
insert into city(region_id, name) values (114, 'Neufeld an der Leitha');
insert into city(region_id, name) values (114, 'Neusiedl am See');
insert into city(region_id, name) values (114, 'Oberpullendorf');
insert into city(region_id, name) values (114, 'Oberwart');
insert into city(region_id, name) values (114, 'Oslip');
insert into city(region_id, name) values (114, 'Zurndorf');
insert into region(id, country_id, name) values (123, 5, 'Azerbaidjan');
insert into region(id, country_id, name) values (124, 5, 'Nagornyi Karabah');
insert into region(id, country_id, name) values (125, 5, 'Nahichevanskaya obl.');
insert into city(region_id, name) values (5, 'Amderma');
insert into city(region_id, name) values (5, 'Arhangelsk');
insert into city(region_id, name) values (5, 'Bereznik');
insert into city(region_id, name) values (5, 'Velsk');
insert into city(region_id, name) values (5, 'Verhnyaya Toima');
insert into city(region_id, name) values (5, 'Voloshka');
insert into city(region_id, name) values (5, 'Vychegodskii');
insert into city(region_id, name) values (5, 'Emca');
insert into city(region_id, name) values (5, 'Ileza');
insert into city(region_id, name) values (5, 'Ilinsko-Podomskoe');
insert into city(region_id, name) values (5, 'Kargopol (Arhangelskaya obl.)');
insert into city(region_id, name) values (5, 'Karpogory');
insert into city(region_id, name) values (5, 'Kodino');
insert into city(region_id, name) values (5, 'Konosha');
insert into city(region_id, name) values (5, 'Koryajma');
insert into city(region_id, name) values (5, 'Kotlas');
insert into city(region_id, name) values (5, 'Krasnoborsk');
insert into city(region_id, name) values (5, 'Leshukonskoe');
insert into city(region_id, name) values (5, 'Mezen');
insert into city(region_id, name) values (5, 'Mirnyi (Arhangelskaya obl.)');
insert into city(region_id, name) values (5, 'Naryan-Mar');
insert into city(region_id, name) values (5, 'Novodvinsk');
insert into city(region_id, name) values (5, 'Nyandoma');
insert into city(region_id, name) values (5, 'Onega');
insert into city(region_id, name) values (5, 'Pinega');
insert into city(region_id, name) values (5, 'Pleseck');
insert into city(region_id, name) values (5, 'Savinsk');
insert into city(region_id, name) values (5, 'Severodvinsk');
insert into city(region_id, name) values (5, 'Solvychegodsk');
insert into city(region_id, name) values (5, 'Holmogory');
insert into city(region_id, name) values (5, 'SHenkursk');
insert into city(region_id, name) values (5, 'YArensk');
insert into city(region_id, name) values (82, 'Andrushevka');
insert into city(region_id, name) values (82, 'Baranovka');
insert into city(region_id, name) values (82, 'Belaya Krinica');
insert into city(region_id, name) values (82, 'Berdichev');
insert into city(region_id, name) values (82, 'Bronickaya Guta');
insert into city(region_id, name) values (82, 'Brusilov');
insert into city(region_id, name) values (82, 'Bykovka');
insert into city(region_id, name) values (82, 'Velikie Korovincy');
insert into city(region_id, name) values (82, 'Volodarsk-Volynskii');
insert into city(region_id, name) values (82, 'Gorodnica');
insert into city(region_id, name) values (82, 'Grishkovcy');
insert into city(region_id, name) values (82, 'Dzerjinsk');
insert into city(region_id, name) values (82, 'Dovbysh');
insert into city(region_id, name) values (82, 'Emilchino');
insert into city(region_id, name) values (82, 'Jitomir');
insert into city(region_id, name) values (82, 'Ivanopol');
insert into city(region_id, name) values (82, 'Kamennyi Brod');
insert into city(region_id, name) values (82, 'Korosten');
insert into city(region_id, name) values (82, 'Korostyshev');
insert into city(region_id, name) values (82, 'Luginy');
insert into city(region_id, name) values (82, 'Lyubar');
insert into city(region_id, name) values (82, 'Malin');
insert into city(region_id, name) values (82, 'Narodichi');
insert into city(region_id, name) values (82, 'Novograd-Volynskii');
insert into city(region_id, name) values (82, 'Ovruch');
insert into city(region_id, name) values (82, 'Olevsk');
insert into city(region_id, name) values (82, 'Popelnya');
insert into city(region_id, name) values (82, 'Radomyshl');
insert into city(region_id, name) values (82, 'Rujin');
insert into city(region_id, name) values (82, 'CHervonoarmeisk');
insert into city(region_id, name) values (82, 'CHernyahov');
insert into city(region_id, name) values (82, 'CHudnov');
insert into city(region_id, name) values (107, 'Cascade Station');
insert into city(region_id, name) values (107, 'Longridge');
insert into city(region_id, name) values (107, 'Longridge Station');
insert into city(region_id, name) values (115, 'Afritz');
insert into city(region_id, name) values (115, 'Arnoldstein');
insert into city(region_id, name) values (115, 'Arriach');
insert into city(region_id, name) values (115, 'Bad Kleinkirchheim');
insert into city(region_id, name) values (115, 'Birnbaum');
insert into city(region_id, name) values (115, 'Diex');
insert into city(region_id, name) values (115, 'Eberstein');
insert into city(region_id, name) values (115, 'Faak am See');
insert into city(region_id, name) values (115, 'Feistritz im Rosental');
insert into city(region_id, name) values (115, 'Ferlach');
insert into city(region_id, name) values (115, 'Klagenfurt');
insert into city(region_id, name) values (115, 'Spittal an der Drau');
insert into city(region_id, name) values (115, 'Strau');
insert into city(region_id, name) values (115, 'Villach');
insert into city(region_id, name) values (115, 'Vlkermarkt');
insert into city(region_id, name) values (123, 'Agdam');
insert into city(region_id, name) values (123, 'Agdash');
insert into city(region_id, name) values (123, 'Agdjabedi');
insert into city(region_id, name) values (123, 'Adjikend');
insert into city(region_id, name) values (123, 'Akstafa');
insert into city(region_id, name) values (123, 'Ali-Bairamly');
insert into city(region_id, name) values (123, 'Alunitag');
insert into city(region_id, name) values (123, 'Artem-Ostrov');
insert into city(region_id, name) values (123, 'Astara');
insert into city(region_id, name) values (123, 'Ahsu');
insert into city(region_id, name) values (123, 'Baku');
insert into city(region_id, name) values (123, 'Balahany');
insert into city(region_id, name) values (123, 'Bank');
insert into city(region_id, name) values (123, 'Barda');
insert into city(region_id, name) values (123, 'Belokany');
insert into city(region_id, name) values (123, 'Bilasuvar');
insert into city(region_id, name) values (123, 'Binagadi');
insert into city(region_id, name) values (123, 'Buzovna');
insert into city(region_id, name) values (123, 'Vartashen');
insert into city(region_id, name) values (123, 'Gadrut');
insert into city(region_id, name) values (123, 'Geokchai');
insert into city(region_id, name) values (123, 'Gobustan');
insert into city(region_id, name) values (123, 'Goradiz');
insert into city(region_id, name) values (123, 'Gyandja (Kirovobad)');
insert into city(region_id, name) values (123, 'Dalmamedli');
insert into city(region_id, name) values (123, 'Dashkesan');
insert into city(region_id, name) values (123, 'Djalilabad');
insert into city(region_id, name) values (123, 'Djebrail');
insert into city(region_id, name) values (123, 'Divichi');
insert into city(region_id, name) values (123, 'Evlah');
insert into city(region_id, name) values (123, 'Jdanovsk');
insert into city(region_id, name) values (123, 'Zakataly');
insert into city(region_id, name) values (123, 'Zardob');
insert into city(region_id, name) values (123, 'Imishli');
insert into city(region_id, name) values (123, 'Ismailly');
insert into city(region_id, name) values (123, 'Istisu');
insert into city(region_id, name) values (123, 'Kazah');
insert into city(region_id, name) values (123, 'Kazi-Magomed');
insert into city(region_id, name) values (123, 'Kasum-Ismailov');
insert into city(region_id, name) values (123, 'Kahi');
insert into city(region_id, name) values (123, 'Kedabek');
insert into city(region_id, name) values (123, 'Kelbadjar');
insert into city(region_id, name) values (123, 'Kuba');
insert into city(region_id, name) values (123, 'Kubatly');
insert into city(region_id, name) values (123, 'Kusary');
insert into city(region_id, name) values (123, 'Kutkashen');
insert into city(region_id, name) values (123, 'Kyurdamir');
insert into city(region_id, name) values (123, 'Lenkoran');
insert into city(region_id, name) values (123, 'Lerik');
insert into city(region_id, name) values (123, 'Masally');
insert into city(region_id, name) values (123, 'Mingechaur');
insert into city(region_id, name) values (123, 'Mir-Bashir');
insert into city(region_id, name) values (123, 'Naftalan');
insert into city(region_id, name) values (123, 'Neftechala');
insert into city(region_id, name) values (123, 'Saatly');
insert into city(region_id, name) values (123, 'Sabirabad');
insert into city(region_id, name) values (123, 'Sabuichi');
insert into city(region_id, name) values (123, 'Salyany');
insert into city(region_id, name) values (123, 'Siazan');
insert into city(region_id, name) values (123, 'Sumgait');
insert into city(region_id, name) values (123, 'Tauz');
insert into city(region_id, name) values (123, 'Udjary');
insert into city(region_id, name) values (123, 'Fizuli');
insert into city(region_id, name) values (123, 'Hanlar');
insert into city(region_id, name) values (123, 'Hachmas');
insert into city(region_id, name) values (123, 'Hudat');
insert into city(region_id, name) values (123, 'SHamhor');
insert into city(region_id, name) values (123, 'SHeki');
insert into city(region_id, name) values (123, 'SHemaha');
insert into region(id, country_id, name) values (126, 6, 'Berat');
insert into region(id, country_id, name) values (127, 6, 'Diber');
insert into region(id, country_id, name) values (128, 6, 'Durres');
insert into region(id, country_id, name) values (129, 6, 'Elbasan');
insert into region(id, country_id, name) values (130, 6, 'Fier');
insert into region(id, country_id, name) values (131, 6, 'Gjirokaster');
insert into region(id, country_id, name) values (132, 6, 'Korce');
insert into region(id, country_id, name) values (133, 6, 'Kukes');
insert into region(id, country_id, name) values (134, 6, 'None');
insert into region(id, country_id, name) values (135, 6, 'Shkoder');
insert into region(id, country_id, name) values (136, 6, 'Tirane');
insert into region(id, country_id, name) values (137, 6, 'Vlore');
insert into city(region_id, name) values (6, 'Astrahan');
insert into city(region_id, name) values (6, 'Ahtubinsk');
insert into city(region_id, name) values (6, 'Verhnii Baskunchak');
insert into city(region_id, name) values (6, 'Volodarskii');
insert into city(region_id, name) values (6, 'Enotaevka');
insert into city(region_id, name) values (6, 'Ikryanoe');
insert into city(region_id, name) values (6, 'Kamyzyak');
insert into city(region_id, name) values (6, 'Kapustin YAr');
insert into city(region_id, name) values (6, 'Krasnyi YAr (Astrahanskaya obl.)');
insert into city(region_id, name) values (6, 'Liman');
insert into city(region_id, name) values (6, 'Nachalovo');
insert into city(region_id, name) values (6, 'Harabali');
insert into city(region_id, name) values (6, 'CHernyi YAr');
insert into city(region_id, name) values (83, 'Beregovo');
insert into city(region_id, name) values (83, 'Bushtyna');
insert into city(region_id, name) values (83, 'Velikii Bereznyi');
insert into city(region_id, name) values (83, 'Velikii Bychkov');
insert into city(region_id, name) values (83, 'Vinogradov');
insert into city(region_id, name) values (83, 'Volovec');
insert into city(region_id, name) values (83, 'Irshava');
insert into city(region_id, name) values (83, 'Mejgore');
insert into city(region_id, name) values (83, 'Mukachevo');
insert into city(region_id, name) values (83, 'Perechin');
insert into city(region_id, name) values (83, 'Rahov');
insert into city(region_id, name) values (83, 'Svalyava');
insert into city(region_id, name) values (83, 'Tyachev');
insert into city(region_id, name) values (83, 'Ujgorod');
insert into city(region_id, name) values (83, 'Hust');
insert into city(region_id, name) values (83, 'CHop');
insert into city(region_id, name) values (108, 'Adelaide River');
insert into city(region_id, name) values (108, 'Alice Springs');
insert into city(region_id, name) values (108, 'Arltunga');
insert into city(region_id, name) values (108, 'Arltunga Mission');
insert into city(region_id, name) values (108, 'Bagot');
insert into city(region_id, name) values (108, 'Barrow Creek');
insert into city(region_id, name) values (108, 'Borroloola');
insert into city(region_id, name) values (108, 'Daly Waters');
insert into city(region_id, name) values (108, 'Darwin');
insert into city(region_id, name) values (108, 'Finke Siding');
insert into city(region_id, name) values (108, 'Glen Helen');
insert into city(region_id, name) values (108, 'Gove');
insert into city(region_id, name) values (108, 'Nullumbuy');
insert into city(region_id, name) values (108, 'Stuart');
insert into city(region_id, name) values (116, 'Aggsbach Dorf');
insert into city(region_id, name) values (116, 'Amstetten');
insert into city(region_id, name) values (116, 'Aschbach Markt');
insert into city(region_id, name) values (116, 'Bad Schnau');
insert into city(region_id, name) values (116, 'Bad Vslau');
insert into city(region_id, name) values (116, 'Bisamberg');
insert into city(region_id, name) values (116, 'Bheimkirchen');
insert into city(region_id, name) values (116, 'Ebenfurth');
insert into city(region_id, name) values (116, 'Eckartsau');
insert into city(region_id, name) values (116, 'Ernstbrunn');
insert into city(region_id, name) values (116, 'Frankenfels');
insert into city(region_id, name) values (116, 'Friedersbach');
insert into city(region_id, name) values (116, 'Gablitz');
insert into city(region_id, name) values (116, 'Gnserndorf');
insert into city(region_id, name) values (116, 'Gerasdorf bei Wien');
insert into city(region_id, name) values (116, 'Gloggnitz');
insert into city(region_id, name) values (116, 'Herzogenburg');
insert into city(region_id, name) values (116, 'Hollabrunn');
insert into city(region_id, name) values (116, 'Korneuburg');
insert into city(region_id, name) values (116, 'Kottingbrunn');
insert into city(region_id, name) values (116, 'Krems an der Donau');
insert into city(region_id, name) values (116, 'Langenzersdorf');
insert into city(region_id, name) values (116, 'Leobersdorf');
insert into city(region_id, name) values (116, 'Lilienfeld');
insert into city(region_id, name) values (116, 'Lunz am See');
insert into city(region_id, name) values (116, 'Melk');
insert into city(region_id, name) values (116, 'Mistelbach an der Zaya');
insert into city(region_id, name) values (116, 'Mdling');
insert into city(region_id, name) values (116, 'Oberwaltersdorf');
insert into city(region_id, name) values (116, 'Prinzersdorf');
insert into city(region_id, name) values (116, 'Stetteldorf am Wagram');
insert into city(region_id, name) values (116, 'Stssing');
insert into city(region_id, name) values (116, 'Ternitz');
insert into city(region_id, name) values (116, 'Traisen');
insert into city(region_id, name) values (116, 'Traismauer');
insert into city(region_id, name) values (116, 'Waidhofen an der Ybbs');
insert into city(region_id, name) values (116, 'Wiener Neudorf');
insert into city(region_id, name) values (116, 'Wiener Neustadt');
insert into city(region_id, name) values (124, 'Stepanokert');
insert into city(region_id, name) values (124, 'SHusha');
insert into city(region_id, name) values (126, 'Agalli');
insert into city(region_id, name) values (126, 'Agim');
insert into city(region_id, name) values (126, 'Baka');
insert into city(region_id, name) values (126, 'Kakos');
insert into region(id, country_id, name) values (138, 7, 'Aljir');
insert into city(region_id, name) values (7, 'Agidel');
insert into city(region_id, name) values (7, 'Aksakovo');
insert into city(region_id, name) values (7, 'Amzya');
insert into city(region_id, name) values (7, 'Arhangelkoe');
insert into city(region_id, name) values (7, 'Askarovo');
insert into city(region_id, name) values (7, 'Askino');
insert into city(region_id, name) values (7, 'Baimak');
insert into city(region_id, name) values (7, 'Bakaly');
insert into city(region_id, name) values (7, 'Belebei');
insert into city(region_id, name) values (7, 'Beloreck');
insert into city(region_id, name) values (7, 'Bijbulyak');
insert into city(region_id, name) values (7, 'Birsk');
insert into city(region_id, name) values (7, 'Blagoveschensk (Bashkiriya)');
insert into city(region_id, name) values (7, 'Bolsheustikinskoe');
insert into city(region_id, name) values (7, 'Buraevo');
insert into city(region_id, name) values (7, 'Verhneyarkeevo');
insert into city(region_id, name) values (7, 'Verhnie Kigi');
insert into city(region_id, name) values (7, 'Verhnie Tatyshly');
insert into city(region_id, name) values (7, 'Verhnii Avzyan');
insert into city(region_id, name) values (7, 'Davlekanovo');
insert into city(region_id, name) values (7, 'Duvan');
insert into city(region_id, name) values (7, 'Dyurtyuli');
insert into city(region_id, name) values (7, 'Ermekeevo');
insert into city(region_id, name) values (7, 'Ermolaevo');
insert into city(region_id, name) values (7, 'Zilair');
insert into city(region_id, name) values (7, 'Zirgan');
insert into city(region_id, name) values (7, 'Iglino');
insert into city(region_id, name) values (7, 'Inzer');
insert into city(region_id, name) values (7, 'Isyangulovo');
insert into city(region_id, name) values (7, 'Ishimbai');
insert into city(region_id, name) values (7, 'Kaltasy');
insert into city(region_id, name) values (7, 'Kananikolskoe');
insert into city(region_id, name) values (7, 'Kandry');
insert into city(region_id, name) values (7, 'Karaidel');
insert into city(region_id, name) values (7, 'Karaidelskii');
insert into city(region_id, name) values (7, 'Kirgiz-Miyaki');
insert into city(region_id, name) values (7, 'Krasnousolskii');
insert into city(region_id, name) values (7, 'Kumertau');
insert into city(region_id, name) values (7, 'Kushnarenkovo');
insert into city(region_id, name) values (7, 'Maloyaz');
insert into city(region_id, name) values (7, 'Mejgore');
insert into city(region_id, name) values (7, 'Meleuz');
insert into city(region_id, name) values (7, 'Mesyagutovo');
insert into city(region_id, name) values (7, 'Mrakovo');
insert into city(region_id, name) values (7, 'Neftekamsk');
insert into city(region_id, name) values (7, 'Oktyabrskii (Bashkiriya)');
insert into city(region_id, name) values (7, 'Priyutovo');
insert into city(region_id, name) values (7, 'Raevskii');
insert into city(region_id, name) values (7, 'Salavat');
insert into city(region_id, name) values (7, 'Sibai');
insert into city(region_id, name) values (7, 'Starobaltachevo');
insert into city(region_id, name) values (7, 'Starosubhangulovo');
insert into city(region_id, name) values (7, 'Sterlibashevo');
insert into city(region_id, name) values (7, 'Sterlitamak');
insert into city(region_id, name) values (7, 'Tuimazy');
insert into city(region_id, name) values (7, 'Ufa');
insert into city(region_id, name) values (7, 'Uchaly');
insert into city(region_id, name) values (7, 'Fedorovka (Bashkiriya)');
insert into city(region_id, name) values (7, 'CHekmagush');
insert into city(region_id, name) values (7, 'CHishmy');
insert into city(region_id, name) values (7, 'SHaran');
insert into city(region_id, name) values (7, 'YAnaul');
insert into city(region_id, name) values (84, 'Akimovka');
insert into city(region_id, name) values (84, 'Andreevka');
insert into city(region_id, name) values (84, 'Balabino');
insert into city(region_id, name) values (84, 'Berdyansk');
insert into city(region_id, name) values (84, 'Vasilevka');
insert into city(region_id, name) values (84, 'Veseloe');
insert into city(region_id, name) values (84, 'Volnyansk');
insert into city(region_id, name) values (84, 'Gulyaipole');
insert into city(region_id, name) values (84, 'Dneprorudnyi');
insert into city(region_id, name) values (84, 'Zaporoje');
insert into city(region_id, name) values (84, 'Kamenka-Dneprovskaya');
insert into city(region_id, name) values (84, 'Kamennoe');
insert into city(region_id, name) values (84, 'Kamysh-Zarya');
insert into city(region_id, name) values (84, 'Kuibyshevo');
insert into city(region_id, name) values (84, 'Melitopol');
insert into city(region_id, name) values (84, 'Mihailovka');
insert into city(region_id, name) values (84, 'Novonikolaevka');
insert into city(region_id, name) values (84, 'Orehov');
insert into city(region_id, name) values (84, 'Pologi');
insert into city(region_id, name) values (84, 'Priazovskoe');
insert into city(region_id, name) values (84, 'Primorsk');
insert into city(region_id, name) values (84, 'Tokmak');
insert into city(region_id, name) values (84, 'CHernigovka');
insert into city(region_id, name) values (84, 'Energodar');
insert into city(region_id, name) values (109, 'Abercorn');
insert into city(region_id, name) values (109, 'Abermain');
insert into city(region_id, name) values (109, 'Ackland');
insert into city(region_id, name) values (109, 'Advancetown');
insert into city(region_id, name) values (109, 'Albany Creek');
insert into city(region_id, name) values (109, 'Alberton');
insert into city(region_id, name) values (109, 'Alexandra');
insert into city(region_id, name) values (109, 'Alexandra-Mooloolaba');
insert into city(region_id, name) values (109, 'Allan');
insert into city(region_id, name) values (109, 'Allingham');
insert into city(region_id, name) values (109, 'Alma Creek');
insert into city(region_id, name) values (109, 'Alpha');
insert into city(region_id, name) values (109, 'Aramara');
insert into city(region_id, name) values (109, 'Belgian Gardens');
insert into city(region_id, name) values (109, 'Brisbane');
insert into city(region_id, name) values (109, 'Bucasia');
insert into city(region_id, name) values (109, 'Bundaberg');
insert into city(region_id, name) values (109, 'Cairns');
insert into city(region_id, name) values (109, 'Caloundra');
insert into city(region_id, name) values (109, 'Coorparoo');
insert into city(region_id, name) values (109, 'Cynthia');
insert into city(region_id, name) values (109, 'Emerald');
insert into city(region_id, name) values (109, 'Gladstone');
insert into city(region_id, name) values (109, 'Gold Coast');
insert into city(region_id, name) values (109, 'Gympie');
insert into city(region_id, name) values (109, 'Howard');
insert into city(region_id, name) values (109, 'Ipswich');
insert into city(region_id, name) values (109, 'Nindigully');
insert into city(region_id, name) values (109, 'Oakenden');
insert into city(region_id, name) values (109, 'Quamby');
insert into city(region_id, name) values (109, 'Redcliffe');
insert into city(region_id, name) values (109, 'Rockhampton');
insert into city(region_id, name) values (109, 'Surfers Paradise');
insert into city(region_id, name) values (109, 'Townsville');
insert into city(region_id, name) values (117, 'Ach');
insert into city(region_id, name) values (117, 'Aistersheim');
insert into city(region_id, name) values (117, 'Alberndorf in der Riedmark');
insert into city(region_id, name) values (117, 'Alkoven');
insert into city(region_id, name) values (117, 'Altenberg bei Linz');
insert into city(region_id, name) values (117, 'Altmnster');
insert into city(region_id, name) values (117, 'Ansfelden');
insert into city(region_id, name) values (117, 'Aschach an der Steyr');
insert into city(region_id, name) values (117, 'Attersee');
insert into city(region_id, name) values (117, 'Attnang-Puchheim');
insert into city(region_id, name) values (117, 'Braunau am Inn');
insert into city(region_id, name) values (117, 'Ebensee');
insert into city(region_id, name) values (117, 'Enns');
insert into city(region_id, name) values (117, 'Gallneukirchen');
insert into city(region_id, name) values (117, 'Gmunden');
insert into city(region_id, name) values (117, 'Gramastetten');
insert into city(region_id, name) values (117, 'Hallstatt');
insert into city(region_id, name) values (117, 'Hrsching');
insert into city(region_id, name) values (117, 'Laakirchen');
insert into city(region_id, name) values (117, 'Leopoldschlag');
insert into city(region_id, name) values (117, 'Linz');
insert into city(region_id, name) values (117, 'Marchtrenk');
insert into city(region_id, name) values (117, 'Mondsee');
insert into city(region_id, name) values (117, 'Ottensheim');
insert into city(region_id, name) values (117, 'Pregarten');
insert into city(region_id, name) values (117, 'Ried im Innkreis');
insert into city(region_id, name) values (117, 'Rohrbach in Obersterreich');
insert into city(region_id, name) values (117, 'Scharnstein');
insert into city(region_id, name) values (117, 'Scharten');
insert into city(region_id, name) values (117, 'Steyr');
insert into city(region_id, name) values (117, 'Thalheim bei Wels');
insert into city(region_id, name) values (117, 'Traun');
insert into city(region_id, name) values (117, 'Vcklabruck');
insert into city(region_id, name) values (117, 'Wels');
insert into city(region_id, name) values (125, 'Djulfa');
insert into city(region_id, name) values (125, 'Ilichevsk');
insert into city(region_id, name) values (125, 'Nahichevan');
insert into city(region_id, name) values (125, 'Ordubad');
insert into city(region_id, name) values (125, 'SHahbuz');
insert into city(region_id, name) values (127, 'Ali Hanit');
insert into city(region_id, name) values (127, 'Arapaj e Eperme');
insert into city(region_id, name) values (127, 'Arn i Eprm');
insert into city(region_id, name) values (127, 'Arras');
insert into city(region_id, name) values (127, 'Doma');
insert into city(region_id, name) values (138, 'Adrar');
insert into city(region_id, name) values (138, 'Aljir');
insert into city(region_id, name) values (138, 'Annaba');
insert into city(region_id, name) values (138, 'Beshvar');
insert into city(region_id, name) values (138, 'Djelfa');
insert into city(region_id, name) values (138, 'In-Salah');
insert into city(region_id, name) values (138, 'Oran');
insert into city(region_id, name) values (138, 'Tamanrasset');
insert into city(region_id, name) values (138, 'Tuggurt');
insert into city(region_id, name) values (138, 'El-Golea');
insert into region(id, country_id, name) values (139, 8, 'Angola');
insert into city(region_id, name) values (8, 'Alekseevka (Belgorodskaya obl.)');
insert into city(region_id, name) values (8, 'Belgorod');
insert into city(region_id, name) values (8, 'Borisovka');
insert into city(region_id, name) values (8, 'Valuiki');
insert into city(region_id, name) values (8, 'Veidelevka');
insert into city(region_id, name) values (8, 'Volokonovka');
insert into city(region_id, name) values (8, 'Graivoron');
insert into city(region_id, name) values (8, 'Gubkin');
insert into city(region_id, name) values (8, 'Ivnya');
insert into city(region_id, name) values (8, 'Korocha');
insert into city(region_id, name) values (8, 'Krasnogvardeiskoe (Belgorod.)');
insert into city(region_id, name) values (8, 'Novyi Oskol');
insert into city(region_id, name) values (8, 'Rakitnoe');
insert into city(region_id, name) values (8, 'Rovenki');
insert into city(region_id, name) values (8, 'Staryi Oskol');
insert into city(region_id, name) values (8, 'Stroitel');
insert into city(region_id, name) values (8, 'CHernyanka');
insert into city(region_id, name) values (8, 'SHebekino');
insert into city(region_id, name) values (85, 'Bogorodchany');
insert into city(region_id, name) values (85, 'Bolehov');
insert into city(region_id, name) values (85, 'Bolshovcy');
insert into city(region_id, name) values (85, 'Broshnev-Osada');
insert into city(region_id, name) values (85, 'Bukachevcy');
insert into city(region_id, name) values (85, 'Burshtyn');
insert into city(region_id, name) values (85, 'Bytkov');
insert into city(region_id, name) values (85, 'Verhovina');
insert into city(region_id, name) values (85, 'Voinilov');
insert into city(region_id, name) values (85, 'Vorohta');
insert into city(region_id, name) values (85, 'Vygoda');
insert into city(region_id, name) values (85, 'Galich');
insert into city(region_id, name) values (85, 'Gvozdec');
insert into city(region_id, name) values (85, 'Gorodenka');
insert into city(region_id, name) values (85, 'Delyatin');
insert into city(region_id, name) values (85, 'Dolina');
insert into city(region_id, name) values (85, 'Jovten');
insert into city(region_id, name) values (85, 'Zabolotov');
insert into city(region_id, name) values (85, 'Ivano-Frankovsk');
insert into city(region_id, name) values (85, 'Kaluj');
insert into city(region_id, name) values (85, 'Kalush');
insert into city(region_id, name) values (85, 'Kolomyya');
insert into city(region_id, name) values (85, 'Kosov');
insert into city(region_id, name) values (85, 'Nadvorna');
insert into city(region_id, name) values (85, 'Nadvornaya');
insert into city(region_id, name) values (85, 'Rogatin');
insert into city(region_id, name) values (85, 'Rojnyatov');
insert into city(region_id, name) values (85, 'Snyatyn');
insert into city(region_id, name) values (85, 'Stanislavov');
insert into city(region_id, name) values (85, 'Tlumach');
insert into city(region_id, name) values (85, 'Tysmenica');
insert into city(region_id, name) values (85, 'YAremcha');
insert into city(region_id, name) values (110, 'Adelaide');
insert into city(region_id, name) values (110, 'Altona');
insert into city(region_id, name) values (110, 'Amata');
insert into city(region_id, name) values (110, 'Angas Plains');
insert into city(region_id, name) values (110, 'Angle Vale');
insert into city(region_id, name) values (110, 'Appila');
insert into city(region_id, name) values (110, 'Ardrossan');
insert into city(region_id, name) values (110, 'Arno Bay');
insert into city(region_id, name) values (110, 'Athenna');
insert into city(region_id, name) values (110, 'Australia Plains');
insert into city(region_id, name) values (110, 'Avon');
insert into city(region_id, name) values (110, 'Bakara');
insert into city(region_id, name) values (110, 'Black Rock');
insert into city(region_id, name) values (110, 'Buccleuch');
insert into city(region_id, name) values (110, 'Caroline');
insert into city(region_id, name) values (110, 'Dublin');
insert into city(region_id, name) values (110, 'McLachlan');
insert into city(region_id, name) values (110, 'Meningie');
insert into city(region_id, name) values (110, 'Paratoo');
insert into city(region_id, name) values (110, 'Phillip');
insert into city(region_id, name) values (110, 'Sunny Hill');
insert into city(region_id, name) values (110, 'Whyalla');
insert into city(region_id, name) values (118, 'Adnet');
insert into city(region_id, name) values (118, 'Altenmarkt im Pongau');
insert into city(region_id, name) values (118, 'Anif');
insert into city(region_id, name) values (118, 'Annaberg');
insert into city(region_id, name) values (118, 'Bad Hofgastein');
insert into city(region_id, name) values (118, 'Berndorf bei Salzburg');
insert into city(region_id, name) values (118, 'Bischofshofen');
insert into city(region_id, name) values (118, 'Bramberg am Wildkogel');
insert into city(region_id, name) values (118, 'Bruck an der Groglocknerstrae');
insert into city(region_id, name) values (118, 'Dienten am Hochknig');
insert into city(region_id, name) values (118, 'Ebenau');
insert into city(region_id, name) values (118, 'Elixhausen');
insert into city(region_id, name) values (118, 'Fuschl am See');
insert into city(region_id, name) values (118, 'Grdig');
insert into city(region_id, name) values (118, 'Hallein');
insert into city(region_id, name) values (118, 'Henndorf am Wallersee');
insert into city(region_id, name) values (118, 'Hinterglemm');
insert into city(region_id, name) values (118, 'Hof bei Salzburg');
insert into city(region_id, name) values (118, 'Lofer');
insert into city(region_id, name) values (118, 'Oberalm');
insert into city(region_id, name) values (118, 'Saalbach');
insert into city(region_id, name) values (118, 'Saalfelden am Steinernen Meer');
insert into city(region_id, name) values (118, 'Salzburg');
insert into city(region_id, name) values (118, 'Tamsweg');
insert into city(region_id, name) values (118, 'Zell am See');
insert into city(region_id, name) values (128, 'Dures');
insert into city(region_id, name) values (128, 'Durrs');
insert into city(region_id, name) values (139, 'Bengela');
insert into city(region_id, name) values (139, 'Lobitu');
insert into city(region_id, name) values (139, 'Luanda');
insert into city(region_id, name) values (139, 'Lubango');
insert into city(region_id, name) values (139, 'Malanje');
insert into city(region_id, name) values (139, 'Mennoge');
insert into city(region_id, name) values (139, 'Namibe');
insert into region(id, country_id, name) values (140, 9, 'Anguilla');
insert into city(region_id, name) values (9, 'Altuhovo');
insert into city(region_id, name) values (9, 'Belaya Berezka');
insert into city(region_id, name) values (9, 'Belye Berega');
insert into city(region_id, name) values (9, 'Bolshoe Polpino');
insert into city(region_id, name) values (9, 'Bryansk');
insert into city(region_id, name) values (9, 'Bytosh');
insert into city(region_id, name) values (9, 'Vygonichi');
insert into city(region_id, name) values (9, 'Vyshkov');
insert into city(region_id, name) values (9, 'Gordeevka');
insert into city(region_id, name) values (9, 'Dubrovka (Bryanskaya obl.)');
insert into city(region_id, name) values (9, 'Dyatkovo');
insert into city(region_id, name) values (9, 'Dyatkovo');
insert into city(region_id, name) values (9, 'Jiryatino');
insert into city(region_id, name) values (9, 'Jukovka');
insert into city(region_id, name) values (9, 'Zlynka');
insert into city(region_id, name) values (9, 'Ivot');
insert into city(region_id, name) values (9, 'Karachev');
insert into city(region_id, name) values (9, 'Kletnya');
insert into city(region_id, name) values (9, 'Klimovo');
insert into city(region_id, name) values (9, 'Klincy');
insert into city(region_id, name) values (9, 'Kokarevka');
insert into city(region_id, name) values (9, 'Komarichi');
insert into city(region_id, name) values (9, 'Krasnaya Gora');
insert into city(region_id, name) values (9, 'Lokot (Bryanskaya obl.)');
insert into city(region_id, name) values (9, 'Mglin');
insert into city(region_id, name) values (9, 'Navlya');
insert into city(region_id, name) values (9, 'Novozybkov');
insert into city(region_id, name) values (9, 'Pogar');
insert into city(region_id, name) values (9, 'Pochep');
insert into city(region_id, name) values (9, 'Rjanica');
insert into city(region_id, name) values (9, 'Rognedino');
insert into city(region_id, name) values (9, 'Sevsk');
insert into city(region_id, name) values (9, 'Starodub');
insert into city(region_id, name) values (9, 'Suzemka');
insert into city(region_id, name) values (9, 'Suraj');
insert into city(region_id, name) values (9, 'Trubchevsk');
insert into city(region_id, name) values (9, 'Unecha');
insert into city(region_id, name) values (86, 'Ivankov');
insert into city(region_id, name) values (86, 'Irpen');
insert into city(region_id, name) values (86, 'Baryshevka');
insert into city(region_id, name) values (86, 'Belaya Cerkov');
insert into city(region_id, name) values (86, 'Berezan');
insert into city(region_id, name) values (86, 'Boguslav');
insert into city(region_id, name) values (86, 'Borispol');
insert into city(region_id, name) values (86, 'Borovaya');
insert into city(region_id, name) values (86, 'Borodyanka');
insert into city(region_id, name) values (86, 'Boyarka');
insert into city(region_id, name) values (86, 'Brovary');
insert into city(region_id, name) values (86, 'Vasilkov');
insert into city(region_id, name) values (86, 'Volodarka');
insert into city(region_id, name) values (86, 'Vorzel');
insert into city(region_id, name) values (86, 'Vyshgorod');
insert into city(region_id, name) values (86, 'Grebenki');
insert into city(region_id, name) values (86, 'Dymer');
insert into city(region_id, name) values (86, 'Zgurovka');
insert into city(region_id, name) values (86, 'Kagarlyk');
insert into city(region_id, name) values (86, 'Kalinovka');
insert into city(region_id, name) values (86, 'Kiev');
insert into city(region_id, name) values (86, 'Kievskaya');
insert into city(region_id, name) values (86, 'Kodra');
insert into city(region_id, name) values (86, 'Kojanka');
insert into city(region_id, name) values (86, 'Kozin');
insert into city(region_id, name) values (86, 'Makarov');
insert into city(region_id, name) values (86, 'Mironovka');
insert into city(region_id, name) values (86, 'Obuhov');
insert into city(region_id, name) values (86, 'Pereyaslav-Hmelnickii');
insert into city(region_id, name) values (86, 'Polesskoe');
insert into city(region_id, name) values (86, 'Rakitnoe');
insert into city(region_id, name) values (86, 'Rjischev');
insert into city(region_id, name) values (86, 'Skvira');
insert into city(region_id, name) values (86, 'Slavutich');
insert into city(region_id, name) values (86, 'Stavische');
insert into city(region_id, name) values (86, 'Tarascha');
insert into city(region_id, name) values (86, 'Tetiev');
insert into city(region_id, name) values (86, 'Fastov');
insert into city(region_id, name) values (86, 'CHernobyl');
insert into city(region_id, name) values (86, 'YAgotin');
insert into city(region_id, name) values (111, 'Abbotsham');
insert into city(region_id, name) values (111, 'Alanvale');
insert into city(region_id, name) values (111, 'Alcomie');
insert into city(region_id, name) values (111, 'Allen Siding');
insert into city(region_id, name) values (111, 'Alonnah');
insert into city(region_id, name) values (111, 'Andover');
insert into city(region_id, name) values (111, 'Austins Ferry');
insert into city(region_id, name) values (111, 'Back Creek');
insert into city(region_id, name) values (111, 'Baden');
insert into city(region_id, name) values (111, 'Bagdad');
insert into city(region_id, name) values (111, 'Bangor');
insert into city(region_id, name) values (111, 'Beauty Point');
insert into city(region_id, name) values (111, 'Bell Bay');
insert into city(region_id, name) values (111, 'Bellerive');
insert into city(region_id, name) values (111, 'Birralee');
insert into city(region_id, name) values (111, 'Cygnet');
insert into city(region_id, name) values (111, 'Fingal');
insert into city(region_id, name) values (111, 'Forest');
insert into city(region_id, name) values (111, 'Hobart');
insert into city(region_id, name) values (111, 'Kingston');
insert into city(region_id, name) values (111, 'Launceston');
insert into city(region_id, name) values (111, 'Myalla');
insert into city(region_id, name) values (111, 'Paradise');
insert into city(region_id, name) values (111, 'Saltwater River');
insert into city(region_id, name) values (119, 'Admont');
insert into city(region_id, name) values (119, 'Bad Gams');
insert into city(region_id, name) values (119, 'Bruck an der Mur');
insert into city(region_id, name) values (119, 'Burgau');
insert into city(region_id, name) values (119, 'Deutschlandsberg');
insert into city(region_id, name) values (119, 'Eggersdorf bei Graz');
insert into city(region_id, name) values (119, 'Gleisdorf');
insert into city(region_id, name) values (119, 'Graz');
insert into city(region_id, name) values (119, 'Hartberg');
insert into city(region_id, name) values (119, 'Judenburg');
insert into city(region_id, name) values (119, 'Kapfenberg');
insert into city(region_id, name) values (119, 'Knittelfeld');
insert into city(region_id, name) values (119, 'Leoben');
insert into city(region_id, name) values (119, 'Liezen');
insert into city(region_id, name) values (119, 'Murau');
insert into city(region_id, name) values (119, 'Mrzzuschlag');
insert into city(region_id, name) values (119, 'Schffern');
insert into city(region_id, name) values (119, 'Trofaiach');
insert into city(region_id, name) values (119, 'Voitsberg');
insert into city(region_id, name) values (119, 'Waldstein');
insert into city(region_id, name) values (129, 'Abazaj');
insert into city(region_id, name) values (129, 'Algjin');
insert into city(region_id, name) values (129, 'Algjinaj');
insert into city(region_id, name) values (129, 'Allaj');
insert into city(region_id, name) values (129, 'Arov');
insert into city(region_id, name) values (129, 'Ars');
insert into city(region_id, name) values (129, 'Zibraca');
insert into city(region_id, name) values (140, 'Angilya');
insert into city(region_id, name) values (140, 'Sombrero');
insert into region(id, country_id, name) values (141, 10, 'Andorra la Vella');
insert into region(id, country_id, name) values (142, 10, 'Canillo');
insert into region(id, country_id, name) values (143, 10, 'Encamp');
insert into region(id, country_id, name) values (144, 10, 'Escaldes-Engordany');
insert into region(id, country_id, name) values (145, 10, 'La Massana');
insert into region(id, country_id, name) values (146, 10, 'None');
insert into region(id, country_id, name) values (147, 10, 'Ordino');
insert into region(id, country_id, name) values (148, 10, 'Sant Julia de Loria');
insert into city(region_id, name) values (10, 'Babushkin');
insert into city(region_id, name) values (10, 'Bagdarin');
insert into city(region_id, name) values (10, 'Barguzin');
insert into city(region_id, name) values (10, 'Bayangol');
insert into city(region_id, name) values (10, 'Bichura');
insert into city(region_id, name) values (10, 'Vydrino');
insert into city(region_id, name) values (10, 'Gusinoe Ozero');
insert into city(region_id, name) values (10, 'Gusinoozersk');
insert into city(region_id, name) values (10, 'Zaigraevo');
insert into city(region_id, name) values (10, 'Zakamensk');
insert into city(region_id, name) values (10, 'Ivolginsk');
insert into city(region_id, name) values (10, 'Ilka');
insert into city(region_id, name) values (10, 'Kabansk');
insert into city(region_id, name) values (10, 'Kamensk');
insert into city(region_id, name) values (10, 'Kijinga');
insert into city(region_id, name) values (10, 'Kurumkan');
insert into city(region_id, name) values (10, 'Kyren');
insert into city(region_id, name) values (10, 'Kyahta');
insert into city(region_id, name) values (10, 'Mondy');
insert into city(region_id, name) values (10, 'Muhorshibir');
insert into city(region_id, name) values (10, 'Nijneangarsk');
insert into city(region_id, name) values (10, 'Orlik');
insert into city(region_id, name) values (10, 'Petropavlovka (Buryatiya)');
insert into city(region_id, name) values (10, 'Romanovka (Buryatiya)');
insert into city(region_id, name) values (10, 'Severobaikalsk (Buryatiya)');
insert into city(region_id, name) values (10, 'Selenginsk');
insert into city(region_id, name) values (10, 'Sosnovo-Ozerskoe');
insert into city(region_id, name) values (10, 'Taksimo (Buryatiya)');
insert into city(region_id, name) values (10, 'Turuntaevo');
insert into city(region_id, name) values (10, 'Ulan-Ude');
insert into city(region_id, name) values (10, 'Horinsk');
insert into city(region_id, name) values (87, 'Aleksandriya');
insert into city(region_id, name) values (87, 'Aleksandrovka');
insert into city(region_id, name) values (87, 'Bobrinec');
insert into city(region_id, name) values (87, 'Gaivoron');
insert into city(region_id, name) values (87, 'Golovanevsk');
insert into city(region_id, name) values (87, 'Dobrovelichkovka');
insert into city(region_id, name) values (87, 'Dolinskaya');
insert into city(region_id, name) values (87, 'Elizavetgradka');
insert into city(region_id, name) values (87, 'Zavale');
insert into city(region_id, name) values (87, 'Znamenka');
insert into city(region_id, name) values (87, 'Znamenka-Vtoraya');
insert into city(region_id, name) values (87, 'Kapitanovka');
insert into city(region_id, name) values (87, 'Kirovograd');
insert into city(region_id, name) values (87, 'Kompaneevka');
insert into city(region_id, name) values (87, 'Malaya Viska');
insert into city(region_id, name) values (87, 'Novgorodka');
insert into city(region_id, name) values (87, 'Novoarhangelsk');
insert into city(region_id, name) values (87, 'Novomirgorod');
insert into city(region_id, name) values (87, 'Novoukrainka');
insert into city(region_id, name) values (87, 'Olshanka');
insert into city(region_id, name) values (87, 'Onufrievka');
insert into city(region_id, name) values (87, 'Petrovo');
insert into city(region_id, name) values (87, 'Svetlovodsk');
insert into city(region_id, name) values (87, 'Ulyanovka');
insert into city(region_id, name) values (87, 'Ustinovka');
insert into city(region_id, name) values (112, 'Aberfeldy');
insert into city(region_id, name) values (112, 'Acheron');
insert into city(region_id, name) values (112, 'Adelaide Lead');
insert into city(region_id, name) values (112, 'Ailsa');
insert into city(region_id, name) values (112, 'Aireys Inlet');
insert into city(region_id, name) values (112, 'Airly');
insert into city(region_id, name) values (112, 'Alambee');
insert into city(region_id, name) values (112, 'Alberton West');
insert into city(region_id, name) values (112, 'Albion');
insert into city(region_id, name) values (112, 'Alexandra');
insert into city(region_id, name) values (112, 'Alfredton');
insert into city(region_id, name) values (112, 'Alma');
insert into city(region_id, name) values (112, 'Alvie');
insert into city(region_id, name) values (112, 'Ancona');
insert into city(region_id, name) values (112, 'Anderson');
insert into city(region_id, name) values (112, 'Antwerp');
insert into city(region_id, name) values (112, 'Armadale');
insert into city(region_id, name) values (112, 'Arnold');
insert into city(region_id, name) values (112, 'Ballam Park');
insert into city(region_id, name) values (112, 'Balook');
insert into city(region_id, name) values (112, 'Barmah');
insert into city(region_id, name) values (112, 'Bass');
insert into city(region_id, name) values (112, 'Bayswater');
insert into city(region_id, name) values (112, 'Bolton');
insert into city(region_id, name) values (112, 'Boolite');
insert into city(region_id, name) values (112, 'Brighton');
insert into city(region_id, name) values (112, 'Colac');
insert into city(region_id, name) values (112, 'Geelong');
insert into city(region_id, name) values (112, 'Horsham');
insert into city(region_id, name) values (112, 'Lubeck');
insert into city(region_id, name) values (112, 'Melbourne');
insert into city(region_id, name) values (112, 'Moorabbin');
insert into city(region_id, name) values (112, 'San Remo');
insert into city(region_id, name) values (112, 'Silver Creek');
insert into city(region_id, name) values (112, 'Snake Valley');
insert into city(region_id, name) values (112, 'South Yarra');
insert into city(region_id, name) values (112, 'Stalker');
insert into city(region_id, name) values (112, 'Syndal');
insert into city(region_id, name) values (112, 'Victoria Valley');
insert into city(region_id, name) values (112, 'Warragul');
insert into city(region_id, name) values (112, 'Wheelers Hill');
insert into city(region_id, name) values (112, 'Yarrawonga');
insert into city(region_id, name) values (120, 'Absam');
insert into city(region_id, name) values (120, 'Achenkirch');
insert into city(region_id, name) values (120, 'Ainet');
insert into city(region_id, name) values (120, 'Aldrans');
insert into city(region_id, name) values (120, 'Axams');
insert into city(region_id, name) values (120, 'Biberwier');
insert into city(region_id, name) values (120, 'Bichlbach');
insert into city(region_id, name) values (120, 'Brandenberg');
insert into city(region_id, name) values (120, 'Brixlegg');
insert into city(region_id, name) values (120, 'Dlsach');
insert into city(region_id, name) values (120, 'Elmen');
insert into city(region_id, name) values (120, 'Erl');
insert into city(region_id, name) values (120, 'Finkenberg');
insert into city(region_id, name) values (120, 'Flirsch');
insert into city(region_id, name) values (120, 'Hall in Tirol');
insert into city(region_id, name) values (120, 'Hopfgarten im Brixental');
insert into city(region_id, name) values (120, 'Innsbruck');
insert into city(region_id, name) values (120, 'Jenbach');
insert into city(region_id, name) values (120, 'Kirchdorf in Tirol');
insert into city(region_id, name) values (120, 'Kitzbhel');
insert into city(region_id, name) values (120, 'Kssen');
insert into city(region_id, name) values (120, 'Kufstein');
insert into city(region_id, name) values (120, 'Mayrhofen');
insert into city(region_id, name) values (120, 'Nauders');
insert into city(region_id, name) values (120, 'Seefeld in Tirol');
insert into city(region_id, name) values (120, 'Slden');
insert into city(region_id, name) values (120, 'Vls');
insert into city(region_id, name) values (120, 'Wenns');
insert into city(region_id, name) values (120, 'Zirl');
insert into city(region_id, name) values (130, 'Ada');
insert into city(region_id, name) values (130, 'Ad Bunac');
insert into city(region_id, name) values (141, 'Andorra');
insert into city(region_id, name) values (141, 'Andorra la Vella');
insert into city(region_id, name) values (141, 'Andorra-Vieille');
insert into region(id, country_id, name) values (149, 11, 'Antigua i Barbuda');
insert into city(region_id, name) values (11, 'Aleksandrov');
insert into city(region_id, name) values (11, 'Andreevo');
insert into city(region_id, name) values (11, 'Anopino');
insert into city(region_id, name) values (11, 'Bavleny');
insert into city(region_id, name) values (11, 'Balakirevo');
insert into city(region_id, name) values (11, 'Bogolyubovo');
insert into city(region_id, name) values (11, 'Velikodvorskii');
insert into city(region_id, name) values (11, 'Verbovskii');
insert into city(region_id, name) values (11, 'Vladimir');
insert into city(region_id, name) values (11, 'Vyazniki');
insert into city(region_id, name) values (11, 'Gorodischi (Vladimirskaya obl.)');
insert into city(region_id, name) values (11, 'Gorohovec');
insert into city(region_id, name) values (11, 'Gusevskii');
insert into city(region_id, name) values (11, 'Gus Hrustalnyi');
insert into city(region_id, name) values (11, 'Gus-Hrustalnyi');
insert into city(region_id, name) values (11, 'Zolotkovo');
insert into city(region_id, name) values (11, 'Ivanischi');
insert into city(region_id, name) values (11, 'Kameshkovo');
insert into city(region_id, name) values (11, 'Karabanovo');
insert into city(region_id, name) values (11, 'Kirjach');
insert into city(region_id, name) values (11, 'Kovrov');
insert into city(region_id, name) values (11, 'Kolchugino');
insert into city(region_id, name) values (11, 'Krasnaya Gorbatka');
insert into city(region_id, name) values (11, 'Lakinsk');
insert into city(region_id, name) values (11, 'Melenki');
insert into city(region_id, name) values (11, 'Murom');
insert into city(region_id, name) values (11, 'Petushki');
insert into city(region_id, name) values (11, 'Pokrov');
insert into city(region_id, name) values (11, 'Radujnyi (Vladimirskaya obl.)');
insert into city(region_id, name) values (11, 'Sobinka');
insert into city(region_id, name) values (11, 'Sudogda');
insert into city(region_id, name) values (11, 'Suzdal');
insert into city(region_id, name) values (11, 'YUrev-Polskii');
insert into city(region_id, name) values (88, 'Azovskoe');
insert into city(region_id, name) values (88, 'Alupka');
insert into city(region_id, name) values (88, 'Alushta');
insert into city(region_id, name) values (88, 'Armyansk');
insert into city(region_id, name) values (88, 'Bagerovo');
insert into city(region_id, name) values (88, 'Balaklava');
insert into city(region_id, name) values (88, 'Bahchisarai');
insert into city(region_id, name) values (88, 'Belogorsk');
insert into city(region_id, name) values (88, 'Gaspra');
insert into city(region_id, name) values (88, 'Gvardeiskoe');
insert into city(region_id, name) values (88, 'Gurzuf');
insert into city(region_id, name) values (88, 'Djankoi');
insert into city(region_id, name) values (88, 'Evpatoriya');
insert into city(region_id, name) values (88, 'Zuya');
insert into city(region_id, name) values (88, 'Kerch');
insert into city(region_id, name) values (88, 'Kirovskoe');
insert into city(region_id, name) values (88, 'Koktebel');
insert into city(region_id, name) values (88, 'Krasnogvardeiskoe');
insert into city(region_id, name) values (88, 'Krasnoperekopsk');
insert into city(region_id, name) values (88, 'Lenino');
insert into city(region_id, name) values (88, 'Massandra');
insert into city(region_id, name) values (88, 'Nijnegorskii');
insert into city(region_id, name) values (88, 'Pervomaiskoe');
insert into city(region_id, name) values (88, 'Razdolnoe');
insert into city(region_id, name) values (88, 'Saki');
insert into city(region_id, name) values (88, 'Sevastopol');
insert into city(region_id, name) values (88, 'Simeiz');
insert into city(region_id, name) values (88, 'Simferopol');
insert into city(region_id, name) values (88, 'Sovetskii');
insert into city(region_id, name) values (88, 'Sudak');
insert into city(region_id, name) values (88, 'Feodosiya');
insert into city(region_id, name) values (88, 'Foros');
insert into city(region_id, name) values (88, 'CHernomorskoe');
insert into city(region_id, name) values (88, 'SCHyolkino');
insert into city(region_id, name) values (88, 'YAlta');
insert into city(region_id, name) values (113, 'Abbotts');
insert into city(region_id, name) values (113, 'Agnew');
insert into city(region_id, name) values (113, 'Australind');
insert into city(region_id, name) values (113, 'Babakin');
insert into city(region_id, name) values (113, 'Baddera');
insert into city(region_id, name) values (113, 'Balgarri');
insert into city(region_id, name) values (113, 'Balgo');
insert into city(region_id, name) values (113, 'Belka');
insert into city(region_id, name) values (113, 'Big Bell');
insert into city(region_id, name) values (113, 'Canna');
insert into city(region_id, name) values (113, 'Denmark');
insert into city(region_id, name) values (113, 'Devans Find Mining Centre');
insert into city(region_id, name) values (113, 'East Fremantle');
insert into city(region_id, name) values (113, 'Kalbarri');
insert into city(region_id, name) values (113, 'Koojan');
insert into city(region_id, name) values (113, 'Lancelin');
insert into city(region_id, name) values (113, 'Narra Tarra');
insert into city(region_id, name) values (113, 'Perth');
insert into city(region_id, name) values (113, 'Perth City');
insert into city(region_id, name) values (113, 'Sawyers Valley');
insert into city(region_id, name) values (113, 'Seabird');
insert into city(region_id, name) values (113, 'Station Peak Mining Centre');
insert into city(region_id, name) values (113, 'York');
insert into city(region_id, name) values (121, 'Alberschwende');
insert into city(region_id, name) values (121, 'Bludenz');
insert into city(region_id, name) values (121, 'Bregenz');
insert into city(region_id, name) values (121, 'Dalaas');
insert into city(region_id, name) values (121, 'Dornbirn');
insert into city(region_id, name) values (121, 'Feldkirch');
insert into city(region_id, name) values (121, 'Lech');
insert into city(region_id, name) values (121, 'Mellau');
insert into city(region_id, name) values (131, 'Ajios Nikolaos');
insert into city(region_id, name) values (131, 'Beishti');
insert into city(region_id, name) values (131, 'Suka');
insert into city(region_id, name) values (142, 'Canillo');
insert into city(region_id, name) values (149, 'Baster');
insert into city(region_id, name) values (149, 'Bridjtaun');
insert into city(region_id, name) values (149, 'Kastri');
insert into city(region_id, name) values (149, 'Kingstaun');
insert into city(region_id, name) values (149, 'Rozo');
insert into city(region_id, name) values (149, 'San-Huan');
insert into city(region_id, name) values (149, 'Sent-Djons');
insert into city(region_id, name) values (149, 'Sent-Djordjes');
insert into region(id, country_id, name) values (150, 12, 'Villemstad');
insert into city(region_id, name) values (12, 'Alekseevskaya');
insert into city(region_id, name) values (12, 'Aluschevsk');
insert into city(region_id, name) values (12, 'Bykovo (Volgogradskaya obl.)');
insert into city(region_id, name) values (12, 'Volgograd');
insert into city(region_id, name) values (12, 'Voljskii (Volgogradskaya obl.)');
insert into city(region_id, name) values (12, 'Gorodische (Volgogradskaya obl.)');
insert into city(region_id, name) values (12, 'Dubovka (Volgogradskaya obl.)');
insert into city(region_id, name) values (12, 'Elan');
insert into city(region_id, name) values (12, 'Jirnovsk');
insert into city(region_id, name) values (12, 'Ilovlya');
insert into city(region_id, name) values (12, 'Kalach-na-Donu');
insert into city(region_id, name) values (12, 'Kamyshin');
insert into city(region_id, name) values (12, 'Kirillov');
insert into city(region_id, name) values (12, 'Kletskii');
insert into city(region_id, name) values (12, 'Kotelnikovo');
insert into city(region_id, name) values (12, 'Kotovo');
insert into city(region_id, name) values (12, 'Kumyljenskaya');
insert into city(region_id, name) values (12, 'Leninsk');
insert into city(region_id, name) values (12, 'Mihailovka');
insert into city(region_id, name) values (12, 'Nehaevskii');
insert into city(region_id, name) values (12, 'Nikolaevsk');
insert into city(region_id, name) values (12, 'Novoanninskii');
insert into city(region_id, name) values (12, 'Novonikolaevskii');
insert into city(region_id, name) values (12, 'Olhovka');
insert into city(region_id, name) values (12, 'Pallasovka (Volgogradskaya obl.)');
insert into city(region_id, name) values (12, 'Rudnya (Volgogradskaya obl.)');
insert into city(region_id, name) values (12, 'Svetlyi YAr');
insert into city(region_id, name) values (12, 'Serafimovich');
insert into city(region_id, name) values (12, 'Srednyaya Ahtuba');
insert into city(region_id, name) values (12, 'Stalingrad');
insert into city(region_id, name) values (12, 'Staraya Poltavka');
insert into city(region_id, name) values (12, 'Surovikino');
insert into city(region_id, name) values (12, 'Uryupinsk');
insert into city(region_id, name) values (12, 'Frolovo');
insert into city(region_id, name) values (12, 'CHernyshkovskii');
insert into city(region_id, name) values (89, 'Aleksadrovsk');
insert into city(region_id, name) values (89, 'Alchevsk');
insert into city(region_id, name) values (89, 'Antracit');
insert into city(region_id, name) values (89, 'Artemovsk');
insert into city(region_id, name) values (89, 'Bairachki');
insert into city(region_id, name) values (89, 'Belovodsk');
insert into city(region_id, name) values (89, 'Beloe');
insert into city(region_id, name) values (89, 'Belokurakino');
insert into city(region_id, name) values (89, 'Beloluck');
insert into city(region_id, name) values (89, 'Biryukovo');
insert into city(region_id, name) values (89, 'Bokovo-Platovo');
insert into city(region_id, name) values (89, 'Borovskoe');
insert into city(region_id, name) values (89, 'Bryanka');
insert into city(region_id, name) values (89, 'Bugaevka');
insert into city(region_id, name) values (89, 'Vahrushevo');
insert into city(region_id, name) values (89, 'Velikii Log');
insert into city(region_id, name) values (89, 'Vergulevka');
insert into city(region_id, name) values (89, 'Volodarsk');
insert into city(region_id, name) values (89, 'Volcheyarovka');
insert into city(region_id, name) values (89, 'Voroshilovgrad');
insert into city(region_id, name) values (89, 'Vrubovka');
insert into city(region_id, name) values (89, 'Vrubovskii');
insert into city(region_id, name) values (89, 'Georgievka');
insert into city(region_id, name) values (89, 'Gorskoe');
insert into city(region_id, name) values (89, 'Esaulovka');
insert into city(region_id, name) values (89, 'Zimogore');
insert into city(region_id, name) values (89, 'Zolotoe');
insert into city(region_id, name) values (89, 'Zorinsk');
insert into city(region_id, name) values (89, 'Izvarino');
insert into city(region_id, name) values (89, 'Kalinovo');
insert into city(region_id, name) values (89, 'Kirovsk');
insert into city(region_id, name) values (89, 'Kommunarsk');
insert into city(region_id, name) values (89, 'Krasnodon');
insert into city(region_id, name) values (89, 'Krasnyi Luch');
insert into city(region_id, name) values (89, 'Kremennaya');
insert into city(region_id, name) values (89, 'Lisichansk');
insert into city(region_id, name) values (89, 'Lugansk');
insert into city(region_id, name) values (89, 'Lutugino');
insert into city(region_id, name) values (89, 'Markovka');
insert into city(region_id, name) values (89, 'Melovoe');
insert into city(region_id, name) values (89, 'Molodogvardeisk');
insert into city(region_id, name) values (89, 'Novoaidar');
insert into city(region_id, name) values (89, 'Novopskov');
insert into city(region_id, name) values (89, 'Pervomaisk');
insert into city(region_id, name) values (89, 'Perevalsk');
insert into city(region_id, name) values (89, 'Popasnaya');
insert into city(region_id, name) values (89, 'Rovenki');
insert into city(region_id, name) values (89, 'Rubejnoe');
insert into city(region_id, name) values (89, 'Svatovo');
insert into city(region_id, name) values (89, 'Sverdlovsk');
insert into city(region_id, name) values (89, 'Severodoneck');
insert into city(region_id, name) values (89, 'Slavyanoserbsk');
insert into city(region_id, name) values (89, 'Stanichno-Luganskoe');
insert into city(region_id, name) values (89, 'Starobelsk');
insert into city(region_id, name) values (89, 'Stahanov');
insert into city(region_id, name) values (89, 'Schaste');
insert into city(region_id, name) values (89, 'Troickoe');
insert into city(region_id, name) values (122, 'Wien');
insert into city(region_id, name) values (132, 'Alemas');
insert into city(region_id, name) values (132, 'Ano Selce');
insert into city(region_id, name) values (132, 'Bar');
insert into city(region_id, name) values (143, 'Encamp');
insert into city(region_id, name) values (150, 'Villemstad');
insert into region(id, country_id, name) values (151, 13, 'Buenos Aires');
insert into region(id, country_id, name) values (152, 13, 'Catamarca');
insert into region(id, country_id, name) values (153, 13, 'Chaco');
insert into region(id, country_id, name) values (154, 13, 'Chubut');
insert into region(id, country_id, name) values (155, 13, 'Crdoba');
insert into region(id, country_id, name) values (156, 13, 'Corrientes');
insert into region(id, country_id, name) values (157, 13, 'Distrito Federal');
insert into region(id, country_id, name) values (158, 13, 'Entre Ros');
insert into region(id, country_id, name) values (159, 13, 'Formosa');
insert into region(id, country_id, name) values (160, 13, 'Jujuy');
insert into region(id, country_id, name) values (161, 13, 'La Pampa');
insert into region(id, country_id, name) values (162, 13, 'La Rioja');
insert into region(id, country_id, name) values (163, 13, 'Mendoza');
insert into region(id, country_id, name) values (164, 13, 'Misiones');
insert into region(id, country_id, name) values (165, 13, 'Neuqun');
insert into region(id, country_id, name) values (166, 13, 'Ro Negro');
insert into region(id, country_id, name) values (167, 13, 'Salta');
insert into region(id, country_id, name) values (168, 13, 'San Juan');
insert into region(id, country_id, name) values (169, 13, 'San Luis');
insert into region(id, country_id, name) values (170, 13, 'Santa Cruz');
insert into region(id, country_id, name) values (171, 13, 'Santa Fe');
insert into region(id, country_id, name) values (172, 13, 'Santiago del Estero');
insert into region(id, country_id, name) values (173, 13, 'Tierra del Fuego');
insert into region(id, country_id, name) values (174, 13, 'Tucumn');
insert into city(region_id, name) values (13, 'Babaevo');
insert into city(region_id, name) values (13, 'Belozersk');
insert into city(region_id, name) values (13, 'Velikii Ustyug');
insert into city(region_id, name) values (13, 'Verhovaje');
insert into city(region_id, name) values (13, 'Vojega');
insert into city(region_id, name) values (13, 'Vologda');
insert into city(region_id, name) values (13, 'Vohtoga');
insert into city(region_id, name) values (13, 'Vytegra');
insert into city(region_id, name) values (13, 'Gryazovec');
insert into city(region_id, name) values (13, 'Kadnikov');
insert into city(region_id, name) values (13, 'Kadui');
insert into city(region_id, name) values (13, 'Kirillov');
insert into city(region_id, name) values (13, 'Kichmengskii Gorodok');
insert into city(region_id, name) values (13, 'Lipin Bor');
insert into city(region_id, name) values (13, 'Nikolsk');
insert into city(region_id, name) values (13, 'Nyuksenica');
insert into city(region_id, name) values (13, 'Sokol');
insert into city(region_id, name) values (13, 'Syamja');
insert into city(region_id, name) values (13, 'Tarnogskii Gorodok');
insert into city(region_id, name) values (13, 'Totma');
insert into city(region_id, name) values (13, 'Ustyujna');
insert into city(region_id, name) values (13, 'Harovsk');
insert into city(region_id, name) values (13, 'CHagoda');
insert into city(region_id, name) values (13, 'CHerepovec');
insert into city(region_id, name) values (13, 'SHeksna');
insert into city(region_id, name) values (13, 'SHuiskoe');
insert into city(region_id, name) values (90, 'Belz');
insert into city(region_id, name) values (90, 'Bobrka');
insert into city(region_id, name) values (90, 'Borislav');
insert into city(region_id, name) values (90, 'Brody');
insert into city(region_id, name) values (90, 'Busk');
insert into city(region_id, name) values (90, 'Velikie Mosty');
insert into city(region_id, name) values (90, 'Verhnee Sinevidnoe');
insert into city(region_id, name) values (90, 'Vinniki');
insert into city(region_id, name) values (90, 'Glinyany');
insert into city(region_id, name) values (90, 'Gornyak');
insert into city(region_id, name) values (90, 'Dashava');
insert into city(region_id, name) values (90, 'Dobrotvor');
insert into city(region_id, name) values (90, 'Drogobych');
insert into city(region_id, name) values (90, 'Jidachov');
insert into city(region_id, name) values (90, 'Jovkva');
insert into city(region_id, name) values (90, 'Zolochev');
insert into city(region_id, name) values (90, 'Ivano-Frankovo');
insert into city(region_id, name) values (90, 'Kamenka-Bugskaya');
insert into city(region_id, name) values (90, 'Krasne');
insert into city(region_id, name) values (90, 'Lvov');
insert into city(region_id, name) values (90, 'Morshin');
insert into city(region_id, name) values (90, 'Mostiska');
insert into city(region_id, name) values (90, 'Nesterov');
insert into city(region_id, name) values (90, 'Nikolaev');
insert into city(region_id, name) values (90, 'Novyi Rozdil');
insert into city(region_id, name) values (90, 'Peremyshlyany');
insert into city(region_id, name) values (90, 'Pustomyty');
insert into city(region_id, name) values (90, 'Rava Russkaya');
insert into city(region_id, name) values (90, 'Radehov');
insert into city(region_id, name) values (90, 'Sambor');
insert into city(region_id, name) values (90, 'Skole');
insert into city(region_id, name) values (90, 'Sokal');
insert into city(region_id, name) values (90, 'Staryi Sambor');
insert into city(region_id, name) values (90, 'Stryi');
insert into city(region_id, name) values (90, 'Truskavec');
insert into city(region_id, name) values (90, 'Turka');
insert into city(region_id, name) values (90, 'CHervonograd');
insert into city(region_id, name) values (90, 'YAvorov');
insert into city(region_id, name) values (133, 'Arn');
insert into city(region_id, name) values (133, 'Arrza');
insert into city(region_id, name) values (133, 'Bajani');
insert into city(region_id, name) values (144, 'Escaldes');
insert into city(region_id, name) values (144, 'Las Escadas');
insert into city(region_id, name) values (144, 'Les Escaldes');
insert into city(region_id, name) values (151, '12 de Agosto');
insert into city(region_id, name) values (151, '16 de Julio');
insert into city(region_id, name) values (151, '17 de Agosto');
insert into city(region_id, name) values (151, '24 de Febrero');
insert into city(region_id, name) values (151, '25 de Mayo');
insert into city(region_id, name) values (151, '30 de Agosto');
insert into city(region_id, name) values (151, '9 de Julio');
insert into city(region_id, name) values (151, 'A. Brown');
insert into city(region_id, name) values (151, 'A. Carboni');
insert into city(region_id, name) values (151, 'A. Corti');
insert into city(region_id, name) values (151, 'A. de la Cruz');
insert into city(region_id, name) values (151, 'A. de Toledo');
insert into city(region_id, name) values (151, 'A. Gascn');
insert into city(region_id, name) values (151, 'A. Roca');
insert into city(region_id, name) values (151, 'Abasto');
insert into city(region_id, name) values (151, 'Abel');
insert into city(region_id, name) values (151, 'Acassuso');
insert into city(region_id, name) values (151, 'Acevedo');
insert into city(region_id, name) values (151, 'Adolfo Alsina');
insert into city(region_id, name) values (151, 'Agote');
insert into city(region_id, name) values (151, 'lamos');
insert into city(region_id, name) values (151, 'Aldea Romana');
insert into city(region_id, name) values (151, 'Alegre');
insert into city(region_id, name) values (151, 'Almirante Brown');
insert into city(region_id, name) values (151, 'Aragn');
insert into city(region_id, name) values (151, 'Arenales');
insert into city(region_id, name) values (151, 'Atalaya');
insert into city(region_id, name) values (151, 'Avellaneda');
insert into city(region_id, name) values (151, 'Baha Blanca');
insert into city(region_id, name) values (151, 'Ballester');
insert into city(region_id, name) values (151, 'Balneario Pinamar');
insert into city(region_id, name) values (151, 'Balneario Santa Teresa');
insert into city(region_id, name) values (151, 'Balneario Sauce Grande');
insert into city(region_id, name) values (151, 'Baradero');
insert into city(region_id, name) values (151, 'Bariloche');
insert into city(region_id, name) values (151, 'Beln de Escobar');
insert into city(region_id, name) values (151, 'Bordenave');
insert into city(region_id, name) values (151, 'Buena Vista');
insert into city(region_id, name) values (151, 'Cabildo');
insert into city(region_id, name) values (151, 'Cangallo');
insert into city(region_id, name) values (151, 'Caseros');
insert into city(region_id, name) values (151, 'Ciudadela');
insert into city(region_id, name) values (151, 'Delgado');
insert into city(region_id, name) values (151, 'Diamante');
insert into city(region_id, name) values (151, 'Ensenada');
insert into city(region_id, name) values (151, 'General Rodrguez');
insert into city(region_id, name) values (151, 'Ingeniero Maschwitz');
insert into city(region_id, name) values (151, 'Jos L. Surez');
insert into city(region_id, name) values (151, 'Juan Jos Paso');
insert into city(region_id, name) values (151, 'Krabb');
insert into city(region_id, name) values (151, 'La Plata');
insert into city(region_id, name) values (151, 'Lans');
insert into city(region_id, name) values (151, 'Lezama');
insert into city(region_id, name) values (151, 'Lincoln');
insert into city(region_id, name) values (151, 'Llavallol');
insert into city(region_id, name) values (151, 'Los Indios');
insert into city(region_id, name) values (151, 'Manzone');
insert into city(region_id, name) values (151, 'Mar Chiquita');
insert into city(region_id, name) values (151, 'Mar de Plata');
insert into city(region_id, name) values (151, 'Mar del Plata');
insert into city(region_id, name) values (151, 'Marcos Paz');
insert into city(region_id, name) values (151, 'Mariano Acosta');
insert into city(region_id, name) values (151, 'Marucha');
insert into city(region_id, name) values (151, 'Mercedes');
insert into city(region_id, name) values (151, 'Monte Grande');
insert into city(region_id, name) values (151, 'Morn');
insert into city(region_id, name) values (151, 'Olivos');
insert into city(region_id, name) values (151, 'Palemn Huergo');
insert into city(region_id, name) values (151, 'Primera Junta');
insert into city(region_id, name) values (151, 'Punta Alta');
insert into city(region_id, name) values (151, 'Ramos Meja');
insert into city(region_id, name) values (151, 'Rivadavia');
insert into city(region_id, name) values (151, 'San Martn');
insert into city(region_id, name) values (151, 'San Miguel');
insert into city(region_id, name) values (151, 'San Vicente');
insert into city(region_id, name) values (151, 'Tandil');
insert into city(region_id, name) values (151, 'Temperley');
insert into city(region_id, name) values (151, 'Tigre');
insert into city(region_id, name) values (151, 'Trenque Lauquen');
insert into city(region_id, name) values (151, 'Tres Arroyos');
insert into city(region_id, name) values (151, 'V. Lpez');
insert into city(region_id, name) values (151, 'Vicente Lpez');
insert into city(region_id, name) values (151, 'Villa Ballester');
insert into city(region_id, name) values (151, 'Villa General Savio');
insert into city(region_id, name) values (151, 'Wilde');
insert into region(id, country_id, name) values (175, 14, 'Aragatsotn');
insert into region(id, country_id, name) values (176, 14, 'Ararat');
insert into region(id, country_id, name) values (177, 14, 'Armavir');
insert into region(id, country_id, name) values (178, 14, 'Geghark''''unik''''');
insert into region(id, country_id, name) values (179, 14, 'Kotayk''''');
insert into region(id, country_id, name) values (180, 14, 'Lorri');
insert into region(id, country_id, name) values (181, 14, 'None');
insert into region(id, country_id, name) values (182, 14, 'Shirak');
insert into region(id, country_id, name) values (183, 14, 'Syunik''''');
insert into region(id, country_id, name) values (184, 14, 'Tavush');
insert into region(id, country_id, name) values (185, 14, 'Vayots'''' Dzor');
insert into region(id, country_id, name) values (186, 14, 'Yerevan');
insert into city(region_id, name) values (14, 'Kalach');
insert into city(region_id, name) values (14, 'Anna');
insert into city(region_id, name) values (14, 'Bobrov');
insert into city(region_id, name) values (14, 'Boguchar');
insert into city(region_id, name) values (14, 'Borisoglebsk');
insert into city(region_id, name) values (14, 'Buturlinovka');
insert into city(region_id, name) values (14, 'Verhnii Mamon');
insert into city(region_id, name) values (14, 'Verhnyaya Hava');
insert into city(region_id, name) values (14, 'Vorobevka');
insert into city(region_id, name) values (14, 'Voronej');
insert into city(region_id, name) values (14, 'Gribanovskii');
insert into city(region_id, name) values (14, 'Davydovka');
insert into city(region_id, name) values (14, 'Elan-Kolenovskii');
insert into city(region_id, name) values (14, 'Kantemirovka');
insert into city(region_id, name) values (14, 'Liski (Voronejskaya obl.)');
insert into city(region_id, name) values (14, 'Nijnedevick');
insert into city(region_id, name) values (14, 'Novaya Usman');
insert into city(region_id, name) values (14, 'Novovoronej');
insert into city(region_id, name) values (14, 'Novohopersk');
insert into city(region_id, name) values (14, 'Olhovatka');
insert into city(region_id, name) values (14, 'Ostrogojsk');
insert into city(region_id, name) values (14, 'Pavlovsk (Voronejskaya obl.)');
insert into city(region_id, name) values (14, 'Panino');
insert into city(region_id, name) values (14, 'Petropavlovka');
insert into city(region_id, name) values (14, 'Povorino');
insert into city(region_id, name) values (14, 'Podgorenskii');
insert into city(region_id, name) values (14, 'Ramon');
insert into city(region_id, name) values (14, 'Repevka');
insert into city(region_id, name) values (14, 'Rossosh');
insert into city(region_id, name) values (14, 'Semiluki');
insert into city(region_id, name) values (14, 'Talovaya');
insert into city(region_id, name) values (14, 'Ternovka');
insert into city(region_id, name) values (14, 'Hoholskii');
insert into city(region_id, name) values (14, 'Ertil');
insert into city(region_id, name) values (91, 'Aleksandrovka');
insert into city(region_id, name) values (91, 'Arbuzinka');
insert into city(region_id, name) values (91, 'Bashtanka');
insert into city(region_id, name) values (91, 'Bereznegovatoe');
insert into city(region_id, name) values (91, 'Bratskoe');
insert into city(region_id, name) values (91, 'Velikaya Koreniha');
insert into city(region_id, name) values (91, 'Veselinovo');
insert into city(region_id, name) values (91, 'Voznesensk');
insert into city(region_id, name) values (91, 'Domanevka');
insert into city(region_id, name) values (91, 'Elanec');
insert into city(region_id, name) values (91, 'Kazanka');
insert into city(region_id, name) values (91, 'Koblevo');
insert into city(region_id, name) values (91, 'Krivoe Ozero');
insert into city(region_id, name) values (91, 'Nikolaev');
insert into city(region_id, name) values (91, 'Novaya Odessa');
insert into city(region_id, name) values (91, 'Novyi Bug');
insert into city(region_id, name) values (91, 'Ochakov');
insert into city(region_id, name) values (91, 'Pervomaisk');
insert into city(region_id, name) values (91, 'Snigirevka');
insert into city(region_id, name) values (91, 'YUjnoukrainsk');
insert into city(region_id, name) values (134, 'Goxhaj');
insert into city(region_id, name) values (145, 'La Maana');
insert into city(region_id, name) values (145, 'La Massana');
insert into city(region_id, name) values (152, 'Adolfo E. Carranza');
insert into city(region_id, name) values (152, 'Majada');
insert into city(region_id, name) values (152, 'San Fernando del Valle de Catamarca');
insert into city(region_id, name) values (152, 'Tinogasta');
insert into city(region_id, name) values (175, 'Abaran');
insert into city(region_id, name) values (175, 'Achtarak');
insert into city(region_id, name) values (175, 'Agarak');
insert into city(region_id, name) values (175, 'Aghts''''k''''');
insert into city(region_id, name) values (175, 'Alagyaz');
insert into city(region_id, name) values (175, 'Aparan');
insert into city(region_id, name) values (175, 'Aragats');
insert into city(region_id, name) values (175, 'Aragatsotn');
insert into city(region_id, name) values (175, 'Ashtarak');
insert into city(region_id, name) values (175, 'Dzhamushlu');
insert into city(region_id, name) values (175, 'Oganavan');
insert into city(region_id, name) values (175, 'Persi');
insert into city(region_id, name) values (175, 'Talin');
insert into city(region_id, name) values (175, 'Ujan');
insert into city(region_id, name) values (175, 'Yerindzhatap');
insert into region(id, country_id, name) values (187, 15, 'Arulko');
insert into city(region_id, name) values (15, 'Agvali');
insert into city(region_id, name) values (15, 'Akusha');
insert into city(region_id, name) values (15, 'Ahty');
insert into city(region_id, name) values (15, 'Achisu');
insert into city(region_id, name) values (15, 'Babayurt');
insert into city(region_id, name) values (15, 'Bejta');
insert into city(region_id, name) values (15, 'Botlih');
insert into city(region_id, name) values (15, 'Buinaksk');
insert into city(region_id, name) values (15, 'Vachi');
insert into city(region_id, name) values (15, 'Gergebil');
insert into city(region_id, name) values (15, 'Gunib');
insert into city(region_id, name) values (15, 'Dagestanskie Ogni');
insert into city(region_id, name) values (15, 'Derbent');
insert into city(region_id, name) values (15, 'Dylym');
insert into city(region_id, name) values (15, 'Ershovka');
insert into city(region_id, name) values (15, 'Izberbash');
insert into city(region_id, name) values (15, 'Karabudahkent');
insert into city(region_id, name) values (15, 'Karata');
insert into city(region_id, name) values (15, 'Kaspiisk');
insert into city(region_id, name) values (15, 'Kasumkent');
insert into city(region_id, name) values (15, 'Kizilyurt');
insert into city(region_id, name) values (15, 'Kizlyar');
insert into city(region_id, name) values (15, 'Kochubei');
insert into city(region_id, name) values (15, 'Kumuh');
insert into city(region_id, name) values (15, 'Kurah');
insert into city(region_id, name) values (15, 'Magaramkent');
insert into city(region_id, name) values (15, 'Madjalis');
insert into city(region_id, name) values (15, 'Mahachkala');
insert into city(region_id, name) values (15, 'Mehelta');
insert into city(region_id, name) values (15, 'Novolakskoe');
insert into city(region_id, name) values (15, 'Rutul');
insert into city(region_id, name) values (15, 'Sovetskoe (Dagestan)');
insert into city(region_id, name) values (15, 'Tarumovka');
insert into city(region_id, name) values (15, 'Terekli-Mekteb');
insert into city(region_id, name) values (15, 'Tlyarata');
insert into city(region_id, name) values (15, 'Tpig');
insert into city(region_id, name) values (15, 'Uncukul');
insert into city(region_id, name) values (15, 'Urkarah');
insert into city(region_id, name) values (15, 'Hasavyurt');
insert into city(region_id, name) values (15, 'Hiv');
insert into city(region_id, name) values (15, 'Hunzah');
insert into city(region_id, name) values (15, 'Curib');
insert into city(region_id, name) values (15, 'YUjno-Suhokumsk');
insert into city(region_id, name) values (92, 'Akkerman');
insert into city(region_id, name) values (92, 'Ananev');
insert into city(region_id, name) values (92, 'Arciz');
insert into city(region_id, name) values (92, 'Balta');
insert into city(region_id, name) values (92, 'Belgorod-Dnestrovskii');
insert into city(region_id, name) values (92, 'Belyaevka');
insert into city(region_id, name) values (92, 'Berezino');
insert into city(region_id, name) values (92, 'Berezovka');
insert into city(region_id, name) values (92, 'Bolgrad');
insert into city(region_id, name) values (92, 'Borodino');
insert into city(region_id, name) values (92, 'Velikaya Mihailovka');
insert into city(region_id, name) values (92, 'Velikodolininskoe');
insert into city(region_id, name) values (92, 'Vilkovo');
insert into city(region_id, name) values (92, 'Zatishe');
insert into city(region_id, name) values (92, 'Izmail');
insert into city(region_id, name) values (92, 'Ilichevsk');
insert into city(region_id, name) values (92, 'Kiliya');
insert into city(region_id, name) values (92, 'Kodyma');
insert into city(region_id, name) values (92, 'Kominternovskoe');
insert into city(region_id, name) values (92, 'Kotovsk');
insert into city(region_id, name) values (92, 'Krasnye Okny');
insert into city(region_id, name) values (92, 'Lyubashevka');
insert into city(region_id, name) values (92, 'Nikolaevka');
insert into city(region_id, name) values (92, 'Ovidiopol');
insert into city(region_id, name) values (92, 'Odessa');
insert into city(region_id, name) values (92, 'Razdelnaya');
insert into city(region_id, name) values (92, 'Reni');
insert into city(region_id, name) values (92, 'Savran');
insert into city(region_id, name) values (92, 'Sarata');
insert into city(region_id, name) values (92, 'Tarutino');
insert into city(region_id, name) values (92, 'Tatarbunary');
insert into city(region_id, name) values (92, 'Teplodar');
insert into city(region_id, name) values (92, 'Frunzovka');
insert into city(region_id, name) values (92, 'SHiryaevo');
insert into city(region_id, name) values (92, 'YUjnyi');
insert into city(region_id, name) values (135, 'Apripa e Parava');
insert into city(region_id, name) values (135, 'Boboti');
insert into city(region_id, name) values (135, 'Dobre');
insert into city(region_id, name) values (146, 'Biisarri');
insert into city(region_id, name) values (146, 'El Pui');
insert into city(region_id, name) values (146, 'Erez');
insert into city(region_id, name) values (146, 'Juberri');
insert into city(region_id, name) values (146, 'Pas de la Casa');
insert into city(region_id, name) values (146, 'Vila');
insert into city(region_id, name) values (153, 'Basail');
insert into city(region_id, name) values (153, 'Charatas');
insert into city(region_id, name) values (153, 'Loma Florida');
insert into city(region_id, name) values (153, 'Presidente Roque Senz Pea');
insert into city(region_id, name) values (153, 'Resistencia');
insert into city(region_id, name) values (176, 'Ablkend');
insert into city(region_id, name) values (176, 'Abovyan');
insert into city(region_id, name) values (176, 'Agbash');
insert into city(region_id, name) values (176, 'Aralek');
insert into city(region_id, name) values (176, 'Ararat');
insert into city(region_id, name) values (176, 'Arevshat');
insert into city(region_id, name) values (176, 'Artashat');
insert into city(region_id, name) values (176, 'Dimitrov');
insert into city(region_id, name) values (176, 'Dvin Armyanskiy');
insert into city(region_id, name) values (176, 'Kakhtsrashen');
insert into city(region_id, name) values (176, 'Masis');
insert into city(region_id, name) values (176, 'Urts''''adzor');
insert into city(region_id, name) values (176, 'Vedi');
insert into city(region_id, name) values (176, 'Verin Artashat');
insert into city(region_id, name) values (176, 'Vosketap''''');
insert into city(region_id, name) values (176, 'Zorak');
insert into city(region_id, name) values (187, 'Balaim');
insert into region(id, country_id, name) values (188, 16, 'Afganistan');
insert into city(region_id, name) values (16, 'Birobidjan');
insert into city(region_id, name) values (93, 'Beliki');
insert into city(region_id, name) values (93, 'Velikaya Bagachka');
insert into city(region_id, name) values (93, 'Gadyach');
insert into city(region_id, name) values (93, 'Globino');
insert into city(region_id, name) values (93, 'Gogolevo');
insert into city(region_id, name) values (93, 'Gradijsk');
insert into city(region_id, name) values (93, 'Grebenka');
insert into city(region_id, name) values (93, 'Dikanka');
insert into city(region_id, name) values (93, 'Zenkov');
insert into city(region_id, name) values (93, 'Karlovka');
insert into city(region_id, name) values (93, 'Kobelyaki');
insert into city(region_id, name) values (93, 'Kozelschina');
insert into city(region_id, name) values (93, 'Komsomolsk');
insert into city(region_id, name) values (93, 'Kotelva');
insert into city(region_id, name) values (93, 'Kremenchug');
insert into city(region_id, name) values (93, 'Lohvica');
insert into city(region_id, name) values (93, 'Lubny');
insert into city(region_id, name) values (93, 'Mashevka');
insert into city(region_id, name) values (93, 'Mirgorod');
insert into city(region_id, name) values (93, 'Novye Sanjary');
insert into city(region_id, name) values (93, 'Orjica');
insert into city(region_id, name) values (93, 'Piryantin');
insert into city(region_id, name) values (93, 'Piryatin');
insert into city(region_id, name) values (93, 'Poltava');
insert into city(region_id, name) values (93, 'Reshetilovka');
insert into city(region_id, name) values (93, 'Semenovka');
insert into city(region_id, name) values (93, 'Horol');
insert into city(region_id, name) values (93, 'CHernuhi');
insert into city(region_id, name) values (93, 'CHutovo');
insert into city(region_id, name) values (93, 'SHishaki');
insert into city(region_id, name) values (136, 'Ahmedaj');
insert into city(region_id, name) values (136, 'Arban');
insert into city(region_id, name) values (136, 'Tirana');
insert into city(region_id, name) values (136, 'Tiran');
insert into city(region_id, name) values (136, 'Tyranna');
insert into city(region_id, name) values (136, 'Zalli i Herit');
insert into city(region_id, name) values (147, 'Ordino');
insert into city(region_id, name) values (154, 'Puelo');
insert into city(region_id, name) values (154, 'Rada Tilly');
insert into city(region_id, name) values (154, 'Rawson');
insert into city(region_id, name) values (177, 'Agdzharkh');
insert into city(region_id, name) values (177, 'Aknalich');
insert into city(region_id, name) values (177, 'Amasiya');
insert into city(region_id, name) values (177, 'Apaga');
insert into city(region_id, name) values (177, 'Arevik');
insert into city(region_id, name) values (177, 'Argavand');
insert into city(region_id, name) values (177, 'Armavir');
insert into city(region_id, name) values (177, 'Armutlu');
insert into city(region_id, name) values (177, 'Aygek');
insert into city(region_id, name) values (177, 'Aygeshat');
insert into city(region_id, name) values (177, 'Bambakashat');
insert into city(region_id, name) values (177, 'Echmiadzin');
insert into city(region_id, name) values (177, 'Echmiatsin');
insert into city(region_id, name) values (177, 'Ejmiatsin');
insert into city(region_id, name) values (177, 'Hoktemberyan');
insert into city(region_id, name) values (177, 'Iejmiatsin');
insert into city(region_id, name) values (177, 'Janfida');
insert into city(region_id, name) values (177, 'Metsamor');
insert into city(region_id, name) values (177, 'Mrgashat');
insert into city(region_id, name) values (177, 'Musaler');
insert into city(region_id, name) values (177, 'Oktemberyan');
insert into city(region_id, name) values (177, 'P''''arak''''ar');
insert into city(region_id, name) values (177, 'Vagharshapat');
insert into city(region_id, name) values (177, 'Zeyva');
insert into city(region_id, name) values (188, 'Baglan');
insert into city(region_id, name) values (188, 'Gerat');
insert into city(region_id, name) values (188, 'Kabul');
insert into city(region_id, name) values (188, 'Kandagar');
insert into city(region_id, name) values (188, 'Kunduz');
insert into city(region_id, name) values (188, 'CHarikar');
insert into region(id, country_id, name) values (189, 17, 'Bagamy');
insert into city(region_id, name) values (17, 'Arhipovka');
insert into city(region_id, name) values (17, 'Verhnii Landeh');
insert into city(region_id, name) values (17, 'Vichuga');
insert into city(region_id, name) values (17, 'Gavrilov Posad');
insert into city(region_id, name) values (17, 'Dolmatovskii');
insert into city(region_id, name) values (17, 'Dulyapino');
insert into city(region_id, name) values (17, 'Zavoljsk');
insert into city(region_id, name) values (17, 'Zarechnyi (Ivanovskaya obl.)');
insert into city(region_id, name) values (17, 'Ivanovo');
insert into city(region_id, name) values (17, 'Ivankovskii');
insert into city(region_id, name) values (17, 'Ilinskoe-Hovanskoe');
insert into city(region_id, name) values (17, 'Kaminskii');
insert into city(region_id, name) values (17, 'Kineshma');
insert into city(region_id, name) values (17, 'Komsomolsk');
insert into city(region_id, name) values (17, 'Kohma');
insert into city(region_id, name) values (17, 'Luh');
insert into city(region_id, name) values (17, 'Paleh');
insert into city(region_id, name) values (17, 'Pestyaki');
insert into city(region_id, name) values (17, 'Privoljsk');
insert into city(region_id, name) values (17, 'Puchej');
insert into city(region_id, name) values (17, 'Rodniki (Ivanovskaya obl.)');
insert into city(region_id, name) values (17, 'Savino');
insert into city(region_id, name) values (17, 'Sokolskoe');
insert into city(region_id, name) values (17, 'Teikovo');
insert into city(region_id, name) values (17, 'Furmanov');
insert into city(region_id, name) values (17, 'SHuya');
insert into city(region_id, name) values (17, 'YUja');
insert into city(region_id, name) values (17, 'YUrevec');
insert into city(region_id, name) values (94, 'Vladimirec');
insert into city(region_id, name) values (94, 'Goscha');
insert into city(region_id, name) values (94, 'Demidovka');
insert into city(region_id, name) values (94, 'Dubno');
insert into city(region_id, name) values (94, 'Dubrovica');
insert into city(region_id, name) values (94, 'Zarechnoe');
insert into city(region_id, name) values (94, 'Zdolbunov');
insert into city(region_id, name) values (94, 'Klevan');
insert into city(region_id, name) values (94, 'Klesov');
insert into city(region_id, name) values (94, 'Korec');
insert into city(region_id, name) values (94, 'Kostopol');
insert into city(region_id, name) values (94, 'Kuznecovsk');
insert into city(region_id, name) values (94, 'Mlinov');
insert into city(region_id, name) values (94, 'Ostrog');
insert into city(region_id, name) values (94, 'Radivilov');
insert into city(region_id, name) values (94, 'Rovno');
insert into city(region_id, name) values (94, 'Sarny');
insert into city(region_id, name) values (137, 'Aliban');
insert into city(region_id, name) values (137, 'Alicu');
insert into city(region_id, name) values (148, 'San Juli');
insert into city(region_id, name) values (148, 'Santa Juli de Loria');
insert into city(region_id, name) values (155, 'Agua de Ramn');
insert into city(region_id, name) values (155, 'Alto Cordoba');
insert into city(region_id, name) values (155, 'Barrio Monte Grande');
insert into city(region_id, name) values (155, 'Crdoba');
insert into city(region_id, name) values (155, 'Jess Mara');
insert into city(region_id, name) values (155, 'Ro Cuarto');
insert into city(region_id, name) values (155, 'San Francisco');
insert into city(region_id, name) values (155, 'Villa Carlos Paz');
insert into city(region_id, name) values (178, 'Agbulalakh');
insert into city(region_id, name) values (178, 'Agexus');
insert into city(region_id, name) values (178, 'Akunk''''');
insert into city(region_id, name) values (178, 'Amirkher');
insert into city(region_id, name) values (178, 'Areguni');
insert into city(region_id, name) values (178, 'Azat');
insert into city(region_id, name) values (178, 'Chambarak');
insert into city(region_id, name) values (178, 'Gavar');
insert into city(region_id, name) values (178, 'Gavarr');
insert into city(region_id, name) values (178, 'Kamo');
insert into city(region_id, name) values (178, 'Krasnosel''''sk');
insert into city(region_id, name) values (178, 'Kyavar');
insert into city(region_id, name) values (178, 'Martuni');
insert into city(region_id, name) values (178, 'Martuny');
insert into city(region_id, name) values (178, 'Noraduz');
insert into city(region_id, name) values (178, 'Norakert');
insert into city(region_id, name) values (178, 'Noratus');
insert into city(region_id, name) values (178, 'Sevan');
insert into city(region_id, name) values (178, 'T''''azagyugh');
insert into city(region_id, name) values (178, 'Vardenis');
insert into city(region_id, name) values (178, 'Verkhnyaya Gezaldara');
insert into city(region_id, name) values (189, 'Nassau');
insert into region(id, country_id, name) values (190, 18, 'Bangladesh');
insert into city(region_id, name) values (18, 'Alekseevsk');
insert into city(region_id, name) values (18, 'Alzamai');
insert into city(region_id, name) values (18, 'Alygjer');
insert into city(region_id, name) values (18, 'Angarsk');
insert into city(region_id, name) values (18, 'Artemovskii (Irkutskaya obl.)');
insert into city(region_id, name) values (18, 'Baikal');
insert into city(region_id, name) values (18, 'Baikalsk');
insert into city(region_id, name) values (18, 'Balagansk');
insert into city(region_id, name) values (18, 'Bayandai');
insert into city(region_id, name) values (18, 'Biryusinsk');
insert into city(region_id, name) values (18, 'Bodaibo');
insert into city(region_id, name) values (18, 'Bolshaya Rechka');
insert into city(region_id, name) values (18, 'Bolshoi Lug');
insert into city(region_id, name) values (18, 'Bohan');
insert into city(region_id, name) values (18, 'Bratsk');
insert into city(region_id, name) values (18, 'Vidim');
insert into city(region_id, name) values (18, 'Vitimskii');
insert into city(region_id, name) values (18, 'Vihorevka');
insert into city(region_id, name) values (18, 'Elancy');
insert into city(region_id, name) values (18, 'Erbogachen');
insert into city(region_id, name) values (18, 'Jeleznogorsk-Ilimskii');
insert into city(region_id, name) values (18, 'Jigalovo');
insert into city(region_id, name) values (18, 'Zabitui');
insert into city(region_id, name) values (18, 'Zalari');
insert into city(region_id, name) values (18, 'Zvezdnyi');
insert into city(region_id, name) values (18, 'Zima');
insert into city(region_id, name) values (18, 'Irkutsk');
insert into city(region_id, name) values (18, 'Kazachinskoe (Irkutskaya obl.)');
insert into city(region_id, name) values (18, 'Kachug');
insert into city(region_id, name) values (18, 'Kvitok');
insert into city(region_id, name) values (18, 'Kirensk');
insert into city(region_id, name) values (18, 'Kuitun');
insert into city(region_id, name) values (18, 'Kultuk');
insert into city(region_id, name) values (18, 'Kutulik');
insert into city(region_id, name) values (18, 'Mama');
insert into city(region_id, name) values (18, 'Nijneudinsk');
insert into city(region_id, name) values (18, 'Osa');
insert into city(region_id, name) values (18, 'Sayansk');
insert into city(region_id, name) values (18, 'Slyudyanka');
insert into city(region_id, name) values (18, 'Taishet');
insert into city(region_id, name) values (18, 'Tulun');
insert into city(region_id, name) values (18, 'Usole-Sibirskoe (Irkutskaya obl.)');
insert into city(region_id, name) values (18, 'Ust-Ilimsk');
insert into city(region_id, name) values (18, 'Ust-Kut');
insert into city(region_id, name) values (18, 'Ust-Ordynskii');
insert into city(region_id, name) values (18, 'Ust-Uda');
insert into city(region_id, name) values (18, 'CHeremhovo');
insert into city(region_id, name) values (18, 'CHunskii');
insert into city(region_id, name) values (18, 'SHelehov');
insert into city(region_id, name) values (95, 'Ahtyrka');
insert into city(region_id, name) values (95, 'Belopole');
insert into city(region_id, name) values (95, 'Buryn');
insert into city(region_id, name) values (95, 'Velikaya Pisarevka');
insert into city(region_id, name) values (95, 'Vorojba');
insert into city(region_id, name) values (95, 'Voronej');
insert into city(region_id, name) values (95, 'Gluhov');
insert into city(region_id, name) values (95, 'Drujba');
insert into city(region_id, name) values (95, 'Znob-Novgorodskoe');
insert into city(region_id, name) values (95, 'Kirikovka');
insert into city(region_id, name) values (95, 'Konotop');
insert into city(region_id, name) values (95, 'Krasnopole');
insert into city(region_id, name) values (95, 'Krolevec');
insert into city(region_id, name) values (95, 'Lebedin');
insert into city(region_id, name) values (95, 'Lipovaya Dolina');
insert into city(region_id, name) values (95, 'Nedrigailov');
insert into city(region_id, name) values (95, 'Putivl');
insert into city(region_id, name) values (95, 'Romny');
insert into city(region_id, name) values (95, 'Seredina-Buda');
insert into city(region_id, name) values (95, 'Sumy');
insert into city(region_id, name) values (95, 'Trostyanec');
insert into city(region_id, name) values (95, 'SHostka');
insert into city(region_id, name) values (95, 'SHurupinskoe');
insert into city(region_id, name) values (95, 'YAmpol');
insert into city(region_id, name) values (156, 'Corrientes');
insert into city(region_id, name) values (179, 'Abovyan');
insert into city(region_id, name) values (179, 'Akhundov');
insert into city(region_id, name) values (179, 'Alap''''ars');
insert into city(region_id, name) values (179, 'Aragyugh');
insert into city(region_id, name) values (179, 'Arindzh');
insert into city(region_id, name) values (179, 'Arrinj');
insert into city(region_id, name) values (179, 'Arzakan');
insert into city(region_id, name) values (179, 'Arzni');
insert into city(region_id, name) values (179, 'Byuregavan');
insert into city(region_id, name) values (179, 'Ch''''arants''''avan');
insert into city(region_id, name) values (179, 'Ch''''arents''''avan');
insert into city(region_id, name) values (179, 'Choentsavan');
insert into city(region_id, name) values (179, 'Garni');
insert into city(region_id, name) values (179, 'Hrazdan');
insert into city(region_id, name) values (179, 'Jegward');
insert into city(region_id, name) values (179, 'Lernanist');
insert into city(region_id, name) values (179, 'Megradzor');
insert into city(region_id, name) values (179, 'Nor Achin');
insert into city(region_id, name) values (179, 'Nor Geghi');
insert into city(region_id, name) values (179, 'Nor Hachyn');
insert into city(region_id, name) values (179, 'Proshyan');
insert into city(region_id, name) values (179, 'Razdan');
insert into city(region_id, name) values (179, 'Rndamal');
insert into city(region_id, name) values (179, 'Tsaghkadzor');
insert into city(region_id, name) values (179, 'Tsakhkadzor');
insert into city(region_id, name) values (179, 'Yegvard');
insert into city(region_id, name) values (179, 'Yevgard');
insert into city(region_id, name) values (190, 'Dakka');
insert into city(region_id, name) values (190, 'CHittagong');
insert into region(id, country_id, name) values (191, 19, 'Barbados');
insert into city(region_id, name) values (19, 'Baksan');
insert into city(region_id, name) values (19, 'Maiskii');
insert into city(region_id, name) values (19, 'Nalchik');
insert into city(region_id, name) values (19, 'Nartkala');
insert into city(region_id, name) values (19, 'Prohladnyi');
insert into city(region_id, name) values (19, 'Sovetskoe (Kabardino-Balkariya)');
insert into city(region_id, name) values (19, 'Terek');
insert into city(region_id, name) values (19, 'Tyrnyauz');
insert into city(region_id, name) values (19, 'CHegem-Pervyi');
insert into city(region_id, name) values (96, 'Berejany');
insert into city(region_id, name) values (96, 'Borschev');
insert into city(region_id, name) values (96, 'Buchach');
insert into city(region_id, name) values (96, 'Velikie Borki');
insert into city(region_id, name) values (96, 'Vishnevec');
insert into city(region_id, name) values (96, 'Grimailov');
insert into city(region_id, name) values (96, 'Gusyatin');
insert into city(region_id, name) values (96, 'Zaleschiki');
insert into city(region_id, name) values (96, 'Zalojcy');
insert into city(region_id, name) values (96, 'Zbaraj');
insert into city(region_id, name) values (96, 'Zborov');
insert into city(region_id, name) values (96, 'Zolotniki');
insert into city(region_id, name) values (96, 'Zolotoipotok');
insert into city(region_id, name) values (96, 'Kozlov');
insert into city(region_id, name) values (96, 'Kozova');
insert into city(region_id, name) values (96, 'Kremenec');
insert into city(region_id, name) values (96, 'Lanovcy');
insert into city(region_id, name) values (96, 'Monastyriska');
insert into city(region_id, name) values (96, 'Podvolochisk');
insert into city(region_id, name) values (96, 'Terebovlya');
insert into city(region_id, name) values (96, 'Ternopol');
insert into city(region_id, name) values (96, 'CHortkov');
insert into city(region_id, name) values (96, 'SHumskoe');
insert into city(region_id, name) values (157, 'Buenos Aires');
insert into city(region_id, name) values (157, 'Centro');
insert into city(region_id, name) values (157, 'Colegiales');
insert into city(region_id, name) values (157, 'Congreso');
insert into city(region_id, name) values (157, 'Flores');
insert into city(region_id, name) values (157, 'Floresta');
insert into city(region_id, name) values (157, 'Nez');
insert into city(region_id, name) values (157, 'Palermo');
insert into city(region_id, name) values (157, 'Recoleta');
insert into city(region_id, name) values (157, 'San Cristbal');
insert into city(region_id, name) values (157, 'Villa Crespo');
insert into city(region_id, name) values (157, 'Villa Devoto');
insert into city(region_id, name) values (157, 'Villa Urquiza');
insert into city(region_id, name) values (180, 'Agarak');
insert into city(region_id, name) values (180, 'Agvi');
insert into city(region_id, name) values (180, 'Ak''''ori');
insert into city(region_id, name) values (180, 'Akner');
insert into city(region_id, name) values (180, 'Alavar');
insert into city(region_id, name) values (180, 'Alaverdi');
insert into city(region_id, name) values (180, 'Alaverdy');
insert into city(region_id, name) values (180, 'Allaverdy');
insert into city(region_id, name) values (180, 'Archut');
insert into city(region_id, name) values (180, 'Arevashogh');
insert into city(region_id, name) values (180, 'Ayrum');
insert into city(region_id, name) values (180, 'Blagodarnoye');
insert into city(region_id, name) values (180, 'Bzovdal');
insert into city(region_id, name) values (180, 'Dzagidzor');
insert into city(region_id, name) values (180, 'Dzyunashogh');
insert into city(region_id, name) values (180, 'Gogavan');
insert into city(region_id, name) values (180, 'Jiliza');
insert into city(region_id, name) values (180, 'Kalinino');
insert into city(region_id, name) values (180, 'Karakilisa');
insert into city(region_id, name) values (180, 'Karaklis');
insert into city(region_id, name) values (180, 'Kirovakan');
insert into city(region_id, name) values (180, 'Kyzloran');
insert into city(region_id, name) values (180, 'Margahovit');
insert into city(region_id, name) values (180, 'Norashen');
insert into city(region_id, name) values (180, 'Odzun');
insert into city(region_id, name) values (180, 'Step''''anavan');
insert into city(region_id, name) values (180, 'Stepahavan');
insert into city(region_id, name) values (180, 'Stepanawan-Lori');
insert into city(region_id, name) values (180, 'Sverdlov');
insert into city(region_id, name) values (180, 'Tashir');
insert into city(region_id, name) values (180, 'Tekhut');
insert into city(region_id, name) values (180, 'Tumanyan');
insert into city(region_id, name) values (180, 'Tyrchkhan');
insert into city(region_id, name) values (180, 'Vanadzor');
insert into city(region_id, name) values (191, 'Bridjtaun');
insert into region(id, country_id, name) values (192, 20, 'Bahrein');
insert into city(region_id, name) values (20, 'Bagrationovsk');
insert into city(region_id, name) values (20, 'Baltiisk');
insert into city(region_id, name) values (20, 'Gvardeisk');
insert into city(region_id, name) values (20, 'Gurevsk (Kaliningradskaya obl.)');
insert into city(region_id, name) values (20, 'Gusev');
insert into city(region_id, name) values (20, 'Jeleznodorojnyi (Kaliningrad.)');
insert into city(region_id, name) values (20, 'Zelenogradsk');
insert into city(region_id, name) values (20, 'Znamensk');
insert into city(region_id, name) values (20, 'Kaliningrad (Kenigsberg)');
insert into city(region_id, name) values (20, 'Krasnoznamensk (Kaliningrad.)');
insert into city(region_id, name) values (20, 'Ladushkin');
insert into city(region_id, name) values (20, 'Mamonovo');
insert into city(region_id, name) values (20, 'Neman');
insert into city(region_id, name) values (20, 'Nesterov');
insert into city(region_id, name) values (20, 'Ozersk(Kaliningradskaya obl.)');
insert into city(region_id, name) values (20, 'Pionersk');
insert into city(region_id, name) values (20, 'Polessk');
insert into city(region_id, name) values (20, 'Pravdinsk');
insert into city(region_id, name) values (20, 'Svetlogorsk');
insert into city(region_id, name) values (20, 'Svetlyi (Kaliningradskaya obl.)');
insert into city(region_id, name) values (20, 'Slavsk');
insert into city(region_id, name) values (20, 'Sovetsk (Kaliningradskaya obl.)');
insert into city(region_id, name) values (20, 'CHernyahovsk');
insert into city(region_id, name) values (97, 'Armyansk');
insert into city(region_id, name) values (97, 'Artek');
insert into city(region_id, name) values (97, 'Beregovoe');
insert into city(region_id, name) values (97, 'Botanicheskoe');
insert into city(region_id, name) values (97, 'Kastropol');
insert into city(region_id, name) values (97, 'Kaciveli');
insert into city(region_id, name) values (97, 'Koreiz');
insert into city(region_id, name) values (97, 'Krasnogvardeisk');
insert into city(region_id, name) values (97, 'Krasnokamenka');
insert into city(region_id, name) values (97, 'Kurpaty');
insert into city(region_id, name) values (97, 'Livadiya');
insert into city(region_id, name) values (97, 'Mishor');
insert into city(region_id, name) values (97, 'Oliva');
insert into city(region_id, name) values (97, 'Opolznevoe');
insert into city(region_id, name) values (97, 'Parkovoe');
insert into city(region_id, name) values (97, 'Ponizovka');
insert into city(region_id, name) values (97, 'Sanatornoe');
insert into city(region_id, name) values (97, 'Simeiz');
insert into city(region_id, name) values (158, 'Concepcin del Uruguay');
insert into city(region_id, name) values (158, 'Paran');
insert into city(region_id, name) values (181, 'Adzhilu');
insert into city(region_id, name) values (181, 'Ajlu');
insert into city(region_id, name) values (181, 'Aregnadem');
insert into city(region_id, name) values (181, 'Aygeat');
insert into city(region_id, name) values (181, 'Berd');
insert into city(region_id, name) values (181, 'Chubuliki');
insert into city(region_id, name) values (181, 'Karakilisa');
insert into city(region_id, name) values (181, 'Spitak');
insert into city(region_id, name) values (181, 'Voskehask');
insert into city(region_id, name) values (181, 'Yeniky');
insert into city(region_id, name) values (192, 'Doha');
insert into city(region_id, name) values (192, 'Manama');
insert into region(id, country_id, name) values (193, 21, 'Brestskaya obl.');
insert into region(id, country_id, name) values (194, 21, 'Vitebskaya obl.');
insert into region(id, country_id, name) values (195, 21, 'Gomelskaya obl.');
insert into region(id, country_id, name) values (196, 21, 'Grodnenskaya obl.');
insert into region(id, country_id, name) values (197, 21, 'Minskaya obl.');
insert into region(id, country_id, name) values (198, 21, 'Mogilevskaya obl.');
insert into city(region_id, name) values (21, 'Arshan');
insert into city(region_id, name) values (21, 'Gorodovikovsk');
insert into city(region_id, name) values (21, 'Kaspiiskii');
insert into city(region_id, name) values (21, 'Komsomolskii (Kalmykiya)');
insert into city(region_id, name) values (21, 'Malye Derbety');
insert into city(region_id, name) values (21, 'Priyutnoe');
insert into city(region_id, name) values (21, 'Sovetskoe (Kalmykiya)');
insert into city(region_id, name) values (21, 'Troickoe (Kalmykiya)');
insert into city(region_id, name) values (21, 'Utta');
insert into city(region_id, name) values (21, 'Cagan-Aman');
insert into city(region_id, name) values (21, 'Elista');
insert into city(region_id, name) values (21, 'YUsta');
insert into city(region_id, name) values (21, 'YAshalta');
insert into city(region_id, name) values (21, 'YAshkul');
insert into city(region_id, name) values (98, 'Balakleya');
insert into city(region_id, name) values (98, 'Barvenkovo');
insert into city(region_id, name) values (98, 'Bliznyuki');
insert into city(region_id, name) values (98, 'Bogoduhov');
insert into city(region_id, name) values (98, 'Borki');
insert into city(region_id, name) values (98, 'Borovaya');
insert into city(region_id, name) values (98, 'Budy');
insert into city(region_id, name) values (98, 'Valki');
insert into city(region_id, name) values (98, 'Velikii Burluk');
insert into city(region_id, name) values (98, 'Volchansk');
insert into city(region_id, name) values (98, 'Gotvald');
insert into city(region_id, name) values (98, 'Guty');
insert into city(region_id, name) values (98, 'Dergachi');
insert into city(region_id, name) values (98, 'Zachepilovka');
insert into city(region_id, name) values (98, 'Zidki');
insert into city(region_id, name) values (98, 'Zolochev');
insert into city(region_id, name) values (98, 'Izyum');
insert into city(region_id, name) values (98, 'Kazachya Lopan');
insert into city(region_id, name) values (98, 'Kegichevka');
insert into city(region_id, name) values (98, 'Krasnograd');
insert into city(region_id, name) values (98, 'Krasnokutsk');
insert into city(region_id, name) values (98, 'Kupyansk');
insert into city(region_id, name) values (98, 'Lozovaya');
insert into city(region_id, name) values (98, 'Lyubotin');
insert into city(region_id, name) values (98, 'Merefa');
insert into city(region_id, name) values (98, 'Novaya Vodolaga');
insert into city(region_id, name) values (98, 'Pervomaiskii');
insert into city(region_id, name) values (98, 'Pesochin');
insert into city(region_id, name) values (98, 'Sahnovschina');
insert into city(region_id, name) values (98, 'Harkov');
insert into city(region_id, name) values (98, 'CHuguev');
insert into city(region_id, name) values (98, 'SHevchenkovo');
insert into city(region_id, name) values (159, 'Formosa');
insert into city(region_id, name) values (159, 'Herradura');
insert into city(region_id, name) values (182, 'Alakilisa');
insert into city(region_id, name) values (182, 'Aleksandropol''''');
insert into city(region_id, name) values (182, 'Alexandropol''''');
insert into city(region_id, name) values (182, 'Amasia');
insert into city(region_id, name) values (182, 'Art''''ik');
insert into city(region_id, name) values (182, 'Ashots''''k''''');
insert into city(region_id, name) values (182, 'Gekhanist');
insert into city(region_id, name) values (182, 'Gyumri');
insert into city(region_id, name) values (182, 'Hayrenyats''''');
insert into city(region_id, name) values (182, 'Leninakan');
insert into city(region_id, name) values (182, 'Maralik');
insert into city(region_id, name) values (182, 'Mets Kyapanak');
insert into city(region_id, name) values (182, 'Salut');
insert into city(region_id, name) values (182, 'Saratak');
insert into city(region_id, name) values (193, 'Antopol');
insert into city(region_id, name) values (193, 'Baranovichi');
insert into city(region_id, name) values (193, 'Beloozersk');
insert into city(region_id, name) values (193, 'Bereza');
insert into city(region_id, name) values (193, 'Bereza Kartuska');
insert into city(region_id, name) values (193, 'Brest');
insert into city(region_id, name) values (193, 'Vysokoe');
insert into city(region_id, name) values (193, 'Gancevichi');
insert into city(region_id, name) values (193, 'Gorodische');
insert into city(region_id, name) values (193, 'David-Gorodok');
insert into city(region_id, name) values (193, 'Domachevo');
insert into city(region_id, name) values (193, 'Drogichin');
insert into city(region_id, name) values (193, 'Jabinka');
insert into city(region_id, name) values (193, 'Ivacevichi');
insert into city(region_id, name) values (193, 'Kamenec');
insert into city(region_id, name) values (193, 'Kobrin');
insert into city(region_id, name) values (193, 'Luninec');
insert into city(region_id, name) values (193, 'Lyahovichi');
insert into city(region_id, name) values (193, 'Malorita');
insert into city(region_id, name) values (193, 'Novolukoml');
insert into city(region_id, name) values (193, 'Pinsk');
insert into city(region_id, name) values (193, 'Prujany');
insert into city(region_id, name) values (193, 'Stolin');
insert into region(id, country_id, name) values (199, 22, 'Belize');
insert into city(region_id, name) values (22, 'Babynino');
insert into city(region_id, name) values (22, 'Balabanovo');
insert into city(region_id, name) values (22, 'Baryatino');
insert into city(region_id, name) values (22, 'Belousovo');
insert into city(region_id, name) values (22, 'Betlica');
insert into city(region_id, name) values (22, 'Borovsk');
insert into city(region_id, name) values (22, 'Dudorovskii');
insert into city(region_id, name) values (22, 'Duminichi');
insert into city(region_id, name) values (22, 'Elenskii');
insert into city(region_id, name) values (22, 'Jizdra');
insert into city(region_id, name) values (22, 'Jukov');
insert into city(region_id, name) values (22, 'Iznoski');
insert into city(region_id, name) values (22, 'Kaluga');
insert into city(region_id, name) values (22, 'Kirov (Kalujskaya obl.)');
insert into city(region_id, name) values (22, 'Kozelsk');
insert into city(region_id, name) values (22, 'Kondrovo');
insert into city(region_id, name) values (22, 'Kremyonki');
insert into city(region_id, name) values (22, 'Lyudinovo');
insert into city(region_id, name) values (22, 'Maloyaroslavec');
insert into city(region_id, name) values (22, 'Medyn');
insert into city(region_id, name) values (22, 'Meschovsk');
insert into city(region_id, name) values (22, 'Mosalsk');
insert into city(region_id, name) values (22, 'Obninsk');
insert into city(region_id, name) values (22, 'Peremyshl');
insert into city(region_id, name) values (22, 'Spas-Demensk');
insert into city(region_id, name) values (22, 'Suhinichi');
insert into city(region_id, name) values (22, 'Tarusa');
insert into city(region_id, name) values (22, 'Ulyanovo');
insert into city(region_id, name) values (22, 'Ferzikovo');
insert into city(region_id, name) values (22, 'Hvastovichi');
insert into city(region_id, name) values (22, 'YUhnov');
insert into city(region_id, name) values (99, 'Askaniya-Nova');
insert into city(region_id, name) values (99, 'Belaya Krinica');
insert into city(region_id, name) values (99, 'Belozerka');
insert into city(region_id, name) values (99, 'Berislav');
insert into city(region_id, name) values (99, 'Velikaya Aleksandrovka');
insert into city(region_id, name) values (99, 'Velikaya Lepetiha');
insert into city(region_id, name) values (99, 'Verhnii Rogachik');
insert into city(region_id, name) values (99, 'Vysokopole');
insert into city(region_id, name) values (99, 'Genichesk');
insert into city(region_id, name) values (99, 'Golaya Pristan');
insert into city(region_id, name) values (99, 'Gornostaevka');
insert into city(region_id, name) values (99, 'Dnepryany');
insert into city(region_id, name) values (99, 'Kalanchak');
insert into city(region_id, name) values (99, 'Kalininskoe');
insert into city(region_id, name) values (99, 'Kahovka');
insert into city(region_id, name) values (99, 'Nijnie Serogozy');
insert into city(region_id, name) values (99, 'Novaya Kahovka');
insert into city(region_id, name) values (99, 'Novovoroncovka');
insert into city(region_id, name) values (99, 'Novotroickoe');
insert into city(region_id, name) values (99, 'Skadovsk');
insert into city(region_id, name) values (99, 'Herson');
insert into city(region_id, name) values (99, 'Cyurupinsk');
insert into city(region_id, name) values (99, 'CHaplinka');
insert into city(region_id, name) values (160, 'Cangrejilla');
insert into city(region_id, name) values (160, 'Jujuy');
insert into city(region_id, name) values (160, 'Oratorio');
insert into city(region_id, name) values (183, 'Agarak');
insert into city(region_id, name) values (183, 'Akhlat''''yan');
insert into city(region_id, name) values (183, 'Artsvenik');
insert into city(region_id, name) values (183, 'Goris');
insert into city(region_id, name) values (183, 'K''''ajaran');
insert into city(region_id, name) values (183, 'Kadzharan');
insert into city(region_id, name) values (183, 'Kafan');
insert into city(region_id, name) values (183, 'Kapan');
insert into city(region_id, name) values (183, 'Meghri');
insert into city(region_id, name) values (183, 'Megri');
insert into city(region_id, name) values (183, 'Megry');
insert into city(region_id, name) values (183, 'Sisian');
insert into city(region_id, name) values (183, 'Tegh');
insert into city(region_id, name) values (194, 'Baran');
insert into city(region_id, name) values (194, 'Begoml');
insert into city(region_id, name) values (194, 'Beshenkovichi');
insert into city(region_id, name) values (194, 'Bogushevsk');
insert into city(region_id, name) values (194, 'Braslav');
insert into city(region_id, name) values (194, 'Verhnedvinsk');
insert into city(region_id, name) values (194, 'Vetrino');
insert into city(region_id, name) values (194, 'Vidzy');
insert into city(region_id, name) values (194, 'Vitebsk');
insert into city(region_id, name) values (194, 'Voropaevo');
insert into city(region_id, name) values (194, 'Glubokoe');
insert into city(region_id, name) values (194, 'Gorodok');
insert into city(region_id, name) values (194, 'Disna');
insert into city(region_id, name) values (194, 'Dokshicy');
insert into city(region_id, name) values (194, 'Druya');
insert into city(region_id, name) values (194, 'Dubrovno');
insert into city(region_id, name) values (194, 'Ezerische');
insert into city(region_id, name) values (194, 'Lepel');
insert into city(region_id, name) values (194, 'Liozno');
insert into city(region_id, name) values (194, 'Miory');
insert into city(region_id, name) values (194, 'Novopolock');
insert into city(region_id, name) values (194, 'Orsha');
insert into city(region_id, name) values (194, 'Polock');
insert into city(region_id, name) values (194, 'Postavy');
insert into city(region_id, name) values (194, 'Rossony');
insert into city(region_id, name) values (194, 'Senno');
insert into city(region_id, name) values (194, 'Tolochin');
insert into city(region_id, name) values (194, 'Ushachi');
insert into city(region_id, name) values (194, 'CHashniki');
insert into city(region_id, name) values (194, 'SHarkovschina');
insert into city(region_id, name) values (194, 'SHumilino');
insert into city(region_id, name) values (199, 'Beliz-Siti');
insert into region(id, country_id, name) values (200, 23, 'Antwerpen');
insert into region(id, country_id, name) values (201, 23, 'Brabant Wallon');
insert into region(id, country_id, name) values (202, 23, 'Bruxelles');
insert into region(id, country_id, name) values (203, 23, 'Hainaut');
insert into region(id, country_id, name) values (204, 23, 'Lige');
insert into region(id, country_id, name) values (205, 23, 'Limburg');
insert into region(id, country_id, name) values (206, 23, 'Luxembourg');
insert into region(id, country_id, name) values (207, 23, 'Namur');
insert into region(id, country_id, name) values (208, 23, 'Oost-Vlaanderen');
insert into region(id, country_id, name) values (209, 23, 'Vlaams Brabant');
insert into region(id, country_id, name) values (210, 23, 'West-Vlaanderen');
insert into city(region_id, name) values (23, 'Atlasovo');
insert into city(region_id, name) values (23, 'Ayanka');
insert into city(region_id, name) values (23, 'Bolshereck');
insert into city(region_id, name) values (23, 'Vilyuchinsk');
insert into city(region_id, name) values (23, 'Elizovo (Kamchatskaya obl.)');
insert into city(region_id, name) values (23, 'Ilpyrskii');
insert into city(region_id, name) values (23, 'Kamenskoe');
insert into city(region_id, name) values (23, 'Kirovskii');
insert into city(region_id, name) values (23, 'Klyuchi (Kamchatskaya obl.)');
insert into city(region_id, name) values (23, 'Krapivnaya');
insert into city(region_id, name) values (23, 'Milkovo');
insert into city(region_id, name) values (23, 'Nikolskoe');
insert into city(region_id, name) values (23, 'Ozernovskii');
insert into city(region_id, name) values (23, 'Ossora');
insert into city(region_id, name) values (23, 'Palana');
insert into city(region_id, name) values (23, 'Paren');
insert into city(region_id, name) values (23, 'Pahachi');
insert into city(region_id, name) values (23, 'Petropavlovsk-Kamchatskii');
insert into city(region_id, name) values (23, 'Tigil');
insert into city(region_id, name) values (23, 'Tilichiki');
insert into city(region_id, name) values (23, 'Ust-Bolshereck');
insert into city(region_id, name) values (23, 'Ust-Kamchatsk');
insert into city(region_id, name) values (100, 'Antoniny');
insert into city(region_id, name) values (100, 'Bazaliya');
insert into city(region_id, name) values (100, 'Belogore');
insert into city(region_id, name) values (100, 'Vinkovcy');
insert into city(region_id, name) values (100, 'Volochisk');
insert into city(region_id, name) values (100, 'Gorodok');
insert into city(region_id, name) values (100, 'Gricev');
insert into city(region_id, name) values (100, 'Derajnya');
insert into city(region_id, name) values (100, 'Dunaevcy');
insert into city(region_id, name) values (100, 'Izyaslav');
insert into city(region_id, name) values (100, 'Kamenec-Podolskii');
insert into city(region_id, name) values (100, 'Krasilov');
insert into city(region_id, name) values (100, 'Letichev');
insert into city(region_id, name) values (100, 'Neteshin');
insert into city(region_id, name) values (100, 'Novaya Ushica');
insert into city(region_id, name) values (100, 'Polonnoe');
insert into city(region_id, name) values (100, 'Slavuta');
insert into city(region_id, name) values (100, 'Staraya Sinyava');
insert into city(region_id, name) values (100, 'Starokonstantinov');
insert into city(region_id, name) values (100, 'Teofipol');
insert into city(region_id, name) values (100, 'Hmelnickii');
insert into city(region_id, name) values (100, 'CHemerovcy');
insert into city(region_id, name) values (100, 'SHepetovka');
insert into city(region_id, name) values (100, 'YArmolincy');
insert into city(region_id, name) values (161, 'Abramo');
insert into city(region_id, name) values (161, 'Alta Italia');
insert into city(region_id, name) values (161, 'Chical-C');
insert into city(region_id, name) values (161, 'La Maruja');
insert into city(region_id, name) values (161, 'Santa Rosa');
insert into city(region_id, name) values (184, 'Aghavnavank''''');
insert into city(region_id, name) values (184, 'Ayrum');
insert into city(region_id, name) values (184, 'Azatamut');
insert into city(region_id, name) values (184, 'Bagratashen');
insert into city(region_id, name) values (184, 'Berdavan');
insert into city(region_id, name) values (184, 'Ch''''inari');
insert into city(region_id, name) values (184, 'Delijan');
insert into city(region_id, name) values (184, 'Dilijan');
insert into city(region_id, name) values (184, 'Dilizhan');
insert into city(region_id, name) values (184, 'Gandzak''''ar');
insert into city(region_id, name) values (184, 'Idzhevan');
insert into city(region_id, name) values (184, 'Ijevan');
insert into city(region_id, name) values (184, 'Kozman');
insert into city(region_id, name) values (184, 'Noyemberyan');
insert into city(region_id, name) values (184, 'Pkhtavan');
insert into city(region_id, name) values (184, 'Sevk''''ar');
insert into city(region_id, name) values (195, 'Belick');
insert into city(region_id, name) values (195, 'Bolshevik');
insert into city(region_id, name) values (195, 'Bragin');
insert into city(region_id, name) values (195, 'Buda-Koshelevo');
insert into city(region_id, name) values (195, 'Vasilevichi');
insert into city(region_id, name) values (195, 'Vasilevka');
insert into city(region_id, name) values (195, 'Vetka');
insert into city(region_id, name) values (195, 'Gomel');
insert into city(region_id, name) values (195, 'Dobrush');
insert into city(region_id, name) values (195, 'Elsk');
insert into city(region_id, name) values (195, 'Jitkovichi');
insert into city(region_id, name) values (195, 'Jlobin');
insert into city(region_id, name) values (195, 'Kalinkovichi');
insert into city(region_id, name) values (195, 'Korma');
insert into city(region_id, name) values (195, 'Lelchicy');
insert into city(region_id, name) values (195, 'Loev');
insert into city(region_id, name) values (195, 'Mozyr');
insert into city(region_id, name) values (195, 'Narovlya');
insert into city(region_id, name) values (195, 'Oktyabrskii');
insert into city(region_id, name) values (195, 'Petrikov');
insert into city(region_id, name) values (195, 'Rechica');
insert into city(region_id, name) values (195, 'Rechica');
insert into city(region_id, name) values (195, 'Rechica');
insert into city(region_id, name) values (195, 'Rogachev');
insert into city(region_id, name) values (195, 'Svetlogorsk');
insert into city(region_id, name) values (195, 'Turov');
insert into city(region_id, name) values (195, 'Hoiniki');
insert into city(region_id, name) values (195, 'CHechersk');
insert into city(region_id, name) values (200, 'Aartselaar');
insert into city(region_id, name) values (200, 'Antwerpen');
insert into city(region_id, name) values (200, 'Balen');
insert into city(region_id, name) values (200, 'Boom');
insert into city(region_id, name) values (200, 'Brasschaat');
insert into city(region_id, name) values (200, 'Duffel');
insert into city(region_id, name) values (200, 'Essen');
insert into city(region_id, name) values (200, 'Geel');
insert into city(region_id, name) values (200, 'Heist-op-den-Berg');
insert into city(region_id, name) values (200, 'Herentals');
insert into city(region_id, name) values (200, 'Herenthout');
insert into city(region_id, name) values (200, 'Herselt');
insert into city(region_id, name) values (200, 'Kapellen');
insert into city(region_id, name) values (200, 'Lier');
insert into city(region_id, name) values (200, 'Lint');
insert into city(region_id, name) values (200, 'Mechelen');
insert into city(region_id, name) values (200, 'Mol');
insert into city(region_id, name) values (200, 'Mortsel');
insert into city(region_id, name) values (200, 'Olen');
insert into city(region_id, name) values (200, 'Putte');
insert into city(region_id, name) values (200, 'Schilde');
insert into city(region_id, name) values (200, 'Schoten');
insert into city(region_id, name) values (200, 'Turnhout');
insert into city(region_id, name) values (200, 'Zwijndrecht');
insert into region(id, country_id, name) values (211, 24, 'Benin');
insert into city(region_id, name) values (24, 'Ambarnyi');
insert into city(region_id, name) values (24, 'Belomorsk');
insert into city(region_id, name) values (24, 'Valaam');
insert into city(region_id, name) values (24, 'Virandozero');
insert into city(region_id, name) values (24, 'Girvas');
insert into city(region_id, name) values (24, 'Derevyanka');
insert into city(region_id, name) values (24, 'Idel');
insert into city(region_id, name) values (24, 'Ilinskii (Kareliya)');
insert into city(region_id, name) values (24, 'Kalevala');
insert into city(region_id, name) values (24, 'Kem');
insert into city(region_id, name) values (24, 'Kestenga');
insert into city(region_id, name) values (24, 'Kondopoga');
insert into city(region_id, name) values (24, 'Kostomuksha');
insert into city(region_id, name) values (24, 'Lahdenpohya');
insert into city(region_id, name) values (24, 'Louhi');
insert into city(region_id, name) values (24, 'Medvejegorsk');
insert into city(region_id, name) values (24, 'Muezerskii');
insert into city(region_id, name) values (24, 'Olonec');
insert into city(region_id, name) values (24, 'Petrozavodsk');
insert into city(region_id, name) values (24, 'Pitkyaranta');
insert into city(region_id, name) values (24, 'Povenec');
insert into city(region_id, name) values (24, 'Pryaja');
insert into city(region_id, name) values (24, 'Pudoj');
insert into city(region_id, name) values (24, 'Segeja');
insert into city(region_id, name) values (24, 'Sortavala');
insert into city(region_id, name) values (24, 'Suoyarvi');
insert into city(region_id, name) values (24, 'Hiidenselga');
insert into city(region_id, name) values (101, 'Vatutino');
insert into city(region_id, name) values (101, 'Gorodische');
insert into city(region_id, name) values (101, 'Drabov');
insert into city(region_id, name) values (101, 'Erki');
insert into city(region_id, name) values (101, 'Jashkov');
insert into city(region_id, name) values (101, 'Zaraevsk');
insert into city(region_id, name) values (101, 'Zvenigorodka');
insert into city(region_id, name) values (101, 'Zolotonosha');
insert into city(region_id, name) values (101, 'Irdyn');
insert into city(region_id, name) values (101, 'Kamenka');
insert into city(region_id, name) values (101, 'Kanev');
insert into city(region_id, name) values (101, 'Katerinopol');
insert into city(region_id, name) values (101, 'Korsun-SHevchenkovskii');
insert into city(region_id, name) values (101, 'Lysyanka');
insert into city(region_id, name) values (101, 'Mankovka');
insert into city(region_id, name) values (101, 'Monastyrische');
insert into city(region_id, name) values (101, 'Smela');
insert into city(region_id, name) values (101, 'Talnoe');
insert into city(region_id, name) values (101, 'Uman');
insert into city(region_id, name) values (101, 'Hristinovka');
insert into city(region_id, name) values (101, 'CHerkassy');
insert into city(region_id, name) values (101, 'CHernobai');
insert into city(region_id, name) values (101, 'CHigirin');
insert into city(region_id, name) values (101, 'SHpola');
insert into city(region_id, name) values (162, 'Agua Colorada');
insert into city(region_id, name) values (162, 'Alanices');
insert into city(region_id, name) values (162, 'Algarrobo Grande');
insert into city(region_id, name) values (162, 'Milagro');
insert into city(region_id, name) values (185, 'Agarakadzor');
insert into city(region_id, name) values (185, 'Akhavnadzor');
insert into city(region_id, name) values (185, 'Dzhermuk');
insert into city(region_id, name) values (185, 'Gladzor');
insert into city(region_id, name) values (185, 'Jermuk');
insert into city(region_id, name) values (185, 'Malishka');
insert into city(region_id, name) values (185, 'Vayk''''');
insert into city(region_id, name) values (185, 'Yeghegnadzor');
insert into city(region_id, name) values (185, 'Yekhegnadzor');
insert into city(region_id, name) values (196, 'Bolshaya Berestovica');
insert into city(region_id, name) values (196, 'Volkovysk');
insert into city(region_id, name) values (196, 'Voronovo');
insert into city(region_id, name) values (196, 'Grodno');
insert into city(region_id, name) values (196, 'Dyatlovo');
insert into city(region_id, name) values (196, 'Jeludok');
insert into city(region_id, name) values (196, 'Zelva');
insert into city(region_id, name) values (196, 'Ive');
insert into city(region_id, name) values (196, 'Kozlovschina');
insert into city(region_id, name) values (196, 'Korelichi');
insert into city(region_id, name) values (196, 'Lida');
insert into city(region_id, name) values (196, 'Mosty');
insert into city(region_id, name) values (196, 'Novogrudok');
insert into city(region_id, name) values (196, 'Ostrovec');
insert into city(region_id, name) values (196, 'Oshmyany');
insert into city(region_id, name) values (196, 'Svisloch');
insert into city(region_id, name) values (196, 'Slonim');
insert into city(region_id, name) values (196, 'Smorgon');
insert into city(region_id, name) values (196, 'SCHuchin');
insert into city(region_id, name) values (201, 'Beauvechain');
insert into city(region_id, name) values (201, 'Braine-l''''Alleud');
insert into city(region_id, name) values (201, 'Chastre');
insert into city(region_id, name) values (201, 'Jodoigne');
insert into city(region_id, name) values (201, 'Lasne');
insert into city(region_id, name) values (201, 'Nivelles');
insert into city(region_id, name) values (201, 'Ottignies-Louvain-la-Neuve');
insert into city(region_id, name) values (201, 'Rixensart');
insert into city(region_id, name) values (201, 'Tubize');
insert into city(region_id, name) values (201, 'Villers-la-Ville');
insert into city(region_id, name) values (201, 'Walhain');
insert into city(region_id, name) values (201, 'Waterloo');
insert into city(region_id, name) values (201, 'Wavre');
insert into city(region_id, name) values (211, 'Porto-Novo');
insert into region(id, country_id, name) values (212, 25, 'Hamilton');
insert into city(region_id, name) values (25, 'Anjero-Sudjensk');
insert into city(region_id, name) values (25, 'Barzas');
insert into city(region_id, name) values (25, 'Belovo');
insert into city(region_id, name) values (25, 'Belogorsk');
insert into city(region_id, name) values (25, 'Berezovskii (Kemerovskaya obl.)');
insert into city(region_id, name) values (25, 'Gramoteino');
insert into city(region_id, name) values (25, 'Gurevsk');
insert into city(region_id, name) values (25, 'Ijmorskii');
insert into city(region_id, name) values (25, 'Itatskii');
insert into city(region_id, name) values (25, 'Kaltan');
insert into city(region_id, name) values (25, 'Kedrovka');
insert into city(region_id, name) values (25, 'Kemerovo');
insert into city(region_id, name) values (25, 'Kiselevsk');
insert into city(region_id, name) values (25, 'Krapivinskii');
insert into city(region_id, name) values (25, 'Leninsk-Kuzneckii');
insert into city(region_id, name) values (25, 'Mariinsk');
insert into city(region_id, name) values (25, 'Mejdurechensk');
insert into city(region_id, name) values (25, 'Myski');
insert into city(region_id, name) values (25, 'Novokuzneck');
insert into city(region_id, name) values (25, 'Osinniki');
insert into city(region_id, name) values (25, 'Polysaevo');
insert into city(region_id, name) values (25, 'Prokopevsk');
insert into city(region_id, name) values (25, 'Promyshlennaya');
insert into city(region_id, name) values (25, 'Taiga');
insert into city(region_id, name) values (25, 'Tashtagol');
insert into city(region_id, name) values (25, 'Tisul');
insert into city(region_id, name) values (25, 'Topki');
insert into city(region_id, name) values (25, 'Tyajinskii');
insert into city(region_id, name) values (25, 'YUrga');
insert into city(region_id, name) values (25, 'YAshkino');
insert into city(region_id, name) values (25, 'YAya');
insert into city(region_id, name) values (102, 'Baturin');
insert into city(region_id, name) values (102, 'Bahmach');
insert into city(region_id, name) values (102, 'Berezna');
insert into city(region_id, name) values (102, 'Bobrovica');
insert into city(region_id, name) values (102, 'Borzna');
insert into city(region_id, name) values (102, 'Varva');
insert into city(region_id, name) values (102, 'Vertievka');
insert into city(region_id, name) values (102, 'Gorodnya');
insert into city(region_id, name) values (102, 'Dobryanka');
insert into city(region_id, name) values (102, 'Zamglai');
insert into city(region_id, name) values (102, 'Ichnya');
insert into city(region_id, name) values (102, 'Kozelec');
insert into city(region_id, name) values (102, 'Korop');
insert into city(region_id, name) values (102, 'Koryukovka');
insert into city(region_id, name) values (102, 'Kulikovka');
insert into city(region_id, name) values (102, 'Mena');
insert into city(region_id, name) values (102, 'Nejin');
insert into city(region_id, name) values (102, 'Novgorod Severskii');
insert into city(region_id, name) values (102, 'Nosovka');
insert into city(region_id, name) values (102, 'Priluki');
insert into city(region_id, name) values (102, 'Pripyat');
insert into city(region_id, name) values (102, 'Repki');
insert into city(region_id, name) values (102, 'Semenovka');
insert into city(region_id, name) values (102, 'Sosnica');
insert into city(region_id, name) values (102, 'Talalaevka');
insert into city(region_id, name) values (102, 'CHernigov');
insert into city(region_id, name) values (102, 'SCHors');
insert into city(region_id, name) values (163, 'Alto Verde');
insert into city(region_id, name) values (163, 'Barcala');
insert into city(region_id, name) values (163, 'Buena Nueva');
insert into city(region_id, name) values (163, 'General Alvear');
insert into city(region_id, name) values (163, 'Guaymalln');
insert into city(region_id, name) values (163, 'La Consulta');
insert into city(region_id, name) values (163, 'La Mora');
insert into city(region_id, name) values (163, 'Maip');
insert into city(region_id, name) values (163, 'Mendoza');
insert into city(region_id, name) values (163, 'San Rafael');
insert into city(region_id, name) values (163, 'Tunuyn');
insert into city(region_id, name) values (186, 'Agdzhakishlag');
insert into city(region_id, name) values (186, 'Aj''''ap''''nyak');
insert into city(region_id, name) values (186, 'Akhtanak');
insert into city(region_id, name) values (186, 'Anastasavan');
insert into city(region_id, name) values (186, 'Arabkir');
insert into city(region_id, name) values (186, 'Avan');
insert into city(region_id, name) values (186, 'Avan-Arrinj');
insert into city(region_id, name) values (186, 'Ayrivan');
insert into city(region_id, name) values (186, 'Charbakh');
insert into city(region_id, name) values (186, 'Dzhrashen');
insert into city(region_id, name) values (186, 'Erebuni');
insert into city(region_id, name) values (186, 'Ereun');
insert into city(region_id, name) values (186, 'Erevan');
insert into city(region_id, name) values (186, 'Erewan');
insert into city(region_id, name) values (186, 'Erivan');
insert into city(region_id, name) values (186, 'Haght''''anak');
insert into city(region_id, name) values (186, 'Imeni Shaumyana');
insert into city(region_id, name) values (186, 'Imeni Tairova');
insert into city(region_id, name) values (186, 'Iravan');
insert into city(region_id, name) values (186, 'Jrvezh');
insert into city(region_id, name) values (186, 'Kanaker');
insert into city(region_id, name) values (186, 'Kanakeravan');
insert into city(region_id, name) values (186, 'Kond');
insert into city(region_id, name) values (186, 'Malatiya');
insert into city(region_id, name) values (186, 'Nor Arabkir');
insert into city(region_id, name) values (186, 'Nor Aresh');
insert into city(region_id, name) values (186, 'Nor Byut''''ania');
insert into city(region_id, name) values (186, 'Nor Marash');
insert into city(region_id, name) values (186, 'Nor Nork''''');
insert into city(region_id, name) values (186, 'Nor Zeyt''''un');
insert into city(region_id, name) values (186, 'Nor-Norka');
insert into city(region_id, name) values (186, 'Noragavit''''');
insert into city(region_id, name) values (186, 'Nork''''');
insert into city(region_id, name) values (186, 'Nubarashen');
insert into city(region_id, name) values (186, 'Sari Tag');
insert into city(region_id, name) values (186, 'Sarit''''agh');
insert into city(region_id, name) values (186, 'Shahumyan');
insert into city(region_id, name) values (186, 'Shaumyan');
insert into city(region_id, name) values (186, 'Shengavit');
insert into city(region_id, name) values (186, 'Sovetashen');
insert into city(region_id, name) values (186, 'Spandaryan');
insert into city(region_id, name) values (186, 'Tolk');
insert into city(region_id, name) values (186, 'Vardadzor');
insert into city(region_id, name) values (186, 'Vardashen');
insert into city(region_id, name) values (186, 'Verin Ch''''arbakh');
insert into city(region_id, name) values (186, 'Yengidzha');
insert into city(region_id, name) values (186, 'Yerevan');
insert into city(region_id, name) values (186, 'Zeytun');
insert into city(region_id, name) values (197, 'Berezino');
insert into city(region_id, name) values (197, 'Bobr');
insert into city(region_id, name) values (197, 'Borisov');
insert into city(region_id, name) values (197, 'Vileika');
insert into city(region_id, name) values (197, 'Volojin');
insert into city(region_id, name) values (197, 'Gorodeya');
insert into city(region_id, name) values (197, 'Dzerjinsk');
insert into city(region_id, name) values (197, 'Jodino');
insert into city(region_id, name) values (197, 'Zaslavl');
insert into city(region_id, name) values (197, 'Zelenyi Bor');
insert into city(region_id, name) values (197, 'Ivenec');
insert into city(region_id, name) values (197, 'Kleck');
insert into city(region_id, name) values (197, 'Kopyl');
insert into city(region_id, name) values (197, 'Krupki');
insert into city(region_id, name) values (197, 'Logoisk');
insert into city(region_id, name) values (197, 'Lyuban');
insert into city(region_id, name) values (197, 'Marina Gorka');
insert into city(region_id, name) values (197, 'Minsk');
insert into city(region_id, name) values (197, 'Molodechno');
insert into city(region_id, name) values (197, 'Myadel');
insert into city(region_id, name) values (197, 'Nesvij');
insert into city(region_id, name) values (197, 'Sluck');
insert into city(region_id, name) values (197, 'Smolevichi');
insert into city(region_id, name) values (197, 'Soligorsk');
insert into city(region_id, name) values (197, 'Starye Dorogi');
insert into city(region_id, name) values (197, 'Stolbcy');
insert into city(region_id, name) values (197, 'Uzda');
insert into city(region_id, name) values (197, 'Fanipol');
insert into city(region_id, name) values (197, 'CHerven');
insert into city(region_id, name) values (202, 'Bruxelles');
insert into city(region_id, name) values (212, 'Gamilton');
insert into region(id, country_id, name) values (213, 26, 'Blagoevgrad');
insert into region(id, country_id, name) values (214, 26, 'Burgas');
insert into region(id, country_id, name) values (215, 26, 'Dobrich');
insert into region(id, country_id, name) values (216, 26, 'Gabrovo');
insert into region(id, country_id, name) values (217, 26, 'Grad Sofiya');
insert into region(id, country_id, name) values (218, 26, 'Khaskovo');
insert into region(id, country_id, name) values (219, 26, 'Kurdzhali');
insert into region(id, country_id, name) values (220, 26, 'Kyustendil');
insert into region(id, country_id, name) values (221, 26, 'Lovech');
insert into region(id, country_id, name) values (222, 26, 'Montana');
insert into region(id, country_id, name) values (223, 26, 'None');
insert into region(id, country_id, name) values (224, 26, 'Pazardzhik');
insert into region(id, country_id, name) values (225, 26, 'Pernik');
insert into region(id, country_id, name) values (226, 26, 'Pleven');
insert into region(id, country_id, name) values (227, 26, 'Plovdiv');
insert into region(id, country_id, name) values (228, 26, 'Razgrad');
insert into region(id, country_id, name) values (229, 26, 'Ruse');
insert into region(id, country_id, name) values (230, 26, 'Shumen');
insert into region(id, country_id, name) values (231, 26, 'Silistra');
insert into region(id, country_id, name) values (232, 26, 'Sliven');
insert into region(id, country_id, name) values (233, 26, 'Smolyan');
insert into region(id, country_id, name) values (234, 26, 'Sofiya');
insert into region(id, country_id, name) values (235, 26, 'Stara Zagora');
insert into region(id, country_id, name) values (236, 26, 'Turgovishte');
insert into region(id, country_id, name) values (237, 26, 'Varna');
insert into region(id, country_id, name) values (238, 26, 'Veliko Turnovo');
insert into region(id, country_id, name) values (239, 26, 'Vidin');
insert into region(id, country_id, name) values (240, 26, 'Vratsa');
insert into region(id, country_id, name) values (241, 26, 'Yambol');
insert into city(region_id, name) values (26, 'Kiknur');
insert into city(region_id, name) values (26, 'Kilmez');
insert into city(region_id, name) values (26, 'Arbaj');
insert into city(region_id, name) values (26, 'Arkul');
insert into city(region_id, name) values (26, 'Belaya Holunica');
insert into city(region_id, name) values (26, 'Bogorodskoe (Kirovskaya obl.)');
insert into city(region_id, name) values (26, 'Borovoi');
insert into city(region_id, name) values (26, 'Verhoshijeme');
insert into city(region_id, name) values (26, 'Vyatskie Polyany (Kirovskaya obl.)');
insert into city(region_id, name) values (26, 'Zuevka');
insert into city(region_id, name) values (26, 'Karintorf');
insert into city(region_id, name) values (26, 'Kirov (Kirovskaya obl.)');
insert into city(region_id, name) values (26, 'Kirovo-CHepeck');
insert into city(region_id, name) values (26, 'Kirs');
insert into city(region_id, name) values (26, 'Kobra');
insert into city(region_id, name) values (26, 'Kotelnich');
insert into city(region_id, name) values (26, 'Kumeny');
insert into city(region_id, name) values (26, 'Leninskoe');
insert into city(region_id, name) values (26, 'Luza');
insert into city(region_id, name) values (26, 'Malmyj');
insert into city(region_id, name) values (26, 'Murashi');
insert into city(region_id, name) values (26, 'Nagorsk');
insert into city(region_id, name) values (26, 'Nema');
insert into city(region_id, name) values (26, 'Novovyatsk');
insert into city(region_id, name) values (26, 'Nolinsk');
insert into city(region_id, name) values (26, 'Omutninsk');
insert into city(region_id, name) values (26, 'Oparino');
insert into city(region_id, name) values (26, 'Orichi');
insert into city(region_id, name) values (26, 'Pijanka');
insert into city(region_id, name) values (26, 'Podosinovec');
insert into city(region_id, name) values (26, 'Sanchursk');
insert into city(region_id, name) values (26, 'Svecha');
insert into city(region_id, name) values (26, 'Slobodskoi');
insert into city(region_id, name) values (26, 'Sovetsk (Kirovskaya obl.)');
insert into city(region_id, name) values (26, 'Suna');
insert into city(region_id, name) values (26, 'Tuja');
insert into city(region_id, name) values (26, 'Uni');
insert into city(region_id, name) values (26, 'Urjum');
insert into city(region_id, name) values (26, 'Falenki');
insert into city(region_id, name) values (26, 'Halturin');
insert into city(region_id, name) values (26, 'YUrya');
insert into city(region_id, name) values (26, 'YAransk');
insert into city(region_id, name) values (103, 'Beregomet');
insert into city(region_id, name) values (103, 'Vashkovcy');
insert into city(region_id, name) values (103, 'Vijnica');
insert into city(region_id, name) values (103, 'Gerca');
insert into city(region_id, name) values (103, 'Glybokaya');
insert into city(region_id, name) values (103, 'Zastavna');
insert into city(region_id, name) values (103, 'Kelmency');
insert into city(region_id, name) values (103, 'Kicman');
insert into city(region_id, name) values (103, 'Novoselica');
insert into city(region_id, name) values (103, 'Putila');
insert into city(region_id, name) values (103, 'Sokiryany');
insert into city(region_id, name) values (103, 'Storojinec');
insert into city(region_id, name) values (103, 'Hotin');
insert into city(region_id, name) values (103, 'CHernovcy');
insert into city(region_id, name) values (164, 'Barra de Concepcin');
insert into city(region_id, name) values (164, 'Iguaz');
insert into city(region_id, name) values (164, 'Ober');
insert into city(region_id, name) values (164, 'Posadas');
insert into city(region_id, name) values (198, 'Belynichi');
insert into city(region_id, name) values (198, 'Bobruisk');
insert into city(region_id, name) values (198, 'Byhov');
insert into city(region_id, name) values (198, 'Glusk');
insert into city(region_id, name) values (198, 'Glusha');
insert into city(region_id, name) values (198, 'Gorki');
insert into city(region_id, name) values (198, 'Grodzyanka');
insert into city(region_id, name) values (198, 'Elizovo');
insert into city(region_id, name) values (198, 'Kirovsk');
insert into city(region_id, name) values (198, 'Klimovichi');
insert into city(region_id, name) values (198, 'Klichev');
insert into city(region_id, name) values (198, 'Kostyukovichi');
insert into city(region_id, name) values (198, 'Krasnopole');
insert into city(region_id, name) values (198, 'Krichev');
insert into city(region_id, name) values (198, 'Krugloe');
insert into city(region_id, name) values (198, 'Mogilev');
insert into city(region_id, name) values (198, 'Mstislavl');
insert into city(region_id, name) values (198, 'Osipovichi');
insert into city(region_id, name) values (198, 'Slavgorod');
insert into city(region_id, name) values (198, 'Hotimsk');
insert into city(region_id, name) values (198, 'CHausy');
insert into city(region_id, name) values (198, 'CHerikov');
insert into city(region_id, name) values (198, 'SHklov');
insert into city(region_id, name) values (203, 'Ath');
insert into city(region_id, name) values (203, 'Binche');
insert into city(region_id, name) values (203, 'Charleroi');
insert into city(region_id, name) values (203, 'Chtelet');
insert into city(region_id, name) values (203, 'Comines-Warneton');
insert into city(region_id, name) values (203, 'Courcelles');
insert into city(region_id, name) values (203, 'Dour');
insert into city(region_id, name) values (203, 'Ellezelles');
insert into city(region_id, name) values (203, 'Fleurus');
insert into city(region_id, name) values (203, 'Fontaine-l''''Evque');
insert into city(region_id, name) values (203, 'Frameries');
insert into city(region_id, name) values (203, 'Gerpinnes');
insert into city(region_id, name) values (203, 'La Louvire');
insert into city(region_id, name) values (203, 'Manage');
insert into city(region_id, name) values (203, 'Mons');
insert into city(region_id, name) values (203, 'Mouscron');
insert into city(region_id, name) values (213, 'Bahnhof Pirin');
insert into city(region_id, name) values (213, 'Bansko');
insert into city(region_id, name) values (213, 'Belitsa');
insert into city(region_id, name) values (213, 'Blagoevgrad');
insert into city(region_id, name) values (213, 'Gotse Delchev');
insert into city(region_id, name) values (213, 'Petric');
insert into city(region_id, name) values (213, 'Petrich');
insert into city(region_id, name) values (213, 'Sandanski');
insert into city(region_id, name) values (213, 'Strumyani');
insert into region(id, country_id, name) values (242, 27, 'Chuquisaca');
insert into region(id, country_id, name) values (243, 27, 'Cochabamba');
insert into region(id, country_id, name) values (244, 27, 'El Beni');
insert into region(id, country_id, name) values (245, 27, 'La Paz');
insert into region(id, country_id, name) values (246, 27, 'None');
insert into region(id, country_id, name) values (247, 27, 'Oruro');
insert into region(id, country_id, name) values (248, 27, 'Potos');
insert into region(id, country_id, name) values (249, 27, 'Santa Cruz');
insert into city(region_id, name) values (27, 'Abez');
insert into city(region_id, name) values (27, 'Adzvavom');
insert into city(region_id, name) values (27, 'Aikino');
insert into city(region_id, name) values (27, 'Verhnyaya Inta');
insert into city(region_id, name) values (27, 'Vizinga');
insert into city(region_id, name) values (27, 'Vodnyi');
insert into city(region_id, name) values (27, 'Vorkuta');
insert into city(region_id, name) values (27, 'Vuktyl');
insert into city(region_id, name) values (27, 'Eleckii');
insert into city(region_id, name) values (27, 'Emva');
insert into city(region_id, name) values (27, 'Jeshart');
insert into city(region_id, name) values (27, 'Zapolyarnyi');
insert into city(region_id, name) values (27, 'Ijma');
insert into city(region_id, name) values (27, 'Inta');
insert into city(region_id, name) values (27, 'Irael');
insert into city(region_id, name) values (27, 'Kadjerom');
insert into city(region_id, name) values (27, 'Kajym');
insert into city(region_id, name) values (27, 'Kojym');
insert into city(region_id, name) values (27, 'Koigorodok');
insert into city(region_id, name) values (27, 'Kortkeros');
insert into city(region_id, name) values (27, 'Koslan');
insert into city(region_id, name) values (27, 'Mikun');
insert into city(region_id, name) values (27, 'Nijnii Odes');
insert into city(region_id, name) values (27, 'Ob`yachevo');
insert into city(region_id, name) values (27, 'Pechora');
insert into city(region_id, name) values (27, 'Sosnogorsk');
insert into city(region_id, name) values (27, 'Syktyvkar');
insert into city(region_id, name) values (27, 'Troicko-Pechersk');
insert into city(region_id, name) values (27, 'Usinsk');
insert into city(region_id, name) values (27, 'Usogorsk');
insert into city(region_id, name) values (27, 'Ust-Kulom');
insert into city(region_id, name) values (27, 'Ust-Cilma');
insert into city(region_id, name) values (27, 'Uhta');
insert into city(region_id, name) values (165, 'Astra');
insert into city(region_id, name) values (165, 'Neuqun');
insert into city(region_id, name) values (204, 'Amay');
insert into city(region_id, name) values (204, 'Ans');
insert into city(region_id, name) values (204, 'Awans');
insert into city(region_id, name) values (204, 'Aywaille');
insert into city(region_id, name) values (204, 'Baelen');
insert into city(region_id, name) values (204, 'Berloz');
insert into city(region_id, name) values (204, 'Brunehaut');
insert into city(region_id, name) values (204, 'Bllingen');
insert into city(region_id, name) values (204, 'Celles');
insert into city(region_id, name) values (204, 'Chaudfontaine');
insert into city(region_id, name) values (204, 'Dison');
insert into city(region_id, name) values (204, 'Eupen');
insert into city(region_id, name) values (204, 'Kelmis');
insert into city(region_id, name) values (204, 'Lige');
insert into city(region_id, name) values (204, 'Malmedy');
insert into city(region_id, name) values (204, 'Oreye');
insert into city(region_id, name) values (204, 'Raeren');
insert into city(region_id, name) values (204, 'Saint-Nicolas');
insert into city(region_id, name) values (204, 'Sankt Vith');
insert into city(region_id, name) values (204, 'Spa');
insert into city(region_id, name) values (204, 'Tournai');
insert into city(region_id, name) values (204, 'Verviers');
insert into city(region_id, name) values (204, 'Waimes');
insert into city(region_id, name) values (214, 'Abdioglu K''''oy');
insert into city(region_id, name) values (214, 'Abtarazak');
insert into city(region_id, name) values (214, 'Achlare');
insert into city(region_id, name) values (214, 'Achtopol');
insert into city(region_id, name) values (214, 'Aclari');
insert into city(region_id, name) values (214, 'Aclart');
insert into city(region_id, name) values (214, 'Ahiolo');
insert into city(region_id, name) values (214, 'Aitos');
insert into city(region_id, name) values (214, 'Ajtos');
insert into city(region_id, name) values (214, 'Balgari');
insert into city(region_id, name) values (214, 'Bourgas');
insert into city(region_id, name) values (214, 'Burgas');
insert into city(region_id, name) values (214, 'Burgaz');
insert into city(region_id, name) values (214, 'Burghaz');
insert into city(region_id, name) values (214, 'Cerni Vruch');
insert into city(region_id, name) values (214, 'Chernomorets');
insert into city(region_id, name) values (214, 'Chibuklii');
insert into city(region_id, name) values (214, 'Gyulyuvitsa');
insert into city(region_id, name) values (214, 'Kameno');
insert into city(region_id, name) values (214, 'Karnabat');
insert into city(region_id, name) values (214, 'Karnobat');
insert into city(region_id, name) values (214, 'Losenez');
insert into city(region_id, name) values (214, 'Nesebar');
insert into city(region_id, name) values (214, 'Neseber');
insert into city(region_id, name) values (214, 'Nesebr');
insert into city(region_id, name) values (214, 'Nessebar');
insert into city(region_id, name) values (214, 'Obzor');
insert into city(region_id, name) values (214, 'Pomorie');
insert into city(region_id, name) values (214, 'Pomoriye');
insert into city(region_id, name) values (214, 'Primorsko');
insert into city(region_id, name) values (214, 'Sarafovo');
insert into city(region_id, name) values (214, 'Sarefovo');
insert into city(region_id, name) values (214, 'Sizopol');
insert into city(region_id, name) values (214, 'Sosopol');
insert into city(region_id, name) values (214, 'Sozopol');
insert into city(region_id, name) values (214, 'Sveti Vlas');
insert into city(region_id, name) values (242, 'Alcautal');
insert into city(region_id, name) values (242, 'Algodonal');
insert into city(region_id, name) values (242, 'Allangua');
insert into city(region_id, name) values (242, 'Amachuma');
insert into city(region_id, name) values (242, 'Ciudad Sucre');
insert into region(id, country_id, name) values (250, 28, 'Federation of Bosnia and Herzegovina');
insert into region(id, country_id, name) values (251, 28, 'None');
insert into region(id, country_id, name) values (252, 28, 'Republika Srpska');
insert into city(region_id, name) values (28, 'Antropovo');
insert into city(region_id, name) values (28, 'Bogovarovo');
insert into city(region_id, name) values (28, 'Bui');
insert into city(region_id, name) values (28, 'Volgorechensk');
insert into city(region_id, name) values (28, 'Galich');
insert into city(region_id, name) values (28, 'Gorchuha');
insert into city(region_id, name) values (28, 'Zeblyaki');
insert into city(region_id, name) values (28, 'Kadyi');
insert into city(region_id, name) values (28, 'Kologriv');
insert into city(region_id, name) values (28, 'Kostroma');
insert into city(region_id, name) values (28, 'Krasnoe-na-Volge');
insert into city(region_id, name) values (28, 'Makarev');
insert into city(region_id, name) values (28, 'Manturovo');
insert into city(region_id, name) values (28, 'Nerehta');
insert into city(region_id, name) values (28, 'Neya');
insert into city(region_id, name) values (28, 'Ostrovskoe');
insert into city(region_id, name) values (28, 'Pavino');
insert into city(region_id, name) values (28, 'Parfentevo');
insert into city(region_id, name) values (28, 'Ponazyrevo');
insert into city(region_id, name) values (28, 'Soligalich');
insert into city(region_id, name) values (28, 'Sudislavl');
insert into city(region_id, name) values (28, 'Susanino');
insert into city(region_id, name) values (28, 'CHuhloma');
insert into city(region_id, name) values (28, 'SHarya');
insert into city(region_id, name) values (28, 'SHemyatino');
insert into city(region_id, name) values (166, 'Allen');
insert into city(region_id, name) values (166, 'Bariloche');
insert into city(region_id, name) values (166, 'Benjamn Zorrilla');
insert into city(region_id, name) values (166, 'Boliche');
insert into city(region_id, name) values (166, 'General Roca');
insert into city(region_id, name) values (166, 'Viedma');
insert into city(region_id, name) values (166, 'Villa Regina');
insert into city(region_id, name) values (205, 'Alken');
insert into city(region_id, name) values (205, 'As');
insert into city(region_id, name) values (205, 'Beringen');
insert into city(region_id, name) values (205, 'Bilzen');
insert into city(region_id, name) values (205, 'Borgloon');
insert into city(region_id, name) values (205, 'Bree');
insert into city(region_id, name) values (205, 'Dilsen-Stokkem');
insert into city(region_id, name) values (205, 'Halen');
insert into city(region_id, name) values (205, 'Ham');
insert into city(region_id, name) values (205, 'Hasselt');
insert into city(region_id, name) values (205, 'Heers');
insert into city(region_id, name) values (205, 'Heusden-Zolder');
insert into city(region_id, name) values (205, 'Hoeselt');
insert into city(region_id, name) values (205, 'Houthalen-Helchteren');
insert into city(region_id, name) values (205, 'Lanaken');
insert into city(region_id, name) values (205, 'Leopoldsburg');
insert into city(region_id, name) values (205, 'Lommel');
insert into city(region_id, name) values (205, 'Lummen');
insert into city(region_id, name) values (205, 'Maaseik');
insert into city(region_id, name) values (205, 'Maasmechelen');
insert into city(region_id, name) values (205, 'Neerpelt');
insert into city(region_id, name) values (205, 'Overpelt');
insert into city(region_id, name) values (205, 'Peer');
insert into city(region_id, name) values (205, 'Sint-Truiden');
insert into city(region_id, name) values (205, 'Tessenderlo');
insert into city(region_id, name) values (205, 'Tongeren');
insert into city(region_id, name) values (205, 'Wellen');
insert into city(region_id, name) values (205, 'Zonhoven');
insert into city(region_id, name) values (215, 'Balchik');
insert into city(region_id, name) values (215, 'Dobric');
insert into city(region_id, name) values (215, 'Dobrich');
insert into city(region_id, name) values (215, 'Dobritch');
insert into city(region_id, name) values (215, 'General Tosevo');
insert into city(region_id, name) values (215, 'Kavarna');
insert into city(region_id, name) values (215, 'Krusari');
insert into city(region_id, name) values (215, 'Krushari');
insert into city(region_id, name) values (243, 'Abra');
insert into city(region_id, name) values (243, 'Andenpampa');
insert into city(region_id, name) values (243, 'Ciudad Cochabamba');
insert into city(region_id, name) values (243, 'Cochabamba');
insert into city(region_id, name) values (243, 'Quillacollo');
insert into city(region_id, name) values (243, 'Sipe Sipe');
insert into city(region_id, name) values (250, 'Abdakovici');
insert into city(region_id, name) values (250, 'Alipasino Polje');
insert into city(region_id, name) values (250, 'Arapi');
insert into city(region_id, name) values (250, 'Jelah');
insert into city(region_id, name) values (250, 'Mandiri');
insert into city(region_id, name) values (250, 'Mostar');
insert into city(region_id, name) values (250, 'Tuzlanska');
insert into city(region_id, name) values (250, 'Visoko');
insert into city(region_id, name) values (250, 'Vitez');
insert into city(region_id, name) values (250, 'Zenica');
insert into region(id, country_id, name) values (253, 29, 'Botsvana');
insert into city(region_id, name) values (29, 'Abinsk');
insert into city(region_id, name) values (29, 'Abrau-Dyurso');
insert into city(region_id, name) values (29, 'Adler');
insert into city(region_id, name) values (29, 'Anapa');
insert into city(region_id, name) values (29, 'Apsheronsk');
insert into city(region_id, name) values (29, 'Armavir');
insert into city(region_id, name) values (29, 'Arhipo-Osipovka');
insert into city(region_id, name) values (29, 'Afipskii');
insert into city(region_id, name) values (29, 'Ahtyrskii');
insert into city(region_id, name) values (29, 'Achuevo');
insert into city(region_id, name) values (29, 'Belaya Glina');
insert into city(region_id, name) values (29, 'Belorechensk');
insert into city(region_id, name) values (29, 'Verhnebakanskii');
insert into city(region_id, name) values (29, 'Vyselki');
insert into city(region_id, name) values (29, 'Gelendjik');
insert into city(region_id, name) values (29, 'Giaginskaya');
insert into city(region_id, name) values (29, 'Goryachii Klyuch');
insert into city(region_id, name) values (29, 'Gulkevichi');
insert into city(region_id, name) values (29, 'Djubga');
insert into city(region_id, name) values (29, 'Dinskaya');
insert into city(region_id, name) values (29, 'Eisk');
insert into city(region_id, name) values (29, 'Ilskii');
insert into city(region_id, name) values (29, 'Kabardinka');
insert into city(region_id, name) values (29, 'Kalinino');
insert into city(region_id, name) values (29, 'Kalininskaya');
insert into city(region_id, name) values (29, 'Kamennomostskii');
insert into city(region_id, name) values (29, 'Kanevskaya');
insert into city(region_id, name) values (29, 'Korenovsk');
insert into city(region_id, name) values (29, 'Krasnoarmeiskaya');
insert into city(region_id, name) values (29, 'Krasnodar');
insert into city(region_id, name) values (29, 'Kropotkin');
insert into city(region_id, name) values (29, 'Krylovskaya');
insert into city(region_id, name) values (29, 'Krymsk');
insert into city(region_id, name) values (29, 'Kurganinsk');
insert into city(region_id, name) values (29, 'Kuschevskaya');
insert into city(region_id, name) values (29, 'Labinsk');
insert into city(region_id, name) values (29, 'Lazarevskoe');
insert into city(region_id, name) values (29, 'Leningradskaya');
insert into city(region_id, name) values (29, 'Maikop (Krasnodarskii krai)');
insert into city(region_id, name) values (29, 'Mostovskoi');
insert into city(region_id, name) values (29, 'Novokubansk');
insert into city(region_id, name) values (29, 'Novorossiisk');
insert into city(region_id, name) values (29, 'Otradnaya');
insert into city(region_id, name) values (29, 'Pavlovskaya');
insert into city(region_id, name) values (29, 'Primorsko-Ahtarsk');
insert into city(region_id, name) values (29, 'Severskaya');
insert into city(region_id, name) values (29, 'Slavyansk-na-Kubani');
insert into city(region_id, name) values (29, 'Sochi');
insert into city(region_id, name) values (29, 'Starominskaya');
insert into city(region_id, name) values (29, 'Staroscherbinovskaya');
insert into city(region_id, name) values (29, 'Tbilisskaya');
insert into city(region_id, name) values (29, 'Temryuk');
insert into city(region_id, name) values (29, 'Timashevsk');
insert into city(region_id, name) values (29, 'Tihoreck');
insert into city(region_id, name) values (29, 'Tuapse');
insert into city(region_id, name) values (29, 'Tulskii');
insert into city(region_id, name) values (29, 'Ust-Labinsk');
insert into city(region_id, name) values (29, 'Hadyjensk');
insert into city(region_id, name) values (29, 'Hosta');
insert into city(region_id, name) values (29, 'SHovgenovskii');
insert into city(region_id, name) values (167, 'Orn');
insert into city(region_id, name) values (206, 'Arlon');
insert into city(region_id, name) values (206, 'Aubange');
insert into city(region_id, name) values (206, 'Bastogne');
insert into city(region_id, name) values (206, 'Bertrix');
insert into city(region_id, name) values (206, 'Bouillon');
insert into city(region_id, name) values (206, 'Chiny');
insert into city(region_id, name) values (206, 'Durbuy');
insert into city(region_id, name) values (206, 'Etalle');
insert into city(region_id, name) values (206, 'Florenville');
insert into city(region_id, name) values (206, 'Habay');
insert into city(region_id, name) values (206, 'La Roche-en-Ardenne');
insert into city(region_id, name) values (206, 'Lglise');
insert into city(region_id, name) values (206, 'Libin');
insert into city(region_id, name) values (206, 'Manhay');
insert into city(region_id, name) values (206, 'Marche-en-Famenne');
insert into city(region_id, name) values (206, 'Messancy');
insert into city(region_id, name) values (206, 'Rendeux');
insert into city(region_id, name) values (206, 'Tellin');
insert into city(region_id, name) values (206, 'Tenneville');
insert into city(region_id, name) values (206, 'Tintigny');
insert into city(region_id, name) values (206, 'Virton');
insert into city(region_id, name) values (206, 'Wellin');
insert into city(region_id, name) values (216, 'Dryanovo');
insert into city(region_id, name) values (216, 'Gabrovo');
insert into city(region_id, name) values (216, 'Gabrowo');
insert into city(region_id, name) values (216, 'Sevlievo');
insert into city(region_id, name) values (216, 'Trevna');
insert into city(region_id, name) values (216, 'Trjavna');
insert into city(region_id, name) values (216, 'Tryavna');
insert into city(region_id, name) values (244, 'Aparejos');
insert into city(region_id, name) values (244, 'Asociega');
insert into city(region_id, name) values (244, 'Libertad');
insert into city(region_id, name) values (251, 'Alici');
insert into city(region_id, name) values (251, 'Begovac');
insert into city(region_id, name) values (251, 'Dobrinja');
insert into city(region_id, name) values (251, 'Kraljevo Polje');
insert into city(region_id, name) values (251, 'Litva');
insert into city(region_id, name) values (251, 'Sarajevo');
insert into city(region_id, name) values (251, 'Tuzla');
insert into city(region_id, name) values (253, 'Gaborone');
insert into city(region_id, name) values (253, 'Serove');
insert into city(region_id, name) values (253, 'SHakave');
insert into region(id, country_id, name) values (254, 30, 'Acre');
insert into region(id, country_id, name) values (255, 30, 'Alagoas');
insert into region(id, country_id, name) values (256, 30, 'Amapa');
insert into region(id, country_id, name) values (257, 30, 'Amazonas');
insert into region(id, country_id, name) values (258, 30, 'Bahia');
insert into region(id, country_id, name) values (259, 30, 'Ceara');
insert into region(id, country_id, name) values (260, 30, 'Distrito Federal');
insert into region(id, country_id, name) values (261, 30, 'Espirito Santo');
insert into region(id, country_id, name) values (262, 30, 'Goias');
insert into region(id, country_id, name) values (263, 30, 'Maranhao');
insert into region(id, country_id, name) values (264, 30, 'Minas Gerais');
insert into region(id, country_id, name) values (265, 30, 'Paraiba');
insert into region(id, country_id, name) values (266, 30, 'Parana');
insert into region(id, country_id, name) values (267, 30, 'Rio de Janeiro');
insert into region(id, country_id, name) values (268, 30, 'Rio Grande do Norte');
insert into region(id, country_id, name) values (269, 30, 'Rio Grande do Sul');
insert into region(id, country_id, name) values (270, 30, 'Rondonia');
insert into region(id, country_id, name) values (271, 30, 'Roraima');
insert into region(id, country_id, name) values (272, 30, 'Santa Catarina');
insert into region(id, country_id, name) values (273, 30, 'Sao Paulo');
insert into region(id, country_id, name) values (274, 30, 'Sergipe');
insert into city(region_id, name) values (30, 'Abaza');
insert into city(region_id, name) values (30, 'Abakan');
insert into city(region_id, name) values (30, 'Aginskoe');
insert into city(region_id, name) values (30, 'Artemovsk');
insert into city(region_id, name) values (30, 'Askiz');
insert into city(region_id, name) values (30, 'Achinsk');
insert into city(region_id, name) values (30, 'Baikit');
insert into city(region_id, name) values (30, 'Balahta');
insert into city(region_id, name) values (30, 'Balyksa');
insert into city(region_id, name) values (30, 'Belyi YAr');
insert into city(region_id, name) values (30, 'Beya');
insert into city(region_id, name) values (30, 'Biskamja');
insert into city(region_id, name) values (30, 'Bogotol');
insert into city(region_id, name) values (30, 'Bograd');
insert into city(region_id, name) values (30, 'Boguchany');
insert into city(region_id, name) values (30, 'Bolshaya Murta');
insert into city(region_id, name) values (30, 'Bolshoi Ului');
insert into city(region_id, name) values (30, 'Borodino (Krasnoyarskii krai)');
insert into city(region_id, name) values (30, 'Vanavara');
insert into city(region_id, name) values (30, 'Verhneimbatsk');
insert into city(region_id, name) values (30, 'Goryachegorsk');
insert into city(region_id, name) values (30, 'Dzerjinskoe');
insert into city(region_id, name) values (30, 'Divnogorsk');
insert into city(region_id, name) values (30, 'Dikson');
insert into city(region_id, name) values (30, 'Dudinka');
insert into city(region_id, name) values (30, 'Emelyanovo');
insert into city(region_id, name) values (30, 'Eniseisk');
insert into city(region_id, name) values (30, 'Ermakovskoe');
insert into city(region_id, name) values (30, 'Jeleznogorsk');
insert into city(region_id, name) values (30, 'Zaozernyi');
insert into city(region_id, name) values (30, 'Zelenogorsk (Krasnoyarskii krai)');
insert into city(region_id, name) values (30, 'Igarka');
insert into city(region_id, name) values (30, 'Idrinskoe');
insert into city(region_id, name) values (30, 'Ilanskii');
insert into city(region_id, name) values (30, 'Irbeiskoe');
insert into city(region_id, name) values (30, 'Kazachinskoe (Krasnoyarskii krai)');
insert into city(region_id, name) values (30, 'Kansk');
insert into city(region_id, name) values (30, 'Karatuzskoe');
insert into city(region_id, name) values (30, 'Karaul');
insert into city(region_id, name) values (30, 'Kodinsk');
insert into city(region_id, name) values (30, 'Kozulka');
insert into city(region_id, name) values (30, 'Kopevo');
insert into city(region_id, name) values (30, 'Krasnoturansk');
insert into city(region_id, name) values (30, 'Krasnoyarsk');
insert into city(region_id, name) values (30, 'Kuragino');
insert into city(region_id, name) values (30, 'Lesosibirsk');
insert into city(region_id, name) values (30, 'Minusinsk');
insert into city(region_id, name) values (30, 'Motygino');
insert into city(region_id, name) values (30, 'Nazarovo');
insert into city(region_id, name) values (30, 'Nijnii Ingash');
insert into city(region_id, name) values (30, 'Novoselovo');
insert into city(region_id, name) values (30, 'Norilsk');
insert into city(region_id, name) values (30, 'Partizanskoe');
insert into city(region_id, name) values (30, 'Pirovskoe');
insert into city(region_id, name) values (30, 'Severo-Eniseiskii');
insert into city(region_id, name) values (30, 'Sosnovoborsk (Krasnoyarskii krai)');
insert into city(region_id, name) values (30, 'Taseevo');
insert into city(region_id, name) values (30, 'Tashtyp');
insert into city(region_id, name) values (30, 'Tura');
insert into city(region_id, name) values (30, 'Turuhansk');
insert into city(region_id, name) values (30, 'Tyuhtet');
insert into city(region_id, name) values (30, 'Ujur');
insert into city(region_id, name) values (30, 'Uyar');
insert into city(region_id, name) values (30, 'Hatanga');
insert into city(region_id, name) values (30, 'CHeremushki');
insert into city(region_id, name) values (30, 'CHernogorsk');
insert into city(region_id, name) values (30, 'SHalinskoe');
insert into city(region_id, name) values (30, 'SHarypovo (Krasnoyarskii krai)');
insert into city(region_id, name) values (30, 'SHira');
insert into city(region_id, name) values (30, 'SHushenskoe');
insert into city(region_id, name) values (168, 'Alto de Sierra');
insert into city(region_id, name) values (168, 'Bella Vista');
insert into city(region_id, name) values (168, 'Rivadavia');
insert into city(region_id, name) values (168, 'Villa Krause');
insert into city(region_id, name) values (207, 'Andenne');
insert into city(region_id, name) values (207, 'Anhe');
insert into city(region_id, name) values (207, 'Cerfontaine');
insert into city(region_id, name) values (207, 'Dinant');
insert into city(region_id, name) values (207, 'Doische');
insert into city(region_id, name) values (207, 'Fosses-la-Ville');
insert into city(region_id, name) values (207, 'Mettet');
insert into city(region_id, name) values (207, 'Namur');
insert into city(region_id, name) values (207, 'Philippeville');
insert into city(region_id, name) values (207, 'Viroinval');
insert into city(region_id, name) values (207, 'Yvoir');
insert into city(region_id, name) values (217, 'Aleksandur Voykov');
insert into city(region_id, name) values (217, 'Banki');
insert into city(region_id, name) values (217, 'Bankia');
insert into city(region_id, name) values (217, 'Bankja');
insert into city(region_id, name) values (217, 'Benkovski');
insert into city(region_id, name) values (217, 'Boyana');
insert into city(region_id, name) values (217, 'Bussmanzi');
insert into city(region_id, name) values (217, 'Celopecene');
insert into city(region_id, name) values (217, 'Gorubljane');
insert into city(region_id, name) values (217, 'Gradska Chast');
insert into city(region_id, name) values (217, 'Obelya');
insert into city(region_id, name) values (217, 'Sofia');
insert into city(region_id, name) values (217, 'Sofija');
insert into city(region_id, name) values (217, 'Sofiya');
insert into city(region_id, name) values (217, 'Yana');
insert into city(region_id, name) values (245, 'Abara');
insert into city(region_id, name) values (245, 'Achacachi');
insert into city(region_id, name) values (245, 'Achicuiri');
insert into city(region_id, name) values (245, 'Achila');
insert into city(region_id, name) values (245, 'Achumani');
insert into city(region_id, name) values (245, 'Caranavi');
insert into city(region_id, name) values (245, 'Ciudad La Paz');
insert into city(region_id, name) values (245, 'La Paz');
insert into city(region_id, name) values (245, 'Pipini');
insert into city(region_id, name) values (245, 'Puerto Rico');
insert into city(region_id, name) values (252, 'Alici');
insert into city(region_id, name) values (252, 'Banialuca');
insert into city(region_id, name) values (252, 'Banja Luka');
insert into city(region_id, name) values (252, 'Bijeljani');
insert into city(region_id, name) values (252, 'Bijeljina');
insert into city(region_id, name) values (252, 'Doboj');
insert into city(region_id, name) values (252, 'Pristina');
insert into city(region_id, name) values (252, 'Srebrnica');
insert into city(region_id, name) values (252, 'Trebinje');
insert into city(region_id, name) values (254, 'Alto Alegre');
insert into city(region_id, name) values (254, 'Athenas');
insert into city(region_id, name) values (254, 'Rio Branco');
insert into region(id, country_id, name) values (275, 31, 'Rod-Taun');
insert into city(region_id, name) values (31, 'Vargashi');
insert into city(region_id, name) values (31, 'Glyadyanskoe');
insert into city(region_id, name) values (31, 'Dalmatovo');
insert into city(region_id, name) values (31, 'Kargapole');
insert into city(region_id, name) values (31, 'Kataisk');
insert into city(region_id, name) values (31, 'Ketovo');
insert into city(region_id, name) values (31, 'Kurgan');
insert into city(region_id, name) values (31, 'Kurtamysh');
insert into city(region_id, name) values (31, 'Lebyaje');
insert into city(region_id, name) values (31, 'Makushino');
insert into city(region_id, name) values (31, 'Mishkino');
insert into city(region_id, name) values (31, 'Mokrousovo');
insert into city(region_id, name) values (31, 'Petuhovo');
insert into city(region_id, name) values (31, 'Polovinnoe');
insert into city(region_id, name) values (31, 'Safakulevo');
insert into city(region_id, name) values (31, 'Celinnoe');
insert into city(region_id, name) values (31, 'SHadrinsk');
insert into city(region_id, name) values (31, 'SHatrovo');
insert into city(region_id, name) values (31, 'SHumiha');
insert into city(region_id, name) values (31, 'SCHuche');
insert into city(region_id, name) values (31, 'YUrgamysh');
insert into city(region_id, name) values (169, 'Arizona');
insert into city(region_id, name) values (169, 'Saladillo');
insert into city(region_id, name) values (208, 'Aalst');
insert into city(region_id, name) values (208, 'Berlare');
insert into city(region_id, name) values (208, 'Beveren');
insert into city(region_id, name) values (208, 'De Pinte');
insert into city(region_id, name) values (208, 'Deinze');
insert into city(region_id, name) values (208, 'Denderleeuw');
insert into city(region_id, name) values (208, 'Dendermonde');
insert into city(region_id, name) values (208, 'Erpe-Mere');
insert into city(region_id, name) values (208, 'Gent');
insert into city(region_id, name) values (208, 'Geraardsbergen');
insert into city(region_id, name) values (208, 'Hamme');
insert into city(region_id, name) values (208, 'Lebbeke');
insert into city(region_id, name) values (208, 'Lede');
insert into city(region_id, name) values (208, 'Lierde');
insert into city(region_id, name) values (208, 'Melle');
insert into city(region_id, name) values (208, 'Merelbeke');
insert into city(region_id, name) values (208, 'Ninove');
insert into city(region_id, name) values (208, 'Oudenaarde');
insert into city(region_id, name) values (208, 'Ronse');
insert into city(region_id, name) values (208, 'Sint-Niklaas');
insert into city(region_id, name) values (208, 'Temse');
insert into city(region_id, name) values (218, 'Bakulur');
insert into city(region_id, name) values (218, 'Chaskovo');
insert into city(region_id, name) values (218, 'Derviska-Mogila');
insert into city(region_id, name) values (218, 'Dimitrovgrad');
insert into city(region_id, name) values (218, 'Harmanli');
insert into city(region_id, name) values (218, 'Harmanly');
insert into city(region_id, name) values (218, 'Haskovo');
insert into city(region_id, name) values (218, 'Ivaylovgrad');
insert into city(region_id, name) values (218, 'Khaskovo');
insert into city(region_id, name) values (218, 'Khrastovo');
insert into city(region_id, name) values (218, 'Malevo');
insert into city(region_id, name) values (218, 'Simeonovgrad');
insert into city(region_id, name) values (218, 'Slivengrad');
insert into city(region_id, name) values (218, 'Svilengrad');
insert into city(region_id, name) values (218, 'Svilengrade');
insert into city(region_id, name) values (218, 'Topolowgrad');
insert into city(region_id, name) values (246, 'Yumao');
insert into city(region_id, name) values (255, 'Agreste');
insert into city(region_id, name) values (255, 'Macei');
insert into city(region_id, name) values (275, 'Rod-Taun');
insert into region(id, country_id, name) values (276, 32, 'Brunei');
insert into city(region_id, name) values (32, 'Almenevo');
insert into city(region_id, name) values (32, 'Belaya');
insert into city(region_id, name) values (32, 'Bolshoe Soldatskoe');
insert into city(region_id, name) values (32, 'Glushkovo');
insert into city(region_id, name) values (32, 'Gorshechnoe');
insert into city(region_id, name) values (32, 'Dmitriev-Lgovskii');
insert into city(region_id, name) values (32, 'Jeleznogorsk');
insert into city(region_id, name) values (32, 'Zolotuhino');
insert into city(region_id, name) values (32, 'Kastornoe');
insert into city(region_id, name) values (32, 'Konyshevka');
insert into city(region_id, name) values (32, 'Korenevo');
insert into city(region_id, name) values (32, 'Kursk');
insert into city(region_id, name) values (32, 'Kurchatov');
insert into city(region_id, name) values (32, 'Kshenskii');
insert into city(region_id, name) values (32, 'Lgov');
insert into city(region_id, name) values (32, 'Manturovo');
insert into city(region_id, name) values (32, 'Medvenka');
insert into city(region_id, name) values (32, 'Oboyan');
insert into city(region_id, name) values (32, 'Ponyri');
insert into city(region_id, name) values (32, 'Pristen');
insert into city(region_id, name) values (32, 'Pryamicyno');
insert into city(region_id, name) values (32, 'Rylsk');
insert into city(region_id, name) values (32, 'Sudja');
insert into city(region_id, name) values (32, 'Tim');
insert into city(region_id, name) values (32, 'Fatej');
insert into city(region_id, name) values (32, 'Homutovka');
insert into city(region_id, name) values (32, 'CHeremisinovo');
insert into city(region_id, name) values (32, 'SCHigry');
insert into city(region_id, name) values (170, 'Antonio de Biedma');
insert into city(region_id, name) values (170, 'Carrera');
insert into city(region_id, name) values (170, 'El Paso');
insert into city(region_id, name) values (170, 'Estancia La Aragonesa');
insert into city(region_id, name) values (170, 'Ro Gallegos');
insert into city(region_id, name) values (209, 'Asse');
insert into city(region_id, name) values (209, 'Bekkevoort');
insert into city(region_id, name) values (209, 'Diest');
insert into city(region_id, name) values (209, 'Glabbeek');
insert into city(region_id, name) values (209, 'Halle');
insert into city(region_id, name) values (209, 'Herent');
insert into city(region_id, name) values (209, 'Herne');
insert into city(region_id, name) values (209, 'Kapelle-op-den-Bos');
insert into city(region_id, name) values (209, 'Kortenaken');
insert into city(region_id, name) values (209, 'Leuven');
insert into city(region_id, name) values (209, 'Tervuren');
insert into city(region_id, name) values (209, 'Tienen');
insert into city(region_id, name) values (209, 'Vilvoorde');
insert into city(region_id, name) values (209, 'Zaventem');
insert into city(region_id, name) values (209, 'Zemst');
insert into city(region_id, name) values (209, 'Zoutleeuw');
insert into city(region_id, name) values (219, 'Ardino');
insert into city(region_id, name) values (219, 'Kardzhali');
insert into city(region_id, name) values (219, 'Kircaali');
insert into city(region_id, name) values (219, 'Kirdzali');
insert into city(region_id, name) values (219, 'Kirdzalu');
insert into city(region_id, name) values (219, 'Kirjali');
insert into city(region_id, name) values (219, 'Koshu-Kavak');
insert into city(region_id, name) values (219, 'Krdjali');
insert into city(region_id, name) values (219, 'Kroumovgrade');
insert into city(region_id, name) values (219, 'Kurdzali');
insert into city(region_id, name) values (219, 'Mastanl');
insert into city(region_id, name) values (219, 'Momchilgrad');
insert into city(region_id, name) values (247, 'Oruro');
insert into city(region_id, name) values (256, 'Abacate');
insert into city(region_id, name) values (256, 'Amap');
insert into city(region_id, name) values (256, 'Macap');
insert into city(region_id, name) values (276, 'Bandar-Seri-Begavan');
insert into region(id, country_id, name) values (277, 33, 'Burkina Faso');
insert into city(region_id, name) values (33, 'Gryazi');
insert into city(region_id, name) values (33, 'Dankov');
insert into city(region_id, name) values (33, 'Dobroe');
insert into city(region_id, name) values (33, 'Dolgorukovo');
insert into city(region_id, name) values (33, 'Elec');
insert into city(region_id, name) values (33, 'Zadonsk');
insert into city(region_id, name) values (33, 'Izmalkovo');
insert into city(region_id, name) values (33, 'Kazinka');
insert into city(region_id, name) values (33, 'Lebedyan');
insert into city(region_id, name) values (33, 'Lev Tolstoi');
insert into city(region_id, name) values (33, 'Lipeck');
insert into city(region_id, name) values (33, 'Terbuny');
insert into city(region_id, name) values (33, 'Usman');
insert into city(region_id, name) values (33, 'Hlevnoe');
insert into city(region_id, name) values (33, 'CHaplygin');
insert into city(region_id, name) values (171, 'lvarez');
insert into city(region_id, name) values (171, 'Arminda');
insert into city(region_id, name) values (171, 'Rafaela');
insert into city(region_id, name) values (171, 'Rosario');
insert into city(region_id, name) values (171, 'Santa Fe');
insert into city(region_id, name) values (210, 'Ardooie');
insert into city(region_id, name) values (210, 'Beernem');
insert into city(region_id, name) values (210, 'Blankenberge');
insert into city(region_id, name) values (210, 'Bredene');
insert into city(region_id, name) values (210, 'Brugge');
insert into city(region_id, name) values (210, 'De Haan');
insert into city(region_id, name) values (210, 'De Panne');
insert into city(region_id, name) values (210, 'Diksmuide');
insert into city(region_id, name) values (210, 'Harelbeke');
insert into city(region_id, name) values (210, 'Ieper');
insert into city(region_id, name) values (210, 'Izegem');
insert into city(region_id, name) values (210, 'Jabbeke');
insert into city(region_id, name) values (210, 'Knokke-Heist');
insert into city(region_id, name) values (210, 'Koksijde');
insert into city(region_id, name) values (210, 'Kortrijk');
insert into city(region_id, name) values (210, 'Kuurne');
insert into city(region_id, name) values (210, 'Menen');
insert into city(region_id, name) values (210, 'Middelkerke');
insert into city(region_id, name) values (210, 'Oostende');
insert into city(region_id, name) values (210, 'Oostrozebeke');
insert into city(region_id, name) values (210, 'Pittem');
insert into city(region_id, name) values (210, 'Roeselare');
insert into city(region_id, name) values (210, 'Tielt');
insert into city(region_id, name) values (210, 'Torhout');
insert into city(region_id, name) values (210, 'Veurne');
insert into city(region_id, name) values (210, 'Wervik');
insert into city(region_id, name) values (210, 'Zedelgem');
insert into city(region_id, name) values (210, 'Zonnebeke');
insert into city(region_id, name) values (220, 'Bobov Dol');
insert into city(region_id, name) values (220, 'Dupnitsa');
insert into city(region_id, name) values (220, 'Keustendil');
insert into city(region_id, name) values (220, 'Kioustndil');
insert into city(region_id, name) values (220, 'Kjustendil');
insert into city(region_id, name) values (220, 'Kyustendil');
insert into city(region_id, name) values (248, 'Potos');
insert into city(region_id, name) values (257, 'Abufari');
insert into city(region_id, name) values (257, 'Aru');
insert into city(region_id, name) values (257, 'Axioma');
insert into city(region_id, name) values (277, 'Bobo Diulaso');
insert into city(region_id, name) values (277, 'Uagadugu');
insert into region(id, country_id, name) values (278, 34, 'Burundi');
insert into city(region_id, name) values (34, 'Anadyr (Magadanskaya obl.)');
insert into city(region_id, name) values (34, 'Atka');
insert into city(region_id, name) values (34, 'Beringovskii');
insert into city(region_id, name) values (34, 'Bilibino');
insert into city(region_id, name) values (34, 'Bolshevik');
insert into city(region_id, name) values (34, 'Vankarem');
insert into city(region_id, name) values (34, 'Kadykchan');
insert into city(region_id, name) values (34, 'Lavrentiya');
insert into city(region_id, name) values (34, 'Magadan');
insert into city(region_id, name) values (34, 'Mys SHmidta');
insert into city(region_id, name) values (34, 'Ola');
insert into city(region_id, name) values (34, 'Omsukchan');
insert into city(region_id, name) values (34, 'Palatka');
insert into city(region_id, name) values (34, 'Pevek');
insert into city(region_id, name) values (34, 'Provideniya');
insert into city(region_id, name) values (34, 'Seimchan');
insert into city(region_id, name) values (34, 'Sinegore');
insert into city(region_id, name) values (34, 'Susuman');
insert into city(region_id, name) values (34, 'Ust-Omchug');
insert into city(region_id, name) values (34, 'Evensk');
insert into city(region_id, name) values (34, 'Egvekinot');
insert into city(region_id, name) values (34, 'YAgodnoe');
insert into city(region_id, name) values (172, 'La Banda');
insert into city(region_id, name) values (221, 'Ablanica');
insert into city(region_id, name) values (221, 'Bahovica');
insert into city(region_id, name) values (221, 'Gradezhnitsa');
insert into city(region_id, name) values (221, 'Letniza');
insert into city(region_id, name) values (221, 'Loukovit');
insert into city(region_id, name) values (221, 'Lovec');
insert into city(region_id, name) values (221, 'Lovech');
insert into city(region_id, name) values (221, 'Lovetch');
insert into city(region_id, name) values (221, 'Lukowit');
insert into city(region_id, name) values (221, 'Teteven');
insert into city(region_id, name) values (221, 'Troan');
insert into city(region_id, name) values (221, 'Trojan');
insert into city(region_id, name) values (221, 'Troyan');
insert into city(region_id, name) values (221, 'Ugarchin');
insert into city(region_id, name) values (249, 'Agua Caliente');
insert into city(region_id, name) values (249, 'Andrs');
insert into city(region_id, name) values (249, 'Arenales');
insert into city(region_id, name) values (249, 'Asabi');
insert into city(region_id, name) values (249, 'Bolvar');
insert into city(region_id, name) values (249, 'Ciudad Santa Cruz');
insert into city(region_id, name) values (249, 'Santa Cruz de la Sierra');
insert into city(region_id, name) values (258, 'Abara');
insert into city(region_id, name) values (258, 'Acari');
insert into city(region_id, name) values (258, 'Barra da Estiva');
insert into city(region_id, name) values (258, 'Lagoa do Boi');
insert into city(region_id, name) values (258, 'Salvador');
insert into city(region_id, name) values (278, 'Bujumbura');
insert into region(id, country_id, name) values (279, 35, 'Butan');
insert into city(region_id, name) values (35, 'Voljsk');
insert into city(region_id, name) values (35, 'Dubovskii');
insert into city(region_id, name) values (35, 'Zvenigovo');
insert into city(region_id, name) values (35, 'Ioshkar-Ola');
insert into city(region_id, name) values (35, 'Kilemary');
insert into city(region_id, name) values (35, 'Kozmodemyansk');
insert into city(region_id, name) values (35, 'Kujener');
insert into city(region_id, name) values (35, 'Mari-Turek');
insert into city(region_id, name) values (35, 'Medvedevo');
insert into city(region_id, name) values (35, 'Morki');
insert into city(region_id, name) values (35, 'Novyi Toryal');
insert into city(region_id, name) values (35, 'Orshanka');
insert into city(region_id, name) values (35, 'Paranga');
insert into city(region_id, name) values (35, 'Sernur');
insert into city(region_id, name) values (35, 'Sovetskii (Marii El)');
insert into city(region_id, name) values (35, 'YUrino');
insert into city(region_id, name) values (173, 'La Sara');
insert into city(region_id, name) values (173, 'Ro Grande');
insert into city(region_id, name) values (173, 'Tolhuin');
insert into city(region_id, name) values (173, 'Ushuaia');
insert into city(region_id, name) values (222, 'Berkovica');
insert into city(region_id, name) values (222, 'Berkovitza');
insert into city(region_id, name) values (222, 'Chiprovtsi');
insert into city(region_id, name) values (222, 'Evdokiya');
insert into city(region_id, name) values (222, 'Lom');
insert into city(region_id, name) values (222, 'Montana');
insert into city(region_id, name) values (222, 'Valtchedram');
insert into city(region_id, name) values (259, 'Acopiara');
insert into city(region_id, name) values (279, 'Thimphu');
insert into region(id, country_id, name) values (280, 36, 'Mata-Utu');
insert into city(region_id, name) values (36, 'Ardatov');
insert into city(region_id, name) values (36, 'Atyurevo');
insert into city(region_id, name) values (36, 'Atyashevo');
insert into city(region_id, name) values (36, 'Bolshie Berezniki');
insert into city(region_id, name) values (36, 'Bolshoe Ignatovo');
insert into city(region_id, name) values (36, 'Vysha');
insert into city(region_id, name) values (36, 'Elniki');
insert into city(region_id, name) values (36, 'Zubova Polyana');
insert into city(region_id, name) values (36, 'Insar');
insert into city(region_id, name) values (36, 'Kadoshkino');
insert into city(region_id, name) values (36, 'Kemlya');
insert into city(region_id, name) values (36, 'Kovylkino');
insert into city(region_id, name) values (36, 'Komsomolskii (Mordoviya)');
insert into city(region_id, name) values (36, 'Kochkurovo');
insert into city(region_id, name) values (36, 'Krasnoslobodsk');
insert into city(region_id, name) values (36, 'Lyambir');
insert into city(region_id, name) values (36, 'Romodanovo');
insert into city(region_id, name) values (36, 'Ruzaevka');
insert into city(region_id, name) values (36, 'Saransk');
insert into city(region_id, name) values (36, 'Staroe SHaigovo');
insert into city(region_id, name) values (36, 'Temnikov');
insert into city(region_id, name) values (36, 'Tengushevo');
insert into city(region_id, name) values (36, 'Torbeevo');
insert into city(region_id, name) values (36, 'CHamzinka');
insert into city(region_id, name) values (174, 'Alderetes');
insert into city(region_id, name) values (174, 'San Andrs');
insert into city(region_id, name) values (174, 'San Miguel de Tucumn');
insert into city(region_id, name) values (223, 'Kum Dervent Dere');
insert into city(region_id, name) values (223, 'Simen');
insert into city(region_id, name) values (260, 'Boa Vista');
insert into city(region_id, name) values (260, 'Braslia');
insert into city(region_id, name) values (280, 'Mata-Utu');
insert into region(id, country_id, name) values (281, 37, 'Vanuatu');
insert into city(region_id, name) values (37, 'Apatity');
insert into city(region_id, name) values (37, 'Afrikanda');
insert into city(region_id, name) values (37, 'Verhnetulomskii');
insert into city(region_id, name) values (37, 'Vidyaevo');
insert into city(region_id, name) values (37, 'Gadjievo');
insert into city(region_id, name) values (37, 'Zaozersk');
insert into city(region_id, name) values (37, 'Zapolyarnyi');
insert into city(region_id, name) values (37, 'Zarechensk');
insert into city(region_id, name) values (37, 'Zasheek');
insert into city(region_id, name) values (37, 'Zelenoborskii');
insert into city(region_id, name) values (37, 'Kandalaksha');
insert into city(region_id, name) values (37, 'Kildinstroi');
insert into city(region_id, name) values (37, 'Kirovsk');
insert into city(region_id, name) values (37, 'Kovdor');
insert into city(region_id, name) values (37, 'Kola');
insert into city(region_id, name) values (37, 'Konda');
insert into city(region_id, name) values (37, 'Lovozero');
insert into city(region_id, name) values (37, 'Monchegorsk');
insert into city(region_id, name) values (37, 'Murmansk');
insert into city(region_id, name) values (37, 'Murmashi');
insert into city(region_id, name) values (37, 'Nikel');
insert into city(region_id, name) values (37, 'Olenegorsk');
insert into city(region_id, name) values (37, 'Polyarnye Zori');
insert into city(region_id, name) values (37, 'Polyarnyi');
insert into city(region_id, name) values (37, 'Revda (Murmanskaya obl.)');
insert into city(region_id, name) values (37, 'Severomorsk');
insert into city(region_id, name) values (37, 'Snejnogorsk');
insert into city(region_id, name) values (37, 'Umba');
insert into city(region_id, name) values (224, 'Belovo');
insert into city(region_id, name) values (224, 'Bracigovo');
insert into city(region_id, name) values (224, 'Lesicovo');
insert into city(region_id, name) values (224, 'Panagiuriste');
insert into city(region_id, name) values (224, 'Panagjurischte');
insert into city(region_id, name) values (224, 'Panagyurishte');
insert into city(region_id, name) values (224, 'Pasardshik');
insert into city(region_id, name) values (224, 'Pazardjik');
insert into city(region_id, name) values (224, 'Pazardzhik');
insert into city(region_id, name) values (224, 'Rakitovo');
insert into city(region_id, name) values (224, 'Septemvri');
insert into city(region_id, name) values (224, 'Velingrad');
insert into city(region_id, name) values (261, 'Vitria');
insert into city(region_id, name) values (281, 'Numea');
insert into city(region_id, name) values (281, 'Port-Vila');
insert into region(id, country_id, name) values (282, 38, 'Channel Islands');
insert into region(id, country_id, name) values (283, 38, 'England - East');
insert into region(id, country_id, name) values (284, 38, 'England - East Midlands');
insert into region(id, country_id, name) values (285, 38, 'England - London');
insert into region(id, country_id, name) values (286, 38, 'England - North East');
insert into region(id, country_id, name) values (287, 38, 'England - North West');
insert into region(id, country_id, name) values (288, 38, 'England - South East');
insert into region(id, country_id, name) values (289, 38, 'England - South West');
insert into region(id, country_id, name) values (290, 38, 'England - West Midlands');
insert into region(id, country_id, name) values (291, 38, 'England - Yorks & Humber');
insert into region(id, country_id, name) values (292, 38, 'Isle of Man');
insert into region(id, country_id, name) values (293, 38, 'Northern Ireland');
insert into region(id, country_id, name) values (294, 38, 'Scotland Central');
insert into region(id, country_id, name) values (295, 38, 'Scotland North');
insert into region(id, country_id, name) values (296, 38, 'Scotland South');
insert into region(id, country_id, name) values (297, 38, 'Wales North');
insert into region(id, country_id, name) values (298, 38, 'Wales South');
insert into city(region_id, name) values (38, 'Ardatov');
insert into city(region_id, name) values (38, 'Arzamas');
insert into city(region_id, name) values (38, 'Arya');
insert into city(region_id, name) values (38, 'Balahna');
insert into city(region_id, name) values (38, 'Bogorodsk');
insert into city(region_id, name) values (38, 'Bolsherechensk');
insert into city(region_id, name) values (38, 'Bolshoe Boldino');
insert into city(region_id, name) values (38, 'Bolshoe Kozino');
insert into city(region_id, name) values (38, 'Bolshoe Murashkino');
insert into city(region_id, name) values (38, 'Bolshoe Pikino');
insert into city(region_id, name) values (38, 'Bor');
insert into city(region_id, name) values (38, 'Buturlino');
insert into city(region_id, name) values (38, 'Vad');
insert into city(region_id, name) values (38, 'Varnavino');
insert into city(region_id, name) values (38, 'Vasilsursk');
insert into city(region_id, name) values (38, 'Vahtan');
insert into city(region_id, name) values (38, 'Vacha');
insert into city(region_id, name) values (38, 'Vetluga');
insert into city(region_id, name) values (38, 'Vilya');
insert into city(region_id, name) values (38, 'Voznesenskoe');
insert into city(region_id, name) values (38, 'Volodarsk');
insert into city(region_id, name) values (38, 'Vorotynec');
insert into city(region_id, name) values (38, 'Vorsma');
insert into city(region_id, name) values (38, 'Voskresenskoe');
insert into city(region_id, name) values (38, 'Vyezdnoe');
insert into city(region_id, name) values (38, 'Vyksa');
insert into city(region_id, name) values (38, 'Gagino');
insert into city(region_id, name) values (38, 'Gidrotorf');
insert into city(region_id, name) values (38, 'Gorbatov');
insert into city(region_id, name) values (38, 'Gorbatovka');
insert into city(region_id, name) values (38, 'Gorodec');
insert into city(region_id, name) values (38, 'Dalnee Konstantinovo');
insert into city(region_id, name) values (38, 'Dzerjinsk');
insert into city(region_id, name) values (38, 'Diveevo');
insert into city(region_id, name) values (38, 'Doschatoe');
insert into city(region_id, name) values (38, 'Zavolje');
insert into city(region_id, name) values (38, 'Kerjenec');
insert into city(region_id, name) values (38, 'Knyaginino');
insert into city(region_id, name) values (38, 'Kovernino');
insert into city(region_id, name) values (38, 'Krasnye Baki');
insert into city(region_id, name) values (38, 'Kstovo');
insert into city(region_id, name) values (38, 'Kulebaki');
insert into city(region_id, name) values (38, 'Lukoyanov');
insert into city(region_id, name) values (38, 'Lyskovo');
insert into city(region_id, name) values (38, 'Navashino');
insert into city(region_id, name) values (38, 'Nijnii Novgorod');
insert into city(region_id, name) values (38, 'Novosmolinskii');
insert into city(region_id, name) values (38, 'Pavlovo');
insert into city(region_id, name) values (38, 'Pervomaisk');
insert into city(region_id, name) values (38, 'Perevoz');
insert into city(region_id, name) values (38, 'Pilna');
insert into city(region_id, name) values (38, 'Pochinki');
insert into city(region_id, name) values (38, 'Sarov (Nijegorodskaya obl.)');
insert into city(region_id, name) values (38, 'Semenov');
insert into city(region_id, name) values (38, 'Sergach');
insert into city(region_id, name) values (38, 'Sechenovo');
insert into city(region_id, name) values (38, 'Sosnovskoe');
insert into city(region_id, name) values (38, 'Spasskoe');
insert into city(region_id, name) values (38, 'Tonkino');
insert into city(region_id, name) values (38, 'Tonshaevo');
insert into city(region_id, name) values (38, 'Urazovka');
insert into city(region_id, name) values (38, 'Uren');
insert into city(region_id, name) values (38, 'CHkalovsk');
insert into city(region_id, name) values (38, 'SHaranga');
insert into city(region_id, name) values (38, 'SHatki');
insert into city(region_id, name) values (38, 'SHahunya');
insert into city(region_id, name) values (225, 'Pernik');
insert into city(region_id, name) values (225, 'Radomir');
insert into city(region_id, name) values (262, 'Anpolis');
insert into city(region_id, name) values (262, 'Bela Vista de Gois');
insert into city(region_id, name) values (262, 'Goinia');
insert into city(region_id, name) values (282, 'Guernsey');
insert into city(region_id, name) values (282, 'Jersey');
insert into region(id, country_id, name) values (299, 39, 'Bacs-Kiskun');
insert into region(id, country_id, name) values (300, 39, 'Bekes');
insert into region(id, country_id, name) values (301, 39, 'Borsod-Abauj-Zemplen');
insert into region(id, country_id, name) values (302, 39, 'Budapest');
insert into region(id, country_id, name) values (303, 39, 'Csongrad');
insert into region(id, country_id, name) values (304, 39, 'Debrecen');
insert into region(id, country_id, name) values (305, 39, 'Fejer');
insert into region(id, country_id, name) values (306, 39, 'Gyor');
insert into region(id, country_id, name) values (307, 39, 'Gyor-Moson-Sopron');
insert into region(id, country_id, name) values (308, 39, 'Heves');
insert into region(id, country_id, name) values (309, 39, 'Jasz-Nagykun-Szolnok');
insert into region(id, country_id, name) values (310, 39, 'Komarom-Esztergom');
insert into region(id, country_id, name) values (311, 39, 'Miskolc');
insert into region(id, country_id, name) values (312, 39, 'Nograd');
insert into region(id, country_id, name) values (313, 39, 'Pecs');
insert into region(id, country_id, name) values (314, 39, 'Pest');
insert into region(id, country_id, name) values (315, 39, 'Somogy');
insert into region(id, country_id, name) values (316, 39, 'Szabolcs-Szatmar-Bereg');
insert into region(id, country_id, name) values (317, 39, 'Szeged');
insert into region(id, country_id, name) values (318, 39, 'Tolna');
insert into region(id, country_id, name) values (319, 39, 'Vas');
insert into region(id, country_id, name) values (320, 39, 'Veszprem');
insert into region(id, country_id, name) values (321, 39, 'Zala');
insert into city(region_id, name) values (39, 'Anciferovo');
insert into city(region_id, name) values (39, 'Bateckii');
insert into city(region_id, name) values (39, 'Bolshaya Vishera');
insert into city(region_id, name) values (39, 'Borovichi');
insert into city(region_id, name) values (39, 'Valdai');
insert into city(region_id, name) values (39, 'Velikii Novgorod (Novgorod)');
insert into city(region_id, name) values (39, 'Volot');
insert into city(region_id, name) values (39, 'Demansk');
insert into city(region_id, name) values (39, 'Zarubino');
insert into city(region_id, name) values (39, 'Krestcy');
insert into city(region_id, name) values (39, 'Lyubytino');
insert into city(region_id, name) values (39, 'Malaya Vishera');
insert into city(region_id, name) values (39, 'Marevo');
insert into city(region_id, name) values (39, 'Moshenskoe');
insert into city(region_id, name) values (39, 'Okulovka');
insert into city(region_id, name) values (39, 'Parfino');
insert into city(region_id, name) values (39, 'Pestovo');
insert into city(region_id, name) values (39, 'Poddore');
insert into city(region_id, name) values (39, 'Solcy');
insert into city(region_id, name) values (39, 'Staraya Russa');
insert into city(region_id, name) values (39, 'Hvoinaya');
insert into city(region_id, name) values (39, 'Holm');
insert into city(region_id, name) values (39, 'CHudovo');
insert into city(region_id, name) values (39, 'SHimsk');
insert into city(region_id, name) values (226, 'Belene');
insert into city(region_id, name) values (226, 'Byelene');
insert into city(region_id, name) values (226, 'Cherven Bryag');
insert into city(region_id, name) values (226, 'Cherveni-Bjerg');
insert into city(region_id, name) values (226, 'Dolna Mitropolia');
insert into city(region_id, name) values (226, 'Galyantsi');
insert into city(region_id, name) values (226, 'Levski');
insert into city(region_id, name) values (226, 'Nicopol');
insert into city(region_id, name) values (226, 'Nikopol');
insert into city(region_id, name) values (226, 'Pleven');
insert into city(region_id, name) values (226, 'Plevna');
insert into city(region_id, name) values (226, 'Plewen');
insert into city(region_id, name) values (226, 'Pordime');
insert into city(region_id, name) values (263, 'So Luiz de Maranho');
insert into city(region_id, name) values (283, 'Abbots Langley');
insert into city(region_id, name) values (283, 'Arlesey');
insert into city(region_id, name) values (283, 'Barnet');
insert into city(region_id, name) values (283, 'Basildon');
insert into city(region_id, name) values (283, 'Beccles');
insert into city(region_id, name) values (283, 'Bedford');
insert into city(region_id, name) values (283, 'Biggleswade');
insert into city(region_id, name) values (283, 'Billericay');
insert into city(region_id, name) values (283, 'Braintree');
insert into city(region_id, name) values (283, 'Brandon');
insert into city(region_id, name) values (283, 'Brentwood');
insert into city(region_id, name) values (283, 'Bungay');
insert into city(region_id, name) values (283, 'Buntingford');
insert into city(region_id, name) values (283, 'Bures');
insert into city(region_id, name) values (283, 'Bury St Edmunds');
insert into city(region_id, name) values (283, 'Cambridge');
insert into city(region_id, name) values (283, 'Canvey Island');
insert into city(region_id, name) values (283, 'Chelmsford');
insert into city(region_id, name) values (283, 'Clacton-On-Sea');
insert into city(region_id, name) values (283, 'Colchester');
insert into city(region_id, name) values (283, 'Diss');
insert into city(region_id, name) values (283, 'Downham Market');
insert into city(region_id, name) values (283, 'Dunmow');
insert into city(region_id, name) values (283, 'Ely');
insert into city(region_id, name) values (283, 'Felixstowe');
insert into city(region_id, name) values (283, 'Great Yarmouth');
insert into city(region_id, name) values (283, 'Harlow');
insert into city(region_id, name) values (283, 'Hemel Hempstead');
insert into city(region_id, name) values (283, 'Huntingdon');
insert into city(region_id, name) values (283, 'Ipswich');
insert into city(region_id, name) values (283, 'King''''s Lynn');
insert into city(region_id, name) values (283, 'Leiston');
insert into city(region_id, name) values (283, 'Lowestoft');
insert into city(region_id, name) values (283, 'Luton');
insert into city(region_id, name) values (283, 'March');
insert into city(region_id, name) values (283, 'Milton Keynes');
insert into city(region_id, name) values (283, 'Newmarket');
insert into city(region_id, name) values (283, 'Northwood');
insert into city(region_id, name) values (283, 'Norwich');
insert into city(region_id, name) values (283, 'Peterborough');
insert into city(region_id, name) values (283, 'Radlett');
insert into city(region_id, name) values (283, 'Romford');
insert into city(region_id, name) values (283, 'Southend-On-Sea');
insert into city(region_id, name) values (283, 'St Albans');
insert into city(region_id, name) values (283, 'Stevenage');
insert into city(region_id, name) values (283, 'Sudbury');
insert into city(region_id, name) values (283, 'Thetford');
insert into city(region_id, name) values (283, 'Upminster');
insert into city(region_id, name) values (283, 'Watford');
insert into city(region_id, name) values (283, 'Westcliff-On-Sea');
insert into city(region_id, name) values (283, 'Wisbech');
insert into city(region_id, name) values (283, 'Witham');
insert into city(region_id, name) values (299, 'Alsodabasi Dulo');
insert into city(region_id, name) values (299, 'Kecskemt');
insert into city(region_id, name) values (299, 'Kiskunhalas');
insert into region(id, country_id, name) values (322, 40, 'Amazonas');
insert into region(id, country_id, name) values (323, 40, 'Anzoategui');
insert into region(id, country_id, name) values (324, 40, 'Apure');
insert into region(id, country_id, name) values (325, 40, 'Aragua');
insert into region(id, country_id, name) values (326, 40, 'Barinas');
insert into region(id, country_id, name) values (327, 40, 'Bolvar');
insert into region(id, country_id, name) values (328, 40, 'Carabobo');
insert into region(id, country_id, name) values (329, 40, 'Cojedes');
insert into region(id, country_id, name) values (330, 40, 'Delta Amacuro');
insert into region(id, country_id, name) values (331, 40, 'Distrito Federal');
insert into region(id, country_id, name) values (332, 40, 'Falcn');
insert into region(id, country_id, name) values (333, 40, 'Gurico');
insert into region(id, country_id, name) values (334, 40, 'Lara');
insert into region(id, country_id, name) values (335, 40, 'Mrida');
insert into region(id, country_id, name) values (336, 40, 'Miranda');
insert into region(id, country_id, name) values (337, 40, 'Monagas');
insert into region(id, country_id, name) values (338, 40, 'None');
insert into region(id, country_id, name) values (339, 40, 'Nueva Esparta');
insert into region(id, country_id, name) values (340, 40, 'Portuguesa');
insert into region(id, country_id, name) values (341, 40, 'Sucre');
insert into region(id, country_id, name) values (342, 40, 'Tchira');
insert into region(id, country_id, name) values (343, 40, 'Yaracuy');
insert into region(id, country_id, name) values (344, 40, 'Zulia');
insert into city(region_id, name) values (40, 'Bagan');
insert into city(region_id, name) values (40, 'Barabinsk');
insert into city(region_id, name) values (40, 'Berdsk');
insert into city(region_id, name) values (40, 'Biaza');
insert into city(region_id, name) values (40, 'Bolotnoe');
insert into city(region_id, name) values (40, 'Vengerovo');
insert into city(region_id, name) values (40, 'Dovolnoe');
insert into city(region_id, name) values (40, 'Zavyalovo');
insert into city(region_id, name) values (40, 'Iskitim');
insert into city(region_id, name) values (40, 'Karasuk');
insert into city(region_id, name) values (40, 'Kargat');
insert into city(region_id, name) values (40, 'Kolyvan');
insert into city(region_id, name) values (40, 'Krasnozerskoe');
insert into city(region_id, name) values (40, 'Krutiha');
insert into city(region_id, name) values (40, 'Kuibyshev (Novosibirskaya obl.)');
insert into city(region_id, name) values (40, 'Kupino');
insert into city(region_id, name) values (40, 'Kyshtovka');
insert into city(region_id, name) values (40, 'Maslyanino');
insert into city(region_id, name) values (40, 'Moshkovo');
insert into city(region_id, name) values (40, 'Novosibirsk');
insert into city(region_id, name) values (40, 'Norilsk');
insert into city(region_id, name) values (40, 'Ob');
insert into city(region_id, name) values (40, 'Ordynskoe');
insert into city(region_id, name) values (40, 'Severnoe');
insert into city(region_id, name) values (40, 'Suzun');
insert into city(region_id, name) values (40, 'Tatarsk');
insert into city(region_id, name) values (40, 'Toguchin');
insert into city(region_id, name) values (40, 'Ubinskoe');
insert into city(region_id, name) values (40, 'Ust-Tarka');
insert into city(region_id, name) values (40, 'CHany');
insert into city(region_id, name) values (40, 'CHerepanovo');
insert into city(region_id, name) values (40, 'CHistoozernoe');
insert into city(region_id, name) values (40, 'CHulym');
insert into city(region_id, name) values (227, 'Akhatlar Segair');
insert into city(region_id, name) values (227, 'Alamovtsi');
insert into city(region_id, name) values (227, 'Arapovo');
insert into city(region_id, name) values (227, 'Asenovgrad');
insert into city(region_id, name) values (227, 'Assenovgrad');
insert into city(region_id, name) values (227, 'Awramowzi');
insert into city(region_id, name) values (227, 'Baldevo');
insert into city(region_id, name) values (227, 'Bania');
insert into city(region_id, name) values (227, 'Banja');
insert into city(region_id, name) values (227, 'Chamla');
insert into city(region_id, name) values (227, 'Filippopol');
insert into city(region_id, name) values (227, 'Karlovo');
insert into city(region_id, name) values (227, 'Karlowo');
insert into city(region_id, name) values (227, 'Peshtera');
insert into city(region_id, name) values (227, 'Petrov Dol');
insert into city(region_id, name) values (227, 'Philippopolis');
insert into city(region_id, name) values (227, 'Plovdin');
insert into city(region_id, name) values (227, 'Plovdiv');
insert into city(region_id, name) values (227, 'Purvomai');
insert into city(region_id, name) values (227, 'Sopot');
insert into city(region_id, name) values (227, 'Taran');
insert into city(region_id, name) values (264, 'Abreus');
insert into city(region_id, name) values (264, 'Bello Horizonte');
insert into city(region_id, name) values (264, 'Belo Horizonte');
insert into city(region_id, name) values (264, 'Juiz de Fora');
insert into city(region_id, name) values (264, 'Montes Claros');
insert into city(region_id, name) values (284, 'Alford');
insert into city(region_id, name) values (284, 'Alfreton');
insert into city(region_id, name) values (284, 'Ashbourne');
insert into city(region_id, name) values (284, 'Banbury');
insert into city(region_id, name) values (284, 'Barton-Upon-Humber');
insert into city(region_id, name) values (284, 'Boston');
insert into city(region_id, name) values (284, 'Burton-On-Trent');
insert into city(region_id, name) values (284, 'Chesterfield');
insert into city(region_id, name) values (284, 'Corby');
insert into city(region_id, name) values (284, 'Daventry');
insert into city(region_id, name) values (284, 'Derby');
insert into city(region_id, name) values (284, 'Doncaster');
insert into city(region_id, name) values (284, 'Gainsborough');
insert into city(region_id, name) values (284, 'Glossop');
insert into city(region_id, name) values (284, 'Grantham');
insert into city(region_id, name) values (284, 'Grimsby');
insert into city(region_id, name) values (284, 'Kettering');
insert into city(region_id, name) values (284, 'Leicester');
insert into city(region_id, name) values (284, 'Lincoln');
insert into city(region_id, name) values (284, 'Loughborough');
insert into city(region_id, name) values (284, 'Mansfield');
insert into city(region_id, name) values (284, 'Milton Keynes');
insert into city(region_id, name) values (284, 'Newark');
insert into city(region_id, name) values (284, 'Northampton');
insert into city(region_id, name) values (284, 'Nottingham');
insert into city(region_id, name) values (284, 'Nuneaton');
insert into city(region_id, name) values (284, 'Peterborough');
insert into city(region_id, name) values (284, 'Rushden');
insert into city(region_id, name) values (284, 'Scunthorpe');
insert into city(region_id, name) values (284, 'Sheffield');
insert into city(region_id, name) values (284, 'Sleaford');
insert into city(region_id, name) values (284, 'Spalding');
insert into city(region_id, name) values (284, 'Stamford');
insert into city(region_id, name) values (284, 'Wellingborough');
insert into city(region_id, name) values (300, 'Aklos');
insert into city(region_id, name) values (300, 'Almr');
insert into city(region_id, name) values (300, 'Bkscsaba');
insert into city(region_id, name) values (300, 'Gyula');
insert into city(region_id, name) values (300, 'Szarvas');
insert into city(region_id, name) values (322, 'Amauca');
insert into region(id, country_id, name) values (345, 41, 'Vostochnyi Timor');
insert into city(region_id, name) values (41, 'Beregovoi');
insert into city(region_id, name) values (41, 'Bolshereche');
insert into city(region_id, name) values (41, 'Bolshie Uki');
insert into city(region_id, name) values (41, 'Gorkovskoe');
insert into city(region_id, name) values (41, 'Znamenskoe (Omskaya obl.)');
insert into city(region_id, name) values (41, 'Isilkul');
insert into city(region_id, name) values (41, 'Kalachinsk');
insert into city(region_id, name) values (41, 'Kolosovka');
insert into city(region_id, name) values (41, 'Kormilovka');
insert into city(region_id, name) values (41, 'Krutinka');
insert into city(region_id, name) values (41, 'Lyubinskii');
insert into city(region_id, name) values (41, 'Maryanovka');
insert into city(region_id, name) values (41, 'Muromcevo');
insert into city(region_id, name) values (41, 'Nazyvaevsk');
insert into city(region_id, name) values (41, 'Nijnyaya Omka');
insert into city(region_id, name) values (41, 'Novovarshavka');
insert into city(region_id, name) values (41, 'Odesskoe');
insert into city(region_id, name) values (41, 'Okoneshnikovo');
insert into city(region_id, name) values (41, 'Omsk');
insert into city(region_id, name) values (41, 'Pavlogradka');
insert into city(region_id, name) values (41, 'Poltavka');
insert into city(region_id, name) values (41, 'Russkaya Polyana');
insert into city(region_id, name) values (41, 'Sargatskoe');
insert into city(region_id, name) values (41, 'Sedelnikovo');
insert into city(region_id, name) values (41, 'Tavricheskoe');
insert into city(region_id, name) values (41, 'Tara');
insert into city(region_id, name) values (41, 'Tevriz');
insert into city(region_id, name) values (41, 'Tyukalinsk');
insert into city(region_id, name) values (41, 'Ust-Ishim');
insert into city(region_id, name) values (41, 'CHerlak');
insert into city(region_id, name) values (41, 'SHerbakul');
insert into city(region_id, name) values (228, 'Akmekhmedkioy');
insert into city(region_id, name) values (228, 'Alekowo');
insert into city(region_id, name) values (228, 'Dustabak');
insert into city(region_id, name) values (228, 'Isperich');
insert into city(region_id, name) values (228, 'Kubrat');
insert into city(region_id, name) values (228, 'Rasgrad');
insert into city(region_id, name) values (228, 'Razgrad');
insert into city(region_id, name) values (228, 'Todorovo');
insert into city(region_id, name) values (228, 'Zelena Morava');
insert into city(region_id, name) values (265, 'Aba');
insert into city(region_id, name) values (265, 'Alaga Nova');
insert into city(region_id, name) values (285, 'Barking');
insert into city(region_id, name) values (285, 'Barnet');
insert into city(region_id, name) values (285, 'Beckenham');
insert into city(region_id, name) values (285, 'Bexley');
insert into city(region_id, name) values (285, 'Bexleyheath');
insert into city(region_id, name) values (285, 'Brentford');
insert into city(region_id, name) values (285, 'Bromley');
insert into city(region_id, name) values (285, 'Carshalton');
insert into city(region_id, name) values (285, 'Chessington');
insert into city(region_id, name) values (285, 'Chigwell');
insert into city(region_id, name) values (285, 'Coulsdon');
insert into city(region_id, name) values (285, 'Croydon');
insert into city(region_id, name) values (285, 'Dagenham');
insert into city(region_id, name) values (285, 'Dartford');
insert into city(region_id, name) values (285, 'East Molesey');
insert into city(region_id, name) values (285, 'Edgware');
insert into city(region_id, name) values (285, 'Enfield');
insert into city(region_id, name) values (285, 'Feltham');
insert into city(region_id, name) values (285, 'Greenford');
insert into city(region_id, name) values (285, 'Hampton');
insert into city(region_id, name) values (285, 'Harrow');
insert into city(region_id, name) values (285, 'Hayes');
insert into city(region_id, name) values (285, 'Hornchurch');
insert into city(region_id, name) values (285, 'Hounslow');
insert into city(region_id, name) values (285, 'Ilford');
insert into city(region_id, name) values (285, 'Isleworth');
insert into city(region_id, name) values (285, 'Kingston Upon Thames');
insert into city(region_id, name) values (285, 'London');
insert into city(region_id, name) values (285, 'Northolt');
insert into city(region_id, name) values (285, 'Northwood');
insert into city(region_id, name) values (285, 'Orpington');
insert into city(region_id, name) values (285, 'Pinner');
insert into city(region_id, name) values (285, 'Purley');
insert into city(region_id, name) values (285, 'Richmond');
insert into city(region_id, name) values (285, 'Romford');
insert into city(region_id, name) values (285, 'South Croydon');
insert into city(region_id, name) values (285, 'Southall');
insert into city(region_id, name) values (285, 'Stanmore');
insert into city(region_id, name) values (285, 'Surbiton');
insert into city(region_id, name) values (285, 'Sutton');
insert into city(region_id, name) values (285, 'Twickenham');
insert into city(region_id, name) values (285, 'Uxbridge');
insert into city(region_id, name) values (285, 'Welling');
insert into city(region_id, name) values (285, 'Wembley');
insert into city(region_id, name) values (285, 'West Wickham');
insert into city(region_id, name) values (285, 'Westerham');
insert into city(region_id, name) values (285, 'Woodford Green');
insert into city(region_id, name) values (285, 'Worcester Park');
insert into city(region_id, name) values (301, 'Tiszajvros');
insert into city(region_id, name) values (323, 'Anaco');
insert into city(region_id, name) values (323, 'Barcelona');
insert into city(region_id, name) values (323, 'Pozuelos');
insert into city(region_id, name) values (323, 'Puerto de La Cruz');
insert into city(region_id, name) values (323, 'Puerto La Cruz');
insert into city(region_id, name) values (345, 'Dili');
insert into region(id, country_id, name) values (346, 42, 'Dong Bang Song Hong');
insert into region(id, country_id, name) values (347, 42, 'Dong Nam Bo');
insert into region(id, country_id, name) values (348, 42, 'Duyen Hai Mien Trung');
insert into region(id, country_id, name) values (349, 42, 'Khu Bon Cu');
insert into region(id, country_id, name) values (350, 42, 'Mien Nui Va Trung Du');
insert into region(id, country_id, name) values (351, 42, 'Thai Nguyen');
insert into city(region_id, name) values (42, 'Abdulino');
insert into city(region_id, name) values (42, 'Adamovka');
insert into city(region_id, name) values (42, 'Aidyrlinskii');
insert into city(region_id, name) values (42, 'Akbulak');
insert into city(region_id, name) values (42, 'Akkermanovka');
insert into city(region_id, name) values (42, 'Asekeevo');
insert into city(region_id, name) values (42, 'Belyaevka');
insert into city(region_id, name) values (42, 'Buguruslan');
insert into city(region_id, name) values (42, 'Buzuluk');
insert into city(region_id, name) values (42, 'Gai');
insert into city(region_id, name) values (42, 'Grachevka');
insert into city(region_id, name) values (42, 'Dombarovskii');
insert into city(region_id, name) values (42, 'Dubenskii');
insert into city(region_id, name) values (42, 'Ilek');
insert into city(region_id, name) values (42, 'Iriklinskii');
insert into city(region_id, name) values (42, 'Kuvandyk');
insert into city(region_id, name) values (42, 'Kurmanaevka');
insert into city(region_id, name) values (42, 'Matveevka');
insert into city(region_id, name) values (42, 'Mednogorsk');
insert into city(region_id, name) values (42, 'Novoorsk');
insert into city(region_id, name) values (42, 'Novosergievka');
insert into city(region_id, name) values (42, 'Novotroick');
insert into city(region_id, name) values (42, 'Oktyabrskoe (Orenburg.)');
insert into city(region_id, name) values (42, 'Orenburg');
insert into city(region_id, name) values (42, 'Orsk');
insert into city(region_id, name) values (42, 'Pervomaiskii (Orenburg.)');
insert into city(region_id, name) values (42, 'Perevolockii');
insert into city(region_id, name) values (42, 'Ponomarevka');
insert into city(region_id, name) values (42, 'Saraktash');
insert into city(region_id, name) values (42, 'Svetlyi (Orenburgskaya obl.)');
insert into city(region_id, name) values (42, 'Severnoe');
insert into city(region_id, name) values (42, 'Sol-Ileck');
insert into city(region_id, name) values (42, 'Sorochinsk');
insert into city(region_id, name) values (42, 'Tashla');
insert into city(region_id, name) values (42, 'Tockoe');
insert into city(region_id, name) values (42, 'Tyulgan');
insert into city(region_id, name) values (42, 'SHarlyk');
insert into city(region_id, name) values (42, 'Energetik');
insert into city(region_id, name) values (42, 'YAsnyi');
insert into city(region_id, name) values (229, 'Bela');
insert into city(region_id, name) values (229, 'Bjala');
insert into city(region_id, name) values (229, 'Byala');
insert into city(region_id, name) values (229, 'Gorna-Monastir');
insert into city(region_id, name) values (229, 'Ivanovo');
insert into city(region_id, name) values (229, 'Iwanowo');
insert into city(region_id, name) values (229, 'Rouss');
insert into city(region_id, name) values (229, 'Ruse');
insert into city(region_id, name) values (229, 'Russe');
insert into city(region_id, name) values (266, 'Altaneira');
insert into city(region_id, name) values (266, 'Curitiba');
insert into city(region_id, name) values (266, 'Curytiba');
insert into city(region_id, name) values (266, 'Maring');
insert into city(region_id, name) values (286, 'Belford');
insert into city(region_id, name) values (286, 'Berwick-Upon-Tweed');
insert into city(region_id, name) values (286, 'Billingham');
insert into city(region_id, name) values (286, 'Blyth');
insert into city(region_id, name) values (286, 'Corbridge');
insert into city(region_id, name) values (286, 'Darlington');
insert into city(region_id, name) values (286, 'Durham');
insert into city(region_id, name) values (286, 'East Boldon');
insert into city(region_id, name) values (286, 'Gateshead');
insert into city(region_id, name) values (286, 'Haltwhistle');
insert into city(region_id, name) values (286, 'Hartlepool');
insert into city(region_id, name) values (286, 'Houghton Le Spring');
insert into city(region_id, name) values (286, 'Middlesbrough');
insert into city(region_id, name) values (286, 'Newcastle Upon Tyne');
insert into city(region_id, name) values (286, 'Riding Mill');
insert into city(region_id, name) values (286, 'South Shields');
insert into city(region_id, name) values (286, 'Stockton-On-Tees');
insert into city(region_id, name) values (286, 'Sunderland');
insert into city(region_id, name) values (286, 'Washington');
insert into city(region_id, name) values (286, 'Yarm');
insert into city(region_id, name) values (302, 'Adyliget');
insert into city(region_id, name) values (302, 'Angyalfld');
insert into city(region_id, name) values (302, 'Buda');
insert into city(region_id, name) values (302, 'Budafok');
insert into city(region_id, name) values (302, 'Budapest');
insert into city(region_id, name) values (302, 'Chepel');
insert into city(region_id, name) values (302, 'Erzsbetvros');
insert into city(region_id, name) values (302, 'Gellert');
insert into city(region_id, name) values (302, 'Kobanya');
insert into city(region_id, name) values (302, 'Pest');
insert into city(region_id, name) values (324, 'frica');
insert into city(region_id, name) values (324, 'San Fernando de Apure');
insert into city(region_id, name) values (346, 'Nam-Dinh');
insert into city(region_id, name) values (346, 'Haifon');
insert into city(region_id, name) values (346, 'Hanoi');
insert into region(id, country_id, name) values (352, 43, 'Gabon');
insert into city(region_id, name) values (43, 'Bolhov');
insert into city(region_id, name) values (43, 'Verhove');
insert into city(region_id, name) values (43, 'Glazunovka');
insert into city(region_id, name) values (43, 'Dmitrovsk-Orlovskii');
insert into city(region_id, name) values (43, 'Dolgoe');
insert into city(region_id, name) values (43, 'Zalegosch');
insert into city(region_id, name) values (43, 'Zmievka');
insert into city(region_id, name) values (43, 'Znamenskoe (Orlovskaya obl.)');
insert into city(region_id, name) values (43, 'Kolpny');
insert into city(region_id, name) values (43, 'Krasnaya Zarya');
insert into city(region_id, name) values (43, 'Kromy');
insert into city(region_id, name) values (43, 'Livny');
insert into city(region_id, name) values (43, 'Maloarhangelsk');
insert into city(region_id, name) values (43, 'Mcensk');
insert into city(region_id, name) values (43, 'Naryshkino');
insert into city(region_id, name) values (43, 'Novosil');
insert into city(region_id, name) values (43, 'Orel');
insert into city(region_id, name) values (43, 'Pokrovskoe');
insert into city(region_id, name) values (43, 'Soskovo');
insert into city(region_id, name) values (43, 'Trosna');
insert into city(region_id, name) values (43, 'Homutovo');
insert into city(region_id, name) values (43, 'Hotynec');
insert into city(region_id, name) values (43, 'SHablykino');
insert into city(region_id, name) values (230, 'Choumn');
insert into city(region_id, name) values (230, 'Eni Pazar');
insert into city(region_id, name) values (230, 'Gara Sheytandzhik');
insert into city(region_id, name) values (230, 'Novi Pazar');
insert into city(region_id, name) values (230, 'Preslav');
insert into city(region_id, name) values (230, 'Schumen');
insert into city(region_id, name) values (230, 'Shumen');
insert into city(region_id, name) values (230, 'Sumen');
insert into city(region_id, name) values (230, 'Veliki Preslav');
insert into city(region_id, name) values (267, 'Abadia');
insert into city(region_id, name) values (267, 'Afonso');
insert into city(region_id, name) values (267, 'gua Ferro');
insert into city(region_id, name) values (267, 'Agua Santa');
insert into city(region_id, name) values (267, 'Aldeia do Cabo');
insert into city(region_id, name) values (267, 'Angola');
insert into city(region_id, name) values (267, 'Angra');
insert into city(region_id, name) values (267, 'Antnio Mariano');
insert into city(region_id, name) values (267, 'Barcelos');
insert into city(region_id, name) values (267, 'Barreira');
insert into city(region_id, name) values (267, 'Boa Vida');
insert into city(region_id, name) values (267, 'Botafogo');
insert into city(region_id, name) values (267, 'Bueno de Andrade');
insert into city(region_id, name) values (267, 'Bzios');
insert into city(region_id, name) values (267, 'Cambota');
insert into city(region_id, name) values (267, 'Copacabana');
insert into city(region_id, name) values (267, 'Costa');
insert into city(region_id, name) values (267, 'Ipanema');
insert into city(region_id, name) values (267, 'Italva');
insert into city(region_id, name) values (267, 'Margarida');
insert into city(region_id, name) values (267, 'Nictheroy');
insert into city(region_id, name) values (267, 'Paraty');
insert into city(region_id, name) values (267, 'Porto Novo');
insert into city(region_id, name) values (267, 'Ramos');
insert into city(region_id, name) values (267, 'Ribeiro da Divisa');
insert into city(region_id, name) values (267, 'Rio');
insert into city(region_id, name) values (267, 'Rio de Janeiro');
insert into city(region_id, name) values (267, 'Santa Brbara');
insert into city(region_id, name) values (267, 'Santa Cruz');
insert into city(region_id, name) values (267, 'So Jos');
insert into city(region_id, name) values (287, 'Accrington');
insert into city(region_id, name) values (287, 'Bacup');
insert into city(region_id, name) values (287, 'Blackburn');
insert into city(region_id, name) values (287, 'Blackpool');
insert into city(region_id, name) values (287, 'Bolton');
insert into city(region_id, name) values (287, 'Burnley');
insert into city(region_id, name) values (287, 'Bury');
insert into city(region_id, name) values (287, 'Carlisle');
insert into city(region_id, name) values (287, 'Chester');
insert into city(region_id, name) values (287, 'Chorley');
insert into city(region_id, name) values (287, 'Crewe');
insert into city(region_id, name) values (287, 'Kendal');
insert into city(region_id, name) values (287, 'Lancaster');
insert into city(region_id, name) values (287, 'Liverpool');
insert into city(region_id, name) values (287, 'Manchester');
insert into city(region_id, name) values (287, 'Morecambe');
insert into city(region_id, name) values (287, 'Nelson');
insert into city(region_id, name) values (287, 'Northwich');
insert into city(region_id, name) values (287, 'Preston');
insert into city(region_id, name) values (287, 'Runcorn');
insert into city(region_id, name) values (287, 'Sale');
insert into city(region_id, name) values (287, 'Skelmersdale');
insert into city(region_id, name) values (287, 'Southport');
insert into city(region_id, name) values (287, 'St Helens');
insert into city(region_id, name) values (287, 'Stockport');
insert into city(region_id, name) values (287, 'Stoke-On-Trent');
insert into city(region_id, name) values (287, 'Wallasey');
insert into city(region_id, name) values (287, 'Warrington');
insert into city(region_id, name) values (287, 'Whitehaven');
insert into city(region_id, name) values (287, 'Wigan');
insert into city(region_id, name) values (303, 'Szkkutas');
insert into city(region_id, name) values (325, 'El Limn');
insert into city(region_id, name) values (325, 'Maracay');
insert into city(region_id, name) values (325, 'Villa de Cura');
insert into city(region_id, name) values (347, 'Vung-Tau');
insert into city(region_id, name) values (347, 'Saigon');
insert into city(region_id, name) values (352, 'Librevil');
insert into city(region_id, name) values (352, 'Port-Jantil');
insert into region(id, country_id, name) values (353, 44, 'Artibonite');
insert into region(id, country_id, name) values (354, 44, 'Grand''''Anse');
insert into region(id, country_id, name) values (355, 44, 'Nord-Ouest');
insert into region(id, country_id, name) values (356, 44, 'Ouest');
insert into region(id, country_id, name) values (357, 44, 'Sud');
insert into region(id, country_id, name) values (358, 44, 'Sud-Est');
insert into city(region_id, name) values (44, 'Bashmakovo');
insert into city(region_id, name) values (44, 'Bednodemyanovsk');
insert into city(region_id, name) values (44, 'Bekovo');
insert into city(region_id, name) values (44, 'Belinskii');
insert into city(region_id, name) values (44, 'Bessonovka');
insert into city(region_id, name) values (44, 'Vadinsk');
insert into city(region_id, name) values (44, 'Verhozim');
insert into city(region_id, name) values (44, 'Gorodische (Penzenskaya obl.)');
insert into city(region_id, name) values (44, 'Evlashevo');
insert into city(region_id, name) values (44, 'Zarechnyi (Penzenskaya obl.)');
insert into city(region_id, name) values (44, 'Zemetchino');
insert into city(region_id, name) values (44, 'Zolotarevka');
insert into city(region_id, name) values (44, 'Issa');
insert into city(region_id, name) values (44, 'Kamenka');
insert into city(region_id, name) values (44, 'Kolyshlei');
insert into city(region_id, name) values (44, 'Kondol');
insert into city(region_id, name) values (44, 'Kuzneck');
insert into city(region_id, name) values (44, 'Lopatino');
insert into city(region_id, name) values (44, 'Malaya Serdoba');
insert into city(region_id, name) values (44, 'Mokshan');
insert into city(region_id, name) values (44, 'Narovchat');
insert into city(region_id, name) values (44, 'Neverkino');
insert into city(region_id, name) values (44, 'Nijnii Lomov');
insert into city(region_id, name) values (44, 'Nikolsk (Penzenskaya obl.)');
insert into city(region_id, name) values (44, 'Pachelma');
insert into city(region_id, name) values (44, 'Penza');
insert into city(region_id, name) values (44, 'Russkii Kameshkir');
insert into city(region_id, name) values (44, 'Serdobsk');
insert into city(region_id, name) values (44, 'Sosnovoborsk');
insert into city(region_id, name) values (44, 'Sura');
insert into city(region_id, name) values (44, 'Tamala');
insert into city(region_id, name) values (44, 'SHemysheika');
insert into city(region_id, name) values (231, 'Acadanlar');
insert into city(region_id, name) values (231, 'Dulovo');
insert into city(region_id, name) values (231, 'Dulowo');
insert into city(region_id, name) values (231, 'Glavinitsa');
insert into city(region_id, name) values (231, 'Glawinica');
insert into city(region_id, name) values (231, 'Silistra');
insert into city(region_id, name) values (231, 'Turtukai');
insert into city(region_id, name) values (231, 'Tutrakan');
insert into city(region_id, name) values (268, 'Alemo');
insert into city(region_id, name) values (268, 'Lagoa de Cima');
insert into city(region_id, name) values (288, 'Abingdon');
insert into city(region_id, name) values (288, 'Alton');
insert into city(region_id, name) values (288, 'Amersham');
insert into city(region_id, name) values (288, 'Andover');
insert into city(region_id, name) values (288, 'Ascot');
insert into city(region_id, name) values (288, 'Ashford');
insert into city(region_id, name) values (288, 'Aylesbury');
insert into city(region_id, name) values (288, 'Banbury');
insert into city(region_id, name) values (288, 'Basingstoke');
insert into city(region_id, name) values (288, 'Bexhill-On-Sea');
insert into city(region_id, name) values (288, 'Bicester');
insert into city(region_id, name) values (288, 'Bognor Regis');
insert into city(region_id, name) values (288, 'Bournemouth');
insert into city(region_id, name) values (288, 'Bracknell');
insert into city(region_id, name) values (288, 'Brighton');
insert into city(region_id, name) values (288, 'Broadstairs');
insert into city(region_id, name) values (288, 'Burford');
insert into city(region_id, name) values (288, 'Camberley');
insert into city(region_id, name) values (288, 'Canterbury');
insert into city(region_id, name) values (288, 'Chatham');
insert into city(region_id, name) values (288, 'Chichester');
insert into city(region_id, name) values (288, 'Chipping Norton');
insert into city(region_id, name) values (288, 'Cobham');
insert into city(region_id, name) values (288, 'Crawley');
insert into city(region_id, name) values (288, 'Dartford');
insert into city(region_id, name) values (288, 'Dorking');
insert into city(region_id, name) values (288, 'Dover');
insert into city(region_id, name) values (288, 'East Grinstead');
insert into city(region_id, name) values (288, 'Eastbourne');
insert into city(region_id, name) values (288, 'Farnham');
insert into city(region_id, name) values (288, 'Faversham');
insert into city(region_id, name) values (288, 'Fleet');
insert into city(region_id, name) values (288, 'Folkestone');
insert into city(region_id, name) values (288, 'Gillingham');
insert into city(region_id, name) values (288, 'Godstone');
insert into city(region_id, name) values (288, 'Gosport');
insert into city(region_id, name) values (288, 'Gravesend');
insert into city(region_id, name) values (288, 'Guildford');
insert into city(region_id, name) values (288, 'Hastings');
insert into city(region_id, name) values (288, 'Henley-On-Thames');
insert into city(region_id, name) values (288, 'Hook');
insert into city(region_id, name) values (288, 'Horley');
insert into city(region_id, name) values (288, 'Horsham');
insert into city(region_id, name) values (288, 'Hungerford');
insert into city(region_id, name) values (288, 'Littlehampton');
insert into city(region_id, name) values (288, 'Lymington');
insert into city(region_id, name) values (288, 'Maidenhead');
insert into city(region_id, name) values (288, 'Maidstone');
insert into city(region_id, name) values (288, 'Margate');
insert into city(region_id, name) values (288, 'Marlow');
insert into city(region_id, name) values (288, 'Milton Keynes');
insert into city(region_id, name) values (288, 'Newbury');
insert into city(region_id, name) values (288, 'Newport');
insert into city(region_id, name) values (288, 'Oxford');
insert into city(region_id, name) values (288, 'Portsmouth');
insert into city(region_id, name) values (288, 'Reading');
insert into city(region_id, name) values (288, 'Redhill');
insert into city(region_id, name) values (288, 'Rochester');
insert into city(region_id, name) values (288, 'Rye');
insert into city(region_id, name) values (288, 'Sevenoaks');
insert into city(region_id, name) values (288, 'Shanklin');
insert into city(region_id, name) values (288, 'Sheerness');
insert into city(region_id, name) values (288, 'Shoreham-By-Sea');
insert into city(region_id, name) values (288, 'Sittingbourne');
insert into city(region_id, name) values (288, 'Slough');
insert into city(region_id, name) values (288, 'Southampton');
insert into city(region_id, name) values (288, 'Southsea');
insert into city(region_id, name) values (288, 'Staines');
insert into city(region_id, name) values (288, 'Sutton');
insert into city(region_id, name) values (288, 'Swanley');
insert into city(region_id, name) values (288, 'Swindon');
insert into city(region_id, name) values (288, 'Tonbridge');
insert into city(region_id, name) values (288, 'Tunbridge Wells');
insert into city(region_id, name) values (288, 'Walton-On-Thames');
insert into city(region_id, name) values (288, 'West Malling');
insert into city(region_id, name) values (288, 'Weybridge');
insert into city(region_id, name) values (288, 'Winchester');
insert into city(region_id, name) values (288, 'Windsor');
insert into city(region_id, name) values (288, 'Woking');
insert into city(region_id, name) values (288, 'Wokingham');
insert into city(region_id, name) values (288, 'Worthing');
insert into city(region_id, name) values (288, 'Yarmouth');
insert into city(region_id, name) values (304, 'Debrecen');
insert into city(region_id, name) values (304, 'Debreczen');
insert into city(region_id, name) values (326, 'Barinas');
insert into city(region_id, name) values (326, 'Pedraza Vieja');
insert into city(region_id, name) values (348, 'Nyachang');
insert into city(region_id, name) values (348, 'Phan-Thit');
insert into city(region_id, name) values (353, 'Gonaives');
insert into region(id, country_id, name) values (359, 45, 'Gaiana');
insert into city(region_id, name) values (45, 'Aleksandrovsk');
insert into city(region_id, name) values (45, 'Barda');
insert into city(region_id, name) values (45, 'Berezniki');
insert into city(region_id, name) values (45, 'Bolshaya Sosnova');
insert into city(region_id, name) values (45, 'Vereschagino');
insert into city(region_id, name) values (45, 'Gainy');
insert into city(region_id, name) values (45, 'Gornozavodsk (Permskii krai)');
insert into city(region_id, name) values (45, 'Gremyachinsk');
insert into city(region_id, name) values (45, 'Gubaha');
insert into city(region_id, name) values (45, 'Dobryanka');
insert into city(region_id, name) values (45, 'Elovo');
insert into city(region_id, name) values (45, 'Zyukaika');
insert into city(region_id, name) values (45, 'Ilinskii (Permskaya obl.)');
insert into city(region_id, name) values (45, 'Karagai');
insert into city(region_id, name) values (45, 'Kerchevskii');
insert into city(region_id, name) values (45, 'Kizel');
insert into city(region_id, name) values (45, 'Kosa');
insert into city(region_id, name) values (45, 'Kochevo');
insert into city(region_id, name) values (45, 'Krasnovishersk');
insert into city(region_id, name) values (45, 'Krasnokamsk');
insert into city(region_id, name) values (45, 'Kudymkar');
insert into city(region_id, name) values (45, 'Kueda');
insert into city(region_id, name) values (45, 'Kungur');
insert into city(region_id, name) values (45, 'Lysva');
insert into city(region_id, name) values (45, 'Nyrob');
insert into city(region_id, name) values (45, 'Nytva');
insert into city(region_id, name) values (45, 'Oktyabrskii');
insert into city(region_id, name) values (45, 'Orda');
insert into city(region_id, name) values (45, 'Osa');
insert into city(region_id, name) values (45, 'Ohansk');
insert into city(region_id, name) values (45, 'Ocher');
insert into city(region_id, name) values (45, 'Perm');
insert into city(region_id, name) values (45, 'Solikamsk');
insert into city(region_id, name) values (45, 'Suksun');
insert into city(region_id, name) values (45, 'Uinskoe');
insert into city(region_id, name) values (45, 'Usole');
insert into city(region_id, name) values (45, 'Ust-Kishert');
insert into city(region_id, name) values (45, 'CHaikovskii');
insert into city(region_id, name) values (45, 'CHastye');
insert into city(region_id, name) values (45, 'CHerdyn');
insert into city(region_id, name) values (45, 'CHernorechenskii');
insert into city(region_id, name) values (45, 'CHernushka');
insert into city(region_id, name) values (45, 'CHusovoi');
insert into city(region_id, name) values (45, 'YUrla');
insert into city(region_id, name) values (45, 'YUsva');
insert into city(region_id, name) values (232, 'Kotel');
insert into city(region_id, name) values (232, 'Nova Zagora');
insert into city(region_id, name) values (232, 'Sliven');
insert into city(region_id, name) values (232, 'Sliwen');
insert into city(region_id, name) values (269, 'guas Brancas');
insert into city(region_id, name) values (269, 'Porto Alegre');
insert into city(region_id, name) values (269, 'Santa Barbara');
insert into city(region_id, name) values (269, 'Viamo');
insert into city(region_id, name) values (289, 'Andover');
insert into city(region_id, name) values (289, 'Barnstaple');
insert into city(region_id, name) values (289, 'Bath');
insert into city(region_id, name) values (289, 'Bideford');
insert into city(region_id, name) values (289, 'Bodmin');
insert into city(region_id, name) values (289, 'Bradford-On-Avon');
insert into city(region_id, name) values (289, 'Bridgwater');
insert into city(region_id, name) values (289, 'Bristol');
insert into city(region_id, name) values (289, 'Brixham');
insert into city(region_id, name) values (289, 'Callington');
insert into city(region_id, name) values (289, 'Camborne');
insert into city(region_id, name) values (289, 'Cheltenham');
insert into city(region_id, name) values (289, 'Chippenham');
insert into city(region_id, name) values (289, 'Clevedon');
insert into city(region_id, name) values (289, 'Crewkerne');
insert into city(region_id, name) values (289, 'Dorchester');
insert into city(region_id, name) values (289, 'Exeter');
insert into city(region_id, name) values (289, 'Exmouth');
insert into city(region_id, name) values (289, 'Falmouth');
insert into city(region_id, name) values (289, 'Gloucester');
insert into city(region_id, name) values (289, 'Helston');
insert into city(region_id, name) values (289, 'Lynmouth');
insert into city(region_id, name) values (289, 'Newquay');
insert into city(region_id, name) values (289, 'Paignton');
insert into city(region_id, name) values (289, 'Penzance');
insert into city(region_id, name) values (289, 'Plymouth');
insert into city(region_id, name) values (289, 'Poole');
insert into city(region_id, name) values (289, 'Redruth');
insert into city(region_id, name) values (289, 'Salisbury');
insert into city(region_id, name) values (289, 'Saltash');
insert into city(region_id, name) values (289, 'St Ives');
insert into city(region_id, name) values (289, 'Stroud');
insert into city(region_id, name) values (289, 'Swindon');
insert into city(region_id, name) values (289, 'Taunton');
insert into city(region_id, name) values (289, 'Teignmouth');
insert into city(region_id, name) values (289, 'Torquay');
insert into city(region_id, name) values (289, 'Truro');
insert into city(region_id, name) values (289, 'Warminster');
insert into city(region_id, name) values (289, 'Wells');
insert into city(region_id, name) values (289, 'Westbury');
insert into city(region_id, name) values (289, 'Weston-Super-Mare');
insert into city(region_id, name) values (289, 'Weymouth');
insert into city(region_id, name) values (289, 'Yeovil');
insert into city(region_id, name) values (305, 'Bicske');
insert into city(region_id, name) values (305, 'Dunajvros');
insert into city(region_id, name) values (305, 'Szkesfehrvr');
insert into city(region_id, name) values (327, 'Agua Blanca');
insert into city(region_id, name) values (327, 'Balchises');
insert into city(region_id, name) values (327, 'Bolvar');
insert into city(region_id, name) values (327, 'Botuta');
insert into city(region_id, name) values (327, 'Guayana City');
insert into city(region_id, name) values (327, 'Portachuelo');
insert into city(region_id, name) values (327, 'Puerto de Ordaz');
insert into city(region_id, name) values (327, 'Puerto Ordaz');
insert into city(region_id, name) values (349, 'Vin');
insert into city(region_id, name) values (349, 'Hue');
insert into city(region_id, name) values (354, 'Djeremi');
insert into city(region_id, name) values (359, 'Djordjtaun');
insert into region(id, country_id, name) values (360, 46, 'Gambiya');
insert into city(region_id, name) values (46, 'Anuchino');
insert into city(region_id, name) values (46, 'Arsenev');
insert into city(region_id, name) values (46, 'Artem');
insert into city(region_id, name) values (46, 'Artemovskii (Primorskii krai)');
insert into city(region_id, name) values (46, 'Bolshoi Kamen');
insert into city(region_id, name) values (46, 'Valentin');
insert into city(region_id, name) values (46, 'Vladivostok');
insert into city(region_id, name) values (46, 'Vysokogorsk');
insert into city(region_id, name) values (46, 'Gornye Klyuchi');
insert into city(region_id, name) values (46, 'Gornyi');
insert into city(region_id, name) values (46, 'Dalnegorsk');
insert into city(region_id, name) values (46, 'Dalnerechensk');
insert into city(region_id, name) values (46, 'Zarubino');
insert into city(region_id, name) values (46, 'Kavalerovo');
insert into city(region_id, name) values (46, 'Kamenka (Primorskii krai)');
insert into city(region_id, name) values (46, 'Kamen-Rybolov');
insert into city(region_id, name) values (46, 'Kirovskii');
insert into city(region_id, name) values (46, 'Lazo');
insert into city(region_id, name) values (46, 'Lesozavodsk');
insert into city(region_id, name) values (46, 'Luchegorsk');
insert into city(region_id, name) values (46, 'Mihailovka (Primorskii krai)');
insert into city(region_id, name) values (46, 'Nahodka (Primorskii krai)');
insert into city(region_id, name) values (46, 'Novopokrovka');
insert into city(region_id, name) values (46, 'Olga');
insert into city(region_id, name) values (46, 'Partizansk');
insert into city(region_id, name) values (46, 'Plastun');
insert into city(region_id, name) values (46, 'Pogranichnyi');
insert into city(region_id, name) values (46, 'Pokrovka');
insert into city(region_id, name) values (46, 'Poset');
insert into city(region_id, name) values (46, 'Russkii');
insert into city(region_id, name) values (46, 'Slavyanka');
insert into city(region_id, name) values (46, 'Spassk-Dalnii');
insert into city(region_id, name) values (46, 'Ternei');
insert into city(region_id, name) values (46, 'Ussuriisk');
insert into city(region_id, name) values (46, 'Fokino');
insert into city(region_id, name) values (46, 'Hasan');
insert into city(region_id, name) values (46, 'Horol');
insert into city(region_id, name) values (46, 'CHernigovka');
insert into city(region_id, name) values (46, 'CHuguevka');
insert into city(region_id, name) values (46, 'YAkovlevka');
insert into city(region_id, name) values (46, 'YAroslavskii');
insert into city(region_id, name) values (233, 'Devin');
insert into city(region_id, name) values (233, 'Dospat');
insert into city(region_id, name) values (233, 'Kara-Bulak');
insert into city(region_id, name) values (233, 'Karlukovo');
insert into city(region_id, name) values (233, 'Ledzha');
insert into city(region_id, name) values (233, 'Ludzha');
insert into city(region_id, name) values (233, 'Nedelio');
insert into city(region_id, name) values (233, 'Rudozem');
insert into city(region_id, name) values (233, 'Smolian');
insert into city(region_id, name) values (233, 'Smolyan');
insert into city(region_id, name) values (233, 'Zlatograd');
insert into city(region_id, name) values (270, 'Bananeira');
insert into city(region_id, name) values (290, 'Ashbourne');
insert into city(region_id, name) values (290, 'Bewdley');
insert into city(region_id, name) values (290, 'Bilston');
insert into city(region_id, name) values (290, 'Birmingham');
insert into city(region_id, name) values (290, 'Burton-On-Trent');
insert into city(region_id, name) values (290, 'Coventry');
insert into city(region_id, name) values (290, 'Craven Arms');
insert into city(region_id, name) values (290, 'Crewe');
insert into city(region_id, name) values (290, 'Daventry');
insert into city(region_id, name) values (290, 'Droitwich');
insert into city(region_id, name) values (290, 'Dudley');
insert into city(region_id, name) values (290, 'Evesham');
insert into city(region_id, name) values (290, 'Hereford');
insert into city(region_id, name) values (290, 'Leamington Spa');
insert into city(region_id, name) values (290, 'Lichfield');
insert into city(region_id, name) values (290, 'Newcastle');
insert into city(region_id, name) values (290, 'Newport');
insert into city(region_id, name) values (290, 'Nuneaton');
insert into city(region_id, name) values (290, 'Rugby');
insert into city(region_id, name) values (290, 'Shrewsbury');
insert into city(region_id, name) values (290, 'Stafford');
insert into city(region_id, name) values (290, 'Stoke-On-Trent');
insert into city(region_id, name) values (290, 'Stourbridge');
insert into city(region_id, name) values (290, 'Stratford-Upon-Avon');
insert into city(region_id, name) values (290, 'Tamworth');
insert into city(region_id, name) values (290, 'Telford');
insert into city(region_id, name) values (290, 'Tenbury Wells');
insert into city(region_id, name) values (290, 'Walsall');
insert into city(region_id, name) values (290, 'Warwick');
insert into city(region_id, name) values (290, 'West Bromwich');
insert into city(region_id, name) values (290, 'Whitchurch');
insert into city(region_id, name) values (290, 'Wolverhampton');
insert into city(region_id, name) values (290, 'Worcester');
insert into city(region_id, name) values (306, 'Gyor');
insert into city(region_id, name) values (328, 'Puerto Cabello');
insert into city(region_id, name) values (328, 'Valencia');
insert into city(region_id, name) values (350, 'Hon-Gai');
insert into city(region_id, name) values (355, 'Port-de-Paks');
insert into city(region_id, name) values (360, 'Banjul');
insert into region(id, country_id, name) values (361, 47, 'Gana');
insert into city(region_id, name) values (47, 'Bejanicy');
insert into city(region_id, name) values (47, 'Velikie Luki');
insert into city(region_id, name) values (47, 'Gdov');
insert into city(region_id, name) values (47, 'Dedovichi');
insert into city(region_id, name) values (47, 'Dno');
insert into city(region_id, name) values (47, 'Zaplyuse');
insert into city(region_id, name) values (47, 'Idrica');
insert into city(region_id, name) values (47, 'Krasnogorodskoe');
insert into city(region_id, name) values (47, 'Kunya');
insert into city(region_id, name) values (47, 'Loknya');
insert into city(region_id, name) values (47, 'Nevel');
insert into city(region_id, name) values (47, 'Novorjev');
insert into city(region_id, name) values (47, 'Novosokolniki');
insert into city(region_id, name) values (47, 'Opochka');
insert into city(region_id, name) values (47, 'Ostrov');
insert into city(region_id, name) values (47, 'Palkino');
insert into city(region_id, name) values (47, 'Pechory');
insert into city(region_id, name) values (47, 'Plyussa');
insert into city(region_id, name) values (47, 'Porhov');
insert into city(region_id, name) values (47, 'Pskov');
insert into city(region_id, name) values (47, 'Pustoshka');
insert into city(region_id, name) values (47, 'Pushkinskie Gory');
insert into city(region_id, name) values (47, 'Pytalovo');
insert into city(region_id, name) values (47, 'Sebej');
insert into city(region_id, name) values (47, 'Strugi-Krasnye');
insert into city(region_id, name) values (47, 'Usvyaty');
insert into city(region_id, name) values (234, 'Ablanitsa');
insert into city(region_id, name) values (234, 'Ablaniza');
insert into city(region_id, name) values (234, 'Al''''ovgrob');
insert into city(region_id, name) values (234, 'Alag''''ozitsa');
insert into city(region_id, name) values (234, 'Aldomiro');
insert into city(region_id, name) values (234, 'Alino');
insert into city(region_id, name) values (234, 'Angelov Dol');
insert into city(region_id, name) values (234, 'Arsan');
insert into city(region_id, name) values (234, 'Arzan');
insert into city(region_id, name) values (234, 'Avli K''''oy');
insert into city(region_id, name) values (234, 'Babino');
insert into city(region_id, name) values (234, 'Babinoka Reka');
insert into city(region_id, name) values (234, 'Babitsa');
insert into city(region_id, name) values (234, 'Banishor');
insert into city(region_id, name) values (234, 'Bankja');
insert into city(region_id, name) values (234, 'Bankya');
insert into city(region_id, name) values (234, 'Belaniza');
insert into city(region_id, name) values (234, 'Beli Iskur');
insert into city(region_id, name) values (234, 'Bistrica');
insert into city(region_id, name) values (234, 'Bistritsa');
insert into city(region_id, name) values (234, 'Borovets');
insert into city(region_id, name) values (234, 'Borovo');
insert into city(region_id, name) values (234, 'Botevgrad');
insert into city(region_id, name) values (234, 'Botewgrad');
insert into city(region_id, name) values (234, 'Burdo');
insert into city(region_id, name) values (234, 'Druvnitsa');
insert into city(region_id, name) values (234, 'G''''ola');
insert into city(region_id, name) values (234, 'Gol''''ovitsa');
insert into city(region_id, name) values (234, 'Ihtiman');
insert into city(region_id, name) values (234, 'Ilinden');
insert into city(region_id, name) values (234, 'Izvor');
insert into city(region_id, name) values (234, 'Lozenets');
insert into city(region_id, name) values (234, 'Lozenitsa');
insert into city(region_id, name) values (234, 'Lyulin');
insert into city(region_id, name) values (234, 'Momin Prokhod');
insert into city(region_id, name) values (234, 'Obel');
insert into city(region_id, name) values (234, 'Pancharevo');
insert into city(region_id, name) values (234, 'Pirin');
insert into city(region_id, name) values (234, 'Prawez');
insert into city(region_id, name) values (234, 'S''''kirna Gorna');
insert into city(region_id, name) values (234, 'Sabol');
insert into city(region_id, name) values (234, 'Samokov');
insert into city(region_id, name) values (234, 'Samokow');
insert into city(region_id, name) values (234, 'Slatina');
insert into city(region_id, name) values (234, 'Slatino');
insert into city(region_id, name) values (234, 'Slivnitsa');
insert into city(region_id, name) values (234, 'Slivnitza');
insert into city(region_id, name) values (234, 'Sofiya');
insert into city(region_id, name) values (234, 'Sopitsa');
insert into city(region_id, name) values (234, 'Sopiza');
insert into city(region_id, name) values (234, 'Sopovo');
insert into city(region_id, name) values (234, 'Srednogorie');
insert into city(region_id, name) values (234, 'Srubsko Selo');
insert into city(region_id, name) values (234, 'Stara Kresna');
insert into city(region_id, name) values (234, 'Stargel');
insert into city(region_id, name) values (234, 'Stari Dol');
insert into city(region_id, name) values (234, 'Stolnik');
insert into city(region_id, name) values (234, 'Strzimirovtzi');
insert into city(region_id, name) values (234, 'Svoboda');
insert into city(region_id, name) values (234, 'Svoge');
insert into city(region_id, name) values (234, 'Trap');
insert into city(region_id, name) values (234, 'Vranya');
insert into city(region_id, name) values (234, 'Zilinci');
insert into city(region_id, name) values (234, 'Zlatitsa');
insert into city(region_id, name) values (234, 'Zlatusa');
insert into city(region_id, name) values (234, 'Zlatusha');
insert into city(region_id, name) values (234, 'Zvyarska Makhala');
insert into city(region_id, name) values (271, 'Barro');
insert into city(region_id, name) values (291, 'Barnsley');
insert into city(region_id, name) values (291, 'Bradford');
insert into city(region_id, name) values (291, 'Cottingham');
insert into city(region_id, name) values (291, 'Dewsbury');
insert into city(region_id, name) values (291, 'Doncaster');
insert into city(region_id, name) values (291, 'Goole');
insert into city(region_id, name) values (291, 'Halifax');
insert into city(region_id, name) values (291, 'Harrogate');
insert into city(region_id, name) values (291, 'Holmfirth');
insert into city(region_id, name) values (291, 'Hornsea');
insert into city(region_id, name) values (291, 'Huddersfield');
insert into city(region_id, name) values (291, 'Hull');
insert into city(region_id, name) values (291, 'Keighley');
insert into city(region_id, name) values (291, 'Knottingley');
insert into city(region_id, name) values (291, 'Lancaster');
insert into city(region_id, name) values (291, 'Leeds');
insert into city(region_id, name) values (291, 'Middlesbrough');
insert into city(region_id, name) values (291, 'Normanton');
insert into city(region_id, name) values (291, 'Ripon');
insert into city(region_id, name) values (291, 'Rotherham');
insert into city(region_id, name) values (291, 'Scarborough');
insert into city(region_id, name) values (291, 'Selby');
insert into city(region_id, name) values (291, 'Sheffield');
insert into city(region_id, name) values (291, 'Shipley');
insert into city(region_id, name) values (291, 'Wakefield');
insert into city(region_id, name) values (291, 'York');
insert into city(region_id, name) values (307, 'Fertoboz');
insert into city(region_id, name) values (307, 'Fertod');
insert into city(region_id, name) values (307, 'Gyr');
insert into city(region_id, name) values (307, 'Kapuvr');
insert into city(region_id, name) values (307, 'Mosonmagyarvr');
insert into city(region_id, name) values (307, 'Sopron');
insert into city(region_id, name) values (329, 'La Corcovada');
insert into city(region_id, name) values (351, 'Pleiku');
insert into city(region_id, name) values (356, 'Port-o-Prens');
insert into city(region_id, name) values (361, 'Akkra');
insert into region(id, country_id, name) values (362, 48, 'Grande-Terre');
insert into region(id, country_id, name) values (363, 48, 'Bas-Ter');
insert into city(region_id, name) values (48, 'Azov');
insert into city(region_id, name) values (48, 'Aksai (Rostovskaya obl.)');
insert into city(region_id, name) values (48, 'Almaznyi');
insert into city(region_id, name) values (48, 'Ayutinsk');
insert into city(region_id, name) values (48, 'Bagaevskii');
insert into city(region_id, name) values (48, 'Bataisk');
insert into city(region_id, name) values (48, 'Belaya Kalitva');
insert into city(region_id, name) values (48, 'Bokovskaya');
insert into city(region_id, name) values (48, 'Bolshaya Martynovka');
insert into city(region_id, name) values (48, 'Veshenskaya');
insert into city(region_id, name) values (48, 'Volgodonsk');
insert into city(region_id, name) values (48, 'Voshod');
insert into city(region_id, name) values (48, 'Gigant');
insert into city(region_id, name) values (48, 'Gornyackii');
insert into city(region_id, name) values (48, 'Gukovo');
insert into city(region_id, name) values (48, 'Doneck');
insert into city(region_id, name) values (48, 'Donskoi (Rostovskaya obl.)');
insert into city(region_id, name) values (48, 'Dubovskoe');
insert into city(region_id, name) values (48, 'Egorlykskaya');
insert into city(region_id, name) values (48, 'Jirnov');
insert into city(region_id, name) values (48, 'Zavetnoe');
insert into city(region_id, name) values (48, 'Zavodskoi');
insert into city(region_id, name) values (48, 'Zverevo');
insert into city(region_id, name) values (48, 'Zernograd');
insert into city(region_id, name) values (48, 'Zimovniki');
insert into city(region_id, name) values (48, 'Kagalnickaya');
insert into city(region_id, name) values (48, 'Kazanskaya');
insert into city(region_id, name) values (48, 'Kamenolomni');
insert into city(region_id, name) values (48, 'Kamensk-SHahtinskii');
insert into city(region_id, name) values (48, 'Kashary');
insert into city(region_id, name) values (48, 'Koksovyi');
insert into city(region_id, name) values (48, 'Konstantinovsk');
insert into city(region_id, name) values (48, 'Krasnyi Sulin');
insert into city(region_id, name) values (48, 'Kuibyshevo');
insert into city(region_id, name) values (48, 'Matveev Kurgan');
insert into city(region_id, name) values (48, 'Migulinskaya');
insert into city(region_id, name) values (48, 'Millerovo');
insert into city(region_id, name) values (48, 'Milyutinskaya');
insert into city(region_id, name) values (48, 'Morozovsk');
insert into city(region_id, name) values (48, 'Novocherkassk');
insert into city(region_id, name) values (48, 'Novoshahtinsk');
insert into city(region_id, name) values (48, 'Oblivskaya');
insert into city(region_id, name) values (48, 'Orlovskii');
insert into city(region_id, name) values (48, 'Peschanokopskoe');
insert into city(region_id, name) values (48, 'Pokrovskoe');
insert into city(region_id, name) values (48, 'Proletarsk');
insert into city(region_id, name) values (48, 'Remontnoe');
insert into city(region_id, name) values (48, 'Rodionovo-Nesvetaiskaya');
insert into city(region_id, name) values (48, 'Rostov-na-Donu');
insert into city(region_id, name) values (48, 'Salsk');
insert into city(region_id, name) values (48, 'Semikarakorsk');
insert into city(region_id, name) values (48, 'Taganrog');
insert into city(region_id, name) values (48, 'Tarasovskii');
insert into city(region_id, name) values (48, 'Tacinskii');
insert into city(region_id, name) values (48, 'Ust-Doneckii');
insert into city(region_id, name) values (48, 'Celina');
insert into city(region_id, name) values (48, 'Cimlyansk');
insert into city(region_id, name) values (48, 'CHaltyr');
insert into city(region_id, name) values (48, 'CHertkovo');
insert into city(region_id, name) values (48, 'SHahty');
insert into city(region_id, name) values (48, 'SHolohovskii');
insert into city(region_id, name) values (235, 'Chirpan');
insert into city(region_id, name) values (235, 'Gulubovo');
insert into city(region_id, name) values (235, 'Kasanlak');
insert into city(region_id, name) values (235, 'Kazanlak');
insert into city(region_id, name) values (235, 'Kazanlik');
insert into city(region_id, name) values (235, 'Kazanluk');
insert into city(region_id, name) values (235, 'Radnevo');
insert into city(region_id, name) values (235, 'Radnewo');
insert into city(region_id, name) values (235, 'Stara Sagora');
insert into city(region_id, name) values (235, 'Stara Zagora');
insert into city(region_id, name) values (272, 'guas Brancas');
insert into city(region_id, name) values (272, 'Aguti');
insert into city(region_id, name) values (272, 'Albertina');
insert into city(region_id, name) values (272, 'Aleixo');
insert into city(region_id, name) values (272, 'Alto Perimb');
insert into city(region_id, name) values (272, 'Balnerio de Cambori');
insert into city(region_id, name) values (272, 'Bonito');
insert into city(region_id, name) values (272, 'Florianpolis');
insert into city(region_id, name) values (272, 'Marema');
insert into city(region_id, name) values (292, 'Isle of Man');
insert into city(region_id, name) values (308, 'Eger');
insert into city(region_id, name) values (330, 'Tucupita');
insert into city(region_id, name) values (357, 'Les-Kaies');
insert into city(region_id, name) values (362, 'Point-a-Pitr');
insert into region(id, country_id, name) values (364, 49, 'Alta Verapaz');
insert into region(id, country_id, name) values (365, 49, 'Baja Verapaz');
insert into region(id, country_id, name) values (366, 49, 'Chimaltenango');
insert into region(id, country_id, name) values (367, 49, 'Chiquimula');
insert into region(id, country_id, name) values (368, 49, 'Escuintla');
insert into region(id, country_id, name) values (369, 49, 'Guatemala');
insert into region(id, country_id, name) values (370, 49, 'Jutiapa');
insert into region(id, country_id, name) values (371, 49, 'Petn');
insert into region(id, country_id, name) values (372, 49, 'Quetzaltenango');
insert into region(id, country_id, name) values (373, 49, 'Totonicapn');
insert into region(id, country_id, name) values (374, 49, 'Zacapa');
insert into city(region_id, name) values (49, 'Aleksandro-Nevskii');
insert into city(region_id, name) values (49, 'Gornyak');
insert into city(region_id, name) values (49, 'Gus Jeleznyi');
insert into city(region_id, name) values (49, 'Elatma');
insert into city(region_id, name) values (49, 'Ermish');
insert into city(region_id, name) values (49, 'Zarechnyi (Ryazanskaya obl.)');
insert into city(region_id, name) values (49, 'Zaharovo');
insert into city(region_id, name) values (49, 'Kadom');
insert into city(region_id, name) values (49, 'Kasimov');
insert into city(region_id, name) values (49, 'Korablino');
insert into city(region_id, name) values (49, 'Miloslavskoe');
insert into city(region_id, name) values (49, 'Mihailov');
insert into city(region_id, name) values (49, 'Novomichurinsk');
insert into city(region_id, name) values (49, 'Pitelino');
insert into city(region_id, name) values (49, 'Pronsk');
insert into city(region_id, name) values (49, 'Putyatino');
insert into city(region_id, name) values (49, 'Rybnoe');
insert into city(region_id, name) values (49, 'Ryajsk');
insert into city(region_id, name) values (49, 'Ryazan');
insert into city(region_id, name) values (49, 'Sapojok');
insert into city(region_id, name) values (49, 'Sarai');
insert into city(region_id, name) values (49, 'Sasovo');
insert into city(region_id, name) values (49, 'Skopin');
insert into city(region_id, name) values (49, 'Spas-Klepiki');
insert into city(region_id, name) values (49, 'Spassk-Ryazanskii');
insert into city(region_id, name) values (49, 'Starojilovo');
insert into city(region_id, name) values (49, 'Uholovo');
insert into city(region_id, name) values (49, 'CHuchkovo');
insert into city(region_id, name) values (49, 'SHack');
insert into city(region_id, name) values (49, 'SHilovo');
insert into city(region_id, name) values (236, 'Omurtag');
insert into city(region_id, name) values (236, 'Popovo');
insert into city(region_id, name) values (236, 'Targovishte');
insert into city(region_id, name) values (236, 'Targowischte');
insert into city(region_id, name) values (236, 'Turgovishte');
insert into city(region_id, name) values (236, 'Turgoviste');
insert into city(region_id, name) values (273, 'Aa');
insert into city(region_id, name) values (273, 'guas da Prata');
insert into city(region_id, name) values (273, 'Arab');
insert into city(region_id, name) values (273, 'Arabela');
insert into city(region_id, name) values (273, 'Atibaia');
insert into city(region_id, name) values (273, 'Benfica');
insert into city(region_id, name) values (273, 'Campinas');
insert into city(region_id, name) values (273, 'Campos do Jordo');
insert into city(region_id, name) values (273, 'Caraguatatuba');
insert into city(region_id, name) values (273, 'San Paulo');
insert into city(region_id, name) values (273, 'Santos');
insert into city(region_id, name) values (273, 'So Jos dos Campos');
insert into city(region_id, name) values (273, 'So Paulo');
insert into city(region_id, name) values (273, 'Taubat');
insert into city(region_id, name) values (273, 'Yep');
insert into city(region_id, name) values (293, 'Portadown');
insert into city(region_id, name) values (293, 'Antrim');
insert into city(region_id, name) values (293, 'Armagh');
insert into city(region_id, name) values (293, 'Aughnacloy');
insert into city(region_id, name) values (293, 'Ballymena');
insert into city(region_id, name) values (293, 'Bangor');
insert into city(region_id, name) values (293, 'Belfast');
insert into city(region_id, name) values (293, 'Cookstown');
insert into city(region_id, name) values (293, 'Craigavon');
insert into city(region_id, name) values (293, 'Downpatrick');
insert into city(region_id, name) values (293, 'Dromore');
insert into city(region_id, name) values (293, 'Dungannon');
insert into city(region_id, name) values (293, 'Enniskillen');
insert into city(region_id, name) values (293, 'Hillsborough');
insert into city(region_id, name) values (293, 'Holywood');
insert into city(region_id, name) values (293, 'Limavady');
insert into city(region_id, name) values (293, 'Lisburn');
insert into city(region_id, name) values (293, 'Londonderry');
insert into city(region_id, name) values (293, 'Magherafelt');
insert into city(region_id, name) values (293, 'Newcastle');
insert into city(region_id, name) values (293, 'Newry');
insert into city(region_id, name) values (293, 'Newtownabbey');
insert into city(region_id, name) values (293, 'Newtownards');
insert into city(region_id, name) values (293, 'Omagh');
insert into city(region_id, name) values (309, 'Kenderes');
insert into city(region_id, name) values (309, 'Kunhegyes');
insert into city(region_id, name) values (309, 'Szolnok');
insert into city(region_id, name) values (331, 'Caracas');
insert into city(region_id, name) values (331, 'Caricuao');
insert into city(region_id, name) values (331, 'Coche');
insert into city(region_id, name) values (331, 'Colinas de Santa Monica');
insert into city(region_id, name) values (331, 'San Antonio');
insert into city(region_id, name) values (358, 'Djakmel');
insert into city(region_id, name) values (363, 'Basse-Terre');
insert into city(region_id, name) values (364, 'Cobn');
insert into region(id, country_id, name) values (375, 50, 'Gvineya');
insert into city(region_id, name) values (50, 'Alekseevka (Samarskaya obl.)');
insert into city(region_id, name) values (50, 'Bezenchuk');
insert into city(region_id, name) values (50, 'Bogatoe');
insert into city(region_id, name) values (50, 'Bogatyr');
insert into city(region_id, name) values (50, 'Bolshaya Glushica');
insert into city(region_id, name) values (50, 'Bolshaya Gluschica (Samarsk.)');
insert into city(region_id, name) values (50, 'Bolshaya CHernigovka');
insert into city(region_id, name) values (50, 'Borskoe');
insert into city(region_id, name) values (50, 'Voljskii (Samarskaya obl.)');
insert into city(region_id, name) values (50, 'Jigulevsk');
insert into city(region_id, name) values (50, 'Zolnoe');
insert into city(region_id, name) values (50, 'Isakly');
insert into city(region_id, name) values (50, 'Kamyshla');
insert into city(region_id, name) values (50, 'Kinel');
insert into city(region_id, name) values (50, 'Kinel-CHerkasy');
insert into city(region_id, name) values (50, 'Klyavlino');
insert into city(region_id, name) values (50, 'Koshki');
insert into city(region_id, name) values (50, 'Krasnoarmeiskoe (Samarsk.)');
insert into city(region_id, name) values (50, 'Krasnyi YAr (Samarskaya obl.)');
insert into city(region_id, name) values (50, 'Kuibyshev');
insert into city(region_id, name) values (50, 'Neftegorsk');
insert into city(region_id, name) values (50, 'Novokuibyshevsk');
insert into city(region_id, name) values (50, 'Oktyabrsk');
insert into city(region_id, name) values (50, 'Otradnyi');
insert into city(region_id, name) values (50, 'Pestravka');
insert into city(region_id, name) values (50, 'Pohvistnevo');
insert into city(region_id, name) values (50, 'Privolje');
insert into city(region_id, name) values (50, 'Samara');
insert into city(region_id, name) values (50, 'Sergievsk');
insert into city(region_id, name) values (50, 'Surgut (Samarskaya obl.)');
insert into city(region_id, name) values (50, 'Syzran');
insert into city(region_id, name) values (50, 'Tolyatti');
insert into city(region_id, name) values (50, 'Hvorostyanka');
insert into city(region_id, name) values (50, 'CHapaevsk');
insert into city(region_id, name) values (50, 'CHelno-Vershiny');
insert into city(region_id, name) values (50, 'SHentala');
insert into city(region_id, name) values (50, 'SHigony');
insert into city(region_id, name) values (237, 'Abdi K''''oy');
insert into city(region_id, name) values (237, 'Acangiz');
insert into city(region_id, name) values (237, 'Aidantschucha');
insert into city(region_id, name) values (237, 'Ak Baba');
insert into city(region_id, name) values (237, 'Aksakovo');
insert into city(region_id, name) values (237, 'Asparukhovo');
insert into city(region_id, name) values (237, 'Balik');
insert into city(region_id, name) values (237, 'Bartsi');
insert into city(region_id, name) values (237, 'Bogdali');
insert into city(region_id, name) values (237, 'Boyana');
insert into city(region_id, name) values (237, 'Cherkovna');
insert into city(region_id, name) values (237, 'Dobrotich');
insert into city(region_id, name) values (237, 'Konstantinovo');
insert into city(region_id, name) values (237, 'Kranevo');
insert into city(region_id, name) values (237, 'Povelyanovo');
insert into city(region_id, name) values (237, 'Provadia');
insert into city(region_id, name) values (237, 'Provadija');
insert into city(region_id, name) values (237, 'Provadiya');
insert into city(region_id, name) values (237, 'Varna');
insert into city(region_id, name) values (237, 'Vladislavovo');
insert into city(region_id, name) values (237, 'Warna');
insert into city(region_id, name) values (237, 'Yasu-Tepe');
insert into city(region_id, name) values (237, 'Zvezditsa');
insert into city(region_id, name) values (237, 'Zvunets');
insert into city(region_id, name) values (274, 'Aracaju');
insert into city(region_id, name) values (274, 'Baixada do Burgo');
insert into city(region_id, name) values (294, 'Alexandria');
insert into city(region_id, name) values (294, 'Alva');
insert into city(region_id, name) values (294, 'Arbroath');
insert into city(region_id, name) values (294, 'Arrochar');
insert into city(region_id, name) values (294, 'Ayr');
insert into city(region_id, name) values (294, 'Brechin');
insert into city(region_id, name) values (294, 'Clydebank');
insert into city(region_id, name) values (294, 'Cupar');
insert into city(region_id, name) values (294, 'Dollar');
insert into city(region_id, name) values (294, 'Dumbarton');
insert into city(region_id, name) values (294, 'Dundee');
insert into city(region_id, name) values (294, 'Dunfermline');
insert into city(region_id, name) values (294, 'Falkirk');
insert into city(region_id, name) values (294, 'Forfar');
insert into city(region_id, name) values (294, 'Glenrothes');
insert into city(region_id, name) values (294, 'Kirkcaldy');
insert into city(region_id, name) values (294, 'Leven');
insert into city(region_id, name) values (294, 'Montrose');
insert into city(region_id, name) values (294, 'Perth');
insert into city(region_id, name) values (294, 'Stirling');
insert into city(region_id, name) values (310, 'szr');
insert into city(region_id, name) values (310, 'Esztergom');
insert into city(region_id, name) values (332, 'Chichiriviche');
insert into city(region_id, name) values (332, 'Punto Fijo');
insert into city(region_id, name) values (332, 'Valle de Mara');
insert into city(region_id, name) values (365, 'Chisantiago');
insert into city(region_id, name) values (375, 'Kankan');
insert into city(region_id, name) values (375, 'Konakri');
insert into region(id, country_id, name) values (376, 51, 'Bisau');
insert into city(region_id, name) values (51, 'Aleksandrov Gai');
insert into city(region_id, name) values (51, 'Arkadak');
insert into city(region_id, name) values (51, 'Atkarsk');
insert into city(region_id, name) values (51, 'Bazarnyi Karabulak');
insert into city(region_id, name) values (51, 'Balakovo');
insert into city(region_id, name) values (51, 'Balashov');
insert into city(region_id, name) values (51, 'Baltai');
insert into city(region_id, name) values (51, 'Vozrojdenie');
insert into city(region_id, name) values (51, 'Volsk');
insert into city(region_id, name) values (51, 'Voskresenskoe (Saratovsk.)');
insert into city(region_id, name) values (51, 'Gornyi');
insert into city(region_id, name) values (51, 'Dergachi');
insert into city(region_id, name) values (51, 'Duhovnickoe');
insert into city(region_id, name) values (51, 'Ekaterinovka');
insert into city(region_id, name) values (51, 'Ershov');
insert into city(region_id, name) values (51, 'Ivanteevka (Saratovskaya obl.)');
insert into city(region_id, name) values (51, 'Kalininsk');
insert into city(region_id, name) values (51, 'Kamenskii');
insert into city(region_id, name) values (51, 'Krasnoarmeisk (Saratovsk.)');
insert into city(region_id, name) values (51, 'Krasnyi Kut');
insert into city(region_id, name) values (51, 'Lysye Gory');
insert into city(region_id, name) values (51, 'Marks');
insert into city(region_id, name) values (51, 'Mokrous');
insert into city(region_id, name) values (51, 'Novouzensk');
insert into city(region_id, name) values (51, 'Novye Burasy');
insert into city(region_id, name) values (51, 'Ozinki');
insert into city(region_id, name) values (51, 'Perelyub');
insert into city(region_id, name) values (51, 'Petrovsk');
insert into city(region_id, name) values (51, 'Piterka');
insert into city(region_id, name) values (51, 'Pugachev');
insert into city(region_id, name) values (51, 'Rovnoe');
insert into city(region_id, name) values (51, 'Romanovka');
insert into city(region_id, name) values (51, 'Rtischevo');
insert into city(region_id, name) values (51, 'Samoilovka');
insert into city(region_id, name) values (51, 'Saratov');
insert into city(region_id, name) values (51, 'Stepnoe (Saratovskaya obl.)');
insert into city(region_id, name) values (51, 'Tatischevo');
insert into city(region_id, name) values (51, 'Turki');
insert into city(region_id, name) values (51, 'Hvalynsk');
insert into city(region_id, name) values (51, 'Engels');
insert into city(region_id, name) values (238, 'Elena');
insert into city(region_id, name) values (238, 'Gorna Orehovica');
insert into city(region_id, name) values (238, 'Gorna Oriahovica');
insert into city(region_id, name) values (238, 'Ljaskovec');
insert into city(region_id, name) values (238, 'Pavlikeni');
insert into city(region_id, name) values (238, 'Polsk Trumbesh');
insert into city(region_id, name) values (238, 'Polski Trambech');
insert into city(region_id, name) values (238, 'Polski Trambesh');
insert into city(region_id, name) values (238, 'Svishtov');
insert into city(region_id, name) values (238, 'Svistov');
insert into city(region_id, name) values (238, 'Tarnovo');
insert into city(region_id, name) values (238, 'Tarnowo');
insert into city(region_id, name) values (238, 'Turnovo');
insert into city(region_id, name) values (238, 'Veliko Turnovo');
insert into city(region_id, name) values (295, 'Aberdeen');
insert into city(region_id, name) values (295, 'Aberlour');
insert into city(region_id, name) values (295, 'Avoch');
insert into city(region_id, name) values (295, 'Banchory');
insert into city(region_id, name) values (295, 'Banff');
insert into city(region_id, name) values (295, 'Buckie');
insert into city(region_id, name) values (295, 'Dingwall');
insert into city(region_id, name) values (295, 'Fort William');
insert into city(region_id, name) values (295, 'Fraserburgh');
insert into city(region_id, name) values (295, 'Inverness');
insert into city(region_id, name) values (295, 'Isle Of Lewis');
insert into city(region_id, name) values (295, 'Peterhead');
insert into city(region_id, name) values (295, 'Stonehaven');
insert into city(region_id, name) values (295, 'Stromness');
insert into city(region_id, name) values (295, 'Thurso');
insert into city(region_id, name) values (295, 'Ullapool');
insert into city(region_id, name) values (311, 'Miskolc');
insert into city(region_id, name) values (333, 'Calabozo');
insert into city(region_id, name) values (333, 'San Juan de los Moros');
insert into city(region_id, name) values (333, 'Valle de La Pascua');
insert into city(region_id, name) values (366, 'Chimaltenango');
insert into city(region_id, name) values (376, 'Bisau');
insert into region(id, country_id, name) values (377, 52, 'Baden-Wrttemberg');
insert into region(id, country_id, name) values (378, 52, 'Bayern');
insert into region(id, country_id, name) values (379, 52, 'Berlin');
insert into region(id, country_id, name) values (380, 52, 'Brandenburg');
insert into region(id, country_id, name) values (381, 52, 'Bremen');
insert into region(id, country_id, name) values (382, 52, 'Hamburg');
insert into region(id, country_id, name) values (383, 52, 'Hessen');
insert into region(id, country_id, name) values (384, 52, 'Mecklenburg-Vorpommern');
insert into region(id, country_id, name) values (385, 52, 'Niedersachsen');
insert into region(id, country_id, name) values (386, 52, 'Nordrhein-Westfalen');
insert into region(id, country_id, name) values (387, 52, 'Rheinland-Pfalz');
insert into region(id, country_id, name) values (388, 52, 'Saarland');
insert into region(id, country_id, name) values (389, 52, 'Sachsen');
insert into region(id, country_id, name) values (390, 52, 'Sachsen-Anhalt');
insert into region(id, country_id, name) values (391, 52, 'Schleswig-Holstein');
insert into region(id, country_id, name) values (392, 52, 'Thringen');
insert into city(region_id, name) values (52, 'Abyi');
insert into city(region_id, name) values (52, 'Aihal');
insert into city(region_id, name) values (52, 'Aldan');
insert into city(region_id, name) values (52, 'Amga');
insert into city(region_id, name) values (52, 'Batagai');
insert into city(region_id, name) values (52, 'Berdigestyah');
insert into city(region_id, name) values (52, 'Berkakit');
insert into city(region_id, name) values (52, 'Bestyah');
insert into city(region_id, name) values (52, 'Borogoncy');
insert into city(region_id, name) values (52, 'Verhnevilyuisk');
insert into city(region_id, name) values (52, 'Verhoyansk');
insert into city(region_id, name) values (52, 'Vilyuisk');
insert into city(region_id, name) values (52, 'Vitim');
insert into city(region_id, name) values (52, 'Vlasovo');
insert into city(region_id, name) values (52, 'Deputatskii');
insert into city(region_id, name) values (52, 'Jigansk');
insert into city(region_id, name) values (52, 'Zyryanka');
insert into city(region_id, name) values (52, 'Kangalassy');
insert into city(region_id, name) values (52, 'Lensk');
insert into city(region_id, name) values (52, 'Maiya');
insert into city(region_id, name) values (52, 'Mirnyi (Saha)');
insert into city(region_id, name) values (52, 'Neryungri');
insert into city(region_id, name) values (52, 'Nijnii Kuranah');
insert into city(region_id, name) values (52, 'Nyurba');
insert into city(region_id, name) values (52, 'Olekminsk');
insert into city(region_id, name) values (52, 'Pokrovsk');
insert into city(region_id, name) values (52, 'Sangar');
insert into city(region_id, name) values (52, 'Saskylah');
insert into city(region_id, name) values (52, 'Solnechnyi');
insert into city(region_id, name) values (52, 'Srednekolymsk');
insert into city(region_id, name) values (52, 'Suntar');
insert into city(region_id, name) values (52, 'Tiksi');
insert into city(region_id, name) values (52, 'Udachnyi');
insert into city(region_id, name) values (52, 'Ust-Maya');
insert into city(region_id, name) values (52, 'Ust-Nera');
insert into city(region_id, name) values (52, 'Handyga');
insert into city(region_id, name) values (52, 'Honuu');
insert into city(region_id, name) values (52, 'CHernyshevskii');
insert into city(region_id, name) values (52, 'CHerskii');
insert into city(region_id, name) values (52, 'CHokurdah');
insert into city(region_id, name) values (52, 'CHulman');
insert into city(region_id, name) values (52, 'CHurapcha');
insert into city(region_id, name) values (52, 'YAkutsk');
insert into city(region_id, name) values (239, 'Belogradchik');
insert into city(region_id, name) values (239, 'Bojniza');
insert into city(region_id, name) values (239, 'Borovica');
insert into city(region_id, name) values (239, 'Vidin');
insert into city(region_id, name) values (296, 'Dumfries');
insert into city(region_id, name) values (296, 'Ardrossan');
insert into city(region_id, name) values (296, 'Ayr');
insert into city(region_id, name) values (296, 'Bathgate');
insert into city(region_id, name) values (296, 'Beith');
insert into city(region_id, name) values (296, 'Berwick-Upon-Tweed');
insert into city(region_id, name) values (296, 'Bo''''Ness');
insert into city(region_id, name) values (296, 'Coatbridge');
insert into city(region_id, name) values (296, 'Edinburgh');
insert into city(region_id, name) values (296, 'Glasgow');
insert into city(region_id, name) values (296, 'Hamilton');
insert into city(region_id, name) values (296, 'Irvine');
insert into city(region_id, name) values (296, 'Motherwell');
insert into city(region_id, name) values (296, 'Musselburgh');
insert into city(region_id, name) values (296, 'Wishaw');
insert into city(region_id, name) values (312, 'Alsutaspuszta');
insert into city(region_id, name) values (312, 'Salgtarjn');
insert into city(region_id, name) values (334, 'Alemn');
insert into city(region_id, name) values (334, 'Barquisimeto');
insert into city(region_id, name) values (334, 'Cabudare');
insert into city(region_id, name) values (367, 'Anguiat');
insert into city(region_id, name) values (377, 'Aach');
insert into city(region_id, name) values (377, 'Aalen');
insert into city(region_id, name) values (377, 'Abstatt');
insert into city(region_id, name) values (377, 'Achberg');
insert into city(region_id, name) values (377, 'Achern');
insert into city(region_id, name) values (377, 'Achstetten');
insert into city(region_id, name) values (377, 'Adelberg');
insert into city(region_id, name) values (377, 'Adelmannsfelden');
insert into city(region_id, name) values (377, 'Adelsheim');
insert into city(region_id, name) values (377, 'Aglasterhausen');
insert into city(region_id, name) values (377, 'Ahorn');
insert into city(region_id, name) values (377, 'Aichelberg');
insert into city(region_id, name) values (377, 'Aichstetten');
insert into city(region_id, name) values (377, 'Aichwald');
insert into city(region_id, name) values (377, 'Aitern');
insert into city(region_id, name) values (377, 'Aitrach');
insert into city(region_id, name) values (377, 'Albbruck');
insert into city(region_id, name) values (377, 'Albstadt');
insert into city(region_id, name) values (377, 'Aldingen');
insert into city(region_id, name) values (377, 'Alfdorf');
insert into city(region_id, name) values (377, 'Allensbach');
insert into city(region_id, name) values (377, 'Alleshausen');
insert into city(region_id, name) values (377, 'Allmannsweiler');
insert into city(region_id, name) values (377, 'Alpirsbach');
insert into city(region_id, name) values (377, 'Altbach');
insert into city(region_id, name) values (377, 'Altensteig');
insert into city(region_id, name) values (377, 'Altluheim');
insert into city(region_id, name) values (377, 'Altshausen');
insert into city(region_id, name) values (377, 'Amstetten');
insert into city(region_id, name) values (377, 'Appenweier');
insert into city(region_id, name) values (377, 'Asperg');
insert into city(region_id, name) values (377, 'Assamstadt');
insert into city(region_id, name) values (377, 'Au');
insert into city(region_id, name) values (377, 'Au am Rhein');
insert into city(region_id, name) values (377, 'Aulendorf');
insert into city(region_id, name) values (377, 'Backnang');
insert into city(region_id, name) values (377, 'Bad Bellingen');
insert into city(region_id, name) values (377, 'Bad Buchau');
insert into city(region_id, name) values (377, 'Bad Drrheim');
insert into city(region_id, name) values (377, 'Bad Friedrichshall');
insert into city(region_id, name) values (377, 'Bad Herrenalb');
insert into city(region_id, name) values (377, 'Bad Krozingen');
insert into city(region_id, name) values (377, 'Bad Mergentheim');
insert into city(region_id, name) values (377, 'Bad Peterstal-Griesbach');
insert into city(region_id, name) values (377, 'Bad Rappenau');
insert into city(region_id, name) values (377, 'Bad Rippoldsau-Schapbach');
insert into city(region_id, name) values (377, 'Bad Sckingen');
insert into city(region_id, name) values (377, 'Bad Saulgau');
insert into city(region_id, name) values (377, 'Bad Schnborn');
insert into city(region_id, name) values (377, 'Bad Schussenried');
insert into city(region_id, name) values (377, 'Bad Urach');
insert into city(region_id, name) values (377, 'Bad Waldsee');
insert into city(region_id, name) values (377, 'Bad Wildbad im Schwarzwald');
insert into city(region_id, name) values (377, 'Bad Wimpfen');
insert into city(region_id, name) values (377, 'Bad Wurzach');
insert into city(region_id, name) values (377, 'Baden-Baden');
insert into city(region_id, name) values (377, 'Bahlingen am Kaiserstuhl');
insert into city(region_id, name) values (377, 'Baienfurt');
insert into city(region_id, name) values (377, 'Baiersbronn');
insert into city(region_id, name) values (377, 'Baindt');
insert into city(region_id, name) values (377, 'Balingen');
insert into city(region_id, name) values (377, 'Bammental');
insert into city(region_id, name) values (377, 'Bartholom');
insert into city(region_id, name) values (377, 'Berg');
insert into city(region_id, name) values (377, 'Bergatreute');
insert into city(region_id, name) values (377, 'Besigheim');
insert into city(region_id, name) values (377, 'Biberach');
insert into city(region_id, name) values (377, 'Biberach an der Ri');
insert into city(region_id, name) values (377, 'Biederbach');
insert into city(region_id, name) values (377, 'Bietigheim');
insert into city(region_id, name) values (377, 'Bietigheim-Bissingen');
insert into city(region_id, name) values (377, 'Binzen');
insert into city(region_id, name) values (377, 'Bisingen');
insert into city(region_id, name) values (377, 'Bitz');
insert into city(region_id, name) values (377, 'Blaubeuren');
insert into city(region_id, name) values (377, 'Blaufelden');
insert into city(region_id, name) values (377, 'Blaustein');
insert into city(region_id, name) values (377, 'Blumberg');
insert into city(region_id, name) values (377, 'Bblingen');
insert into city(region_id, name) values (377, 'Bodelshausen');
insert into city(region_id, name) values (377, 'Bodman-Ludwigshafen');
insert into city(region_id, name) values (377, 'Bondorf');
insert into city(region_id, name) values (377, 'Bonndorf im Schwarzwald');
insert into city(region_id, name) values (377, 'Bopfingen');
insert into city(region_id, name) values (377, 'Bttingen');
insert into city(region_id, name) values (377, 'Boxberg');
insert into city(region_id, name) values (377, 'Breisach am Rhein');
insert into city(region_id, name) values (377, 'Bretten');
insert into city(region_id, name) values (377, 'Bruchsal');
insert into city(region_id, name) values (377, 'Brhl');
insert into city(region_id, name) values (377, 'Buchen (Odenwald)');
insert into city(region_id, name) values (377, 'Buggingen');
insert into city(region_id, name) values (377, 'Bhl');
insert into city(region_id, name) values (377, 'Bhlertal');
insert into city(region_id, name) values (377, 'Burladingen');
insert into city(region_id, name) values (377, 'Calw');
insert into city(region_id, name) values (377, 'Crailsheim');
insert into city(region_id, name) values (377, 'Deggingen');
insert into city(region_id, name) values (377, 'Deizisau');
insert into city(region_id, name) values (377, 'Denkingen');
insert into city(region_id, name) values (377, 'Denzlingen');
insert into city(region_id, name) values (377, 'Dettenheim');
insert into city(region_id, name) values (377, 'Dettingen an der Iller');
insert into city(region_id, name) values (377, 'Dettingen unter Teck');
insert into city(region_id, name) values (377, 'Dietenheim');
insert into city(region_id, name) values (377, 'Dietingen');
insert into city(region_id, name) values (377, 'Dobel');
insert into city(region_id, name) values (377, 'Donaueschingen');
insert into city(region_id, name) values (377, 'Dornhan');
insert into city(region_id, name) values (377, 'Dornstetten');
insert into city(region_id, name) values (377, 'Drzbach');
insert into city(region_id, name) values (377, 'Dunningen');
insert into city(region_id, name) values (377, 'Drbheim');
insert into city(region_id, name) values (377, 'Drmentingen');
insert into city(region_id, name) values (377, 'Dulingen');
insert into city(region_id, name) values (377, 'Eberbach');
insert into city(region_id, name) values (377, 'Ebhausen');
insert into city(region_id, name) values (377, 'Edingen-Neckarhausen');
insert into city(region_id, name) values (377, 'Efringen-Kirchen');
insert into city(region_id, name) values (377, 'Eggenstein-Leopoldshafen');
insert into city(region_id, name) values (377, 'Ehingen an der Donau');
insert into city(region_id, name) values (377, 'Ehningen');
insert into city(region_id, name) values (377, 'Eisingen');
insert into city(region_id, name) values (377, 'Eislingen/Fils');
insert into city(region_id, name) values (377, 'Ellwangen (Jagst)');
insert into city(region_id, name) values (377, 'Emmendingen');
insert into city(region_id, name) values (377, 'Empfingen');
insert into city(region_id, name) values (377, 'Endingen am Kaiserstuhl');
insert into city(region_id, name) values (377, 'Engen');
insert into city(region_id, name) values (377, 'Eppingen');
insert into city(region_id, name) values (377, 'Erbach');
insert into city(region_id, name) values (377, 'Eriskirch');
insert into city(region_id, name) values (377, 'Erlenmoos');
insert into city(region_id, name) values (377, 'Ertingen');
insert into city(region_id, name) values (377, 'Eschelbronn');
insert into city(region_id, name) values (377, 'Essingen');
insert into city(region_id, name) values (377, 'Esslingen am Neckar');
insert into city(region_id, name) values (377, 'Ettenheim');
insert into city(region_id, name) values (377, 'Ettlingen');
insert into city(region_id, name) values (377, 'Fellbach');
insert into city(region_id, name) values (377, 'Filderstadt');
insert into city(region_id, name) values (377, 'Fischingen');
insert into city(region_id, name) values (377, 'Forst');
insert into city(region_id, name) values (377, 'Frankenhardt');
insert into city(region_id, name) values (377, 'Freiberg am Neckar');
insert into city(region_id, name) values (377, 'Freiburg im Breisgau');
insert into city(region_id, name) values (377, 'Freudenberg');
insert into city(region_id, name) values (377, 'Freudenstadt');
insert into city(region_id, name) values (377, 'Frickingen');
insert into city(region_id, name) values (377, 'Friedrichshafen');
insert into city(region_id, name) values (377, 'Friesenheim');
insert into city(region_id, name) values (377, 'Frittlingen');
insert into city(region_id, name) values (377, 'Furtwangen im Schwarzwald');
insert into city(region_id, name) values (377, 'Gaggenau');
insert into city(region_id, name) values (377, 'Gaildorf');
insert into city(region_id, name) values (377, 'Gailingen am Hochrhein');
insert into city(region_id, name) values (377, 'Geisingen');
insert into city(region_id, name) values (377, 'Geislingen');
insert into city(region_id, name) values (377, 'Geislingen an der Steige');
insert into city(region_id, name) values (377, 'Gengenbach');
insert into city(region_id, name) values (377, 'Gerabronn');
insert into city(region_id, name) values (377, 'Giengen an der Brenz');
insert into city(region_id, name) values (377, 'Gingen an der Fils');
insert into city(region_id, name) values (377, 'Gppingen');
insert into city(region_id, name) values (377, 'Gosheim');
insert into city(region_id, name) values (377, 'Gottmadingen');
insert into city(region_id, name) values (377, 'Graben-Neudorf');
insert into city(region_id, name) values (377, 'Grafenhausen');
insert into city(region_id, name) values (377, 'Grenzach-Wyhlen');
insert into city(region_id, name) values (377, 'Hg-Ehrsberg');
insert into city(region_id, name) values (377, 'Haigerloch');
insert into city(region_id, name) values (377, 'Hardheim');
insert into city(region_id, name) values (377, 'Haslach im Kinzigtal');
insert into city(region_id, name) values (377, 'Hausach');
insert into city(region_id, name) values (377, 'Hechingen');
insert into city(region_id, name) values (377, 'Heddesheim');
insert into city(region_id, name) values (377, 'Heidelberg');
insert into city(region_id, name) values (377, 'Heidenheim an der Brenz');
insert into city(region_id, name) values (377, 'Heilbronn');
insert into city(region_id, name) values (377, 'Heiningen');
insert into city(region_id, name) values (377, 'Helmstadt-Bargen');
insert into city(region_id, name) values (377, 'Hemsbach');
insert into city(region_id, name) values (377, 'Herbertingen');
insert into city(region_id, name) values (377, 'Herbolzheim');
insert into city(region_id, name) values (377, 'Herbrechtingen');
insert into city(region_id, name) values (377, 'Herrenberg');
insert into city(region_id, name) values (377, 'Hockenheim');
insert into city(region_id, name) values (377, 'Hfen an der Enz');
insert into city(region_id, name) values (377, 'Holzgerlingen');
insert into city(region_id, name) values (377, 'Hpfingen');
insert into city(region_id, name) values (377, 'Horb am Neckar');
insert into city(region_id, name) values (377, 'Horgenzell');
insert into city(region_id, name) values (377, 'Hgelsheim');
insert into city(region_id, name) values (377, 'Ihringen');
insert into city(region_id, name) values (377, 'Illerkirchberg');
insert into city(region_id, name) values (377, 'Illingen');
insert into city(region_id, name) values (377, 'Illmensee');
insert into city(region_id, name) values (377, 'Ilvesheim');
insert into city(region_id, name) values (377, 'Immendingen');
insert into city(region_id, name) values (377, 'Immenstaad am Bodensee');
insert into city(region_id, name) values (377, 'Ingelfingen');
insert into city(region_id, name) values (377, 'Inzigkofen');
insert into city(region_id, name) values (377, 'Isny im Allgu');
insert into city(region_id, name) values (377, 'Ispringen');
insert into city(region_id, name) values (377, 'Jestetten');
insert into city(region_id, name) values (377, 'Kappelrodeck');
insert into city(region_id, name) values (377, 'Karlsbad');
insert into city(region_id, name) values (377, 'Karlsruhe');
insert into city(region_id, name) values (377, 'Kehl');
insert into city(region_id, name) values (377, 'Keltern');
insert into city(region_id, name) values (377, 'Kenzingen');
insert into city(region_id, name) values (377, 'Ketsch');
insert into city(region_id, name) values (377, 'Kieselbronn');
insert into city(region_id, name) values (377, 'Kippenheim');
insert into city(region_id, name) values (377, 'Kirchheim unter Teck');
insert into city(region_id, name) values (377, 'Klettgau');
insert into city(region_id, name) values (377, 'Knittlingen');
insert into city(region_id, name) values (377, 'Kolbingen');
insert into city(region_id, name) values (377, 'Kngen');
insert into city(region_id, name) values (377, 'Knigsbronn');
insert into city(region_id, name) values (377, 'Knigsfeld im Schwarzwald');
insert into city(region_id, name) values (377, 'Konstanz');
insert into city(region_id, name) values (377, 'Kornwestheim');
insert into city(region_id, name) values (377, 'Krauchenwies');
insert into city(region_id, name) values (377, 'Krautheim');
insert into city(region_id, name) values (377, 'Kressbronn am Bodensee');
insert into city(region_id, name) values (377, 'Kronau');
insert into city(region_id, name) values (377, 'Klsheim');
insert into city(region_id, name) values (377, 'Knzelsau');
insert into city(region_id, name) values (377, 'Kuppenheim');
insert into city(region_id, name) values (377, 'Kssaberg');
insert into city(region_id, name) values (377, 'Lahr/Schwarzwald');
insert into city(region_id, name) values (377, 'Laichingen');
insert into city(region_id, name) values (377, 'Langenau');
insert into city(region_id, name) values (377, 'Lauchringen');
insert into city(region_id, name) values (377, 'Lauda-Knigshofen');
insert into city(region_id, name) values (377, 'Lauf');
insert into city(region_id, name) values (377, 'Laufenburg');
insert into city(region_id, name) values (377, 'Laupheim');
insert into city(region_id, name) values (377, 'Leimen');
insert into city(region_id, name) values (377, 'Leonberg');
insert into city(region_id, name) values (377, 'Leutkirch im Allgu');
insert into city(region_id, name) values (377, 'Lffingen');
insert into city(region_id, name) values (377, 'Lrrach');
insert into city(region_id, name) values (377, 'Lottstetten');
insert into city(region_id, name) values (377, 'Lwenstein');
insert into city(region_id, name) values (377, 'Ludwigsburg');
insert into city(region_id, name) values (377, 'Mahlberg');
insert into city(region_id, name) values (377, 'Mainhardt');
insert into city(region_id, name) values (377, 'Mannheim');
insert into city(region_id, name) values (377, 'Markdorf');
insert into city(region_id, name) values (377, 'Maulbronn');
insert into city(region_id, name) values (377, 'Meckenbeuren');
insert into city(region_id, name) values (377, 'Meersburg');
insert into city(region_id, name) values (377, 'Mengen');
insert into city(region_id, name) values (377, 'Merzhausen');
insert into city(region_id, name) values (377, 'Mekirch');
insert into city(region_id, name) values (377, 'Mestetten');
insert into city(region_id, name) values (377, 'Metzingen');
insert into city(region_id, name) values (377, 'Mckmhl');
insert into city(region_id, name) values (377, 'Mgglingen');
insert into city(region_id, name) values (377, 'Mosbach');
insert into city(region_id, name) values (377, 'Mssingen');
insert into city(region_id, name) values (377, 'Mtzingen');
insert into city(region_id, name) values (377, 'Mhlacker');
insert into city(region_id, name) values (377, 'Mhlhausen');
insert into city(region_id, name) values (377, 'Mulfingen');
insert into city(region_id, name) values (377, 'Mllheim');
insert into city(region_id, name) values (377, 'Munderkingen');
insert into city(region_id, name) values (377, 'Mnsingen');
insert into city(region_id, name) values (377, 'Nagold');
insert into city(region_id, name) values (377, 'Neckargemnd');
insert into city(region_id, name) values (377, 'Neckarsulm');
insert into city(region_id, name) values (377, 'Neresheim');
insert into city(region_id, name) values (377, 'Neubulach');
insert into city(region_id, name) values (377, 'Neuenbrg');
insert into city(region_id, name) values (377, 'Neuenburg am Rhein');
insert into city(region_id, name) values (377, 'Neuenstadt am Kocher');
insert into city(region_id, name) values (377, 'Neuenstein');
insert into city(region_id, name) values (377, 'Niedernhall');
insert into city(region_id, name) values (377, 'Niefern-schelbronn');
insert into city(region_id, name) values (377, 'Nordheim');
insert into city(region_id, name) values (377, 'Nrtingen');
insert into city(region_id, name) values (377, 'Oberderdingen');
insert into city(region_id, name) values (377, 'Oberhausen-Rheinhausen');
insert into city(region_id, name) values (377, 'Oberkirch');
insert into city(region_id, name) values (377, 'Oberndorf am Neckar');
insert into city(region_id, name) values (377, 'Oberteuringen');
insert into city(region_id, name) values (377, 'Ochsenhausen');
insert into city(region_id, name) values (377, 'Offenburg');
insert into city(region_id, name) values (377, 'Ofterdingen');
insert into city(region_id, name) values (377, 'Oftersheim');
insert into city(region_id, name) values (377, 'hningen');
insert into city(region_id, name) values (377, 'hringen');
insert into city(region_id, name) values (377, 'Oppenau');
insert into city(region_id, name) values (377, 'Ortenberg');
insert into city(region_id, name) values (377, 'Osterburken');
insert into city(region_id, name) values (377, 'Ostrach');
insert into city(region_id, name) values (377, 'stringen');
insert into city(region_id, name) values (377, 'tisheim');
insert into city(region_id, name) values (377, 'Ottenhfen im Schwarzwald');
insert into city(region_id, name) values (377, 'Pfalzgrafenweiler');
insert into city(region_id, name) values (377, 'Pfinztal');
insert into city(region_id, name) values (377, 'Pforzheim');
insert into city(region_id, name) values (377, 'Pfullendorf');
insert into city(region_id, name) values (377, 'Philippsburg');
insert into city(region_id, name) values (377, 'Plankstadt');
insert into city(region_id, name) values (377, 'Plochingen');
insert into city(region_id, name) values (377, 'Radolfzell am Bodensee');
insert into city(region_id, name) values (377, 'Raich');
insert into city(region_id, name) values (377, 'Rammingen');
insert into city(region_id, name) values (377, 'Rastatt');
insert into city(region_id, name) values (377, 'Ravensburg');
insert into city(region_id, name) values (377, 'Ravenstein');
insert into city(region_id, name) values (377, 'Reichenbach am Heuberg');
insert into city(region_id, name) values (377, 'Reichenbach an der Fils');
insert into city(region_id, name) values (377, 'Reilingen');
insert into city(region_id, name) values (377, 'Remchingen');
insert into city(region_id, name) values (377, 'Renchen');
insert into city(region_id, name) values (377, 'Renningen');
insert into city(region_id, name) values (377, 'Reutlingen');
insert into city(region_id, name) values (377, 'Rheinfelden');
insert into city(region_id, name) values (377, 'Riederich');
insert into city(region_id, name) values (377, 'Riedlingen');
insert into city(region_id, name) values (377, 'Rielasingen-Worblingen');
insert into city(region_id, name) values (377, 'Rosenberg (73494)');
insert into city(region_id, name) values (377, 'Rosenfeld');
insert into city(region_id, name) values (377, 'Rosengarten');
insert into city(region_id, name) values (377, 'Rottenburg am Neckar');
insert into city(region_id, name) values (377, 'Rottweil');
insert into city(region_id, name) values (377, 'Rmmingen');
insert into city(region_id, name) values (377, 'Rust');
insert into city(region_id, name) values (377, 'Sandhausen');
insert into city(region_id, name) values (377, 'Sankt Georgen im Schwarzwald');
insert into city(region_id, name) values (377, 'Sankt Leon-Rot');
insert into city(region_id, name) values (377, 'Schelklingen');
insert into city(region_id, name) values (377, 'Schlier');
insert into city(region_id, name) values (377, 'Schluchsee');
insert into city(region_id, name) values (377, 'Schnau im Schwarzwald');
insert into city(region_id, name) values (377, 'Schopfheim');
insert into city(region_id, name) values (377, 'Schopfloch');
insert into city(region_id, name) values (377, 'Schorndorf');
insert into city(region_id, name) values (377, 'Schramberg');
insert into city(region_id, name) values (377, 'Schrozberg');
insert into city(region_id, name) values (377, 'Schwbisch Gmnd');
insert into city(region_id, name) values (377, 'Schwbisch Hall');
insert into city(region_id, name) values (377, 'Schwaikheim');
insert into city(region_id, name) values (377, 'Schwendi');
insert into city(region_id, name) values (377, 'Schwenningen');
insert into city(region_id, name) values (377, 'Schwetzingen');
insert into city(region_id, name) values (377, 'Sexau');
insert into city(region_id, name) values (377, 'Sigmaringen');
insert into city(region_id, name) values (377, 'Sindelfingen');
insert into city(region_id, name) values (377, 'Singen');
insert into city(region_id, name) values (377, 'Sinsheim');
insert into city(region_id, name) values (377, 'Spaichingen');
insert into city(region_id, name) values (377, 'Steinenbronn');
insert into city(region_id, name) values (377, 'Stockach');
insert into city(region_id, name) values (377, 'Stdtlen');
insert into city(region_id, name) values (377, 'Straubenhardt');
insert into city(region_id, name) values (377, 'Stutensee');
insert into city(region_id, name) values (377, 'Stuttgart');
insert into city(region_id, name) values (377, 'Sulz am Neckar');
insert into city(region_id, name) values (377, 'Sulzbach-Laufen');
insert into city(region_id, name) values (377, 'Sen');
insert into city(region_id, name) values (377, 'Talheim (74388)');
insert into city(region_id, name) values (377, 'Tauberbischofsheim');
insert into city(region_id, name) values (377, 'Teningen');
insert into city(region_id, name) values (377, 'Tettnang');
insert into city(region_id, name) values (377, 'Titisee-Neustadt');
insert into city(region_id, name) values (377, 'Triberg');
insert into city(region_id, name) values (377, 'Trossingen');
insert into city(region_id, name) values (377, 'Tbingen');
insert into city(region_id, name) values (377, 'Tuttlingen');
insert into city(region_id, name) values (377, 'berlingen');
insert into city(region_id, name) values (377, 'Ulm');
insert into city(region_id, name) values (377, 'Ummendorf');
insert into city(region_id, name) values (377, 'Unterkirnach');
insert into city(region_id, name) values (377, 'Unterwachingen');
insert into city(region_id, name) values (377, 'Urbach');
insert into city(region_id, name) values (377, 'Vaihingen an der Enz');
insert into city(region_id, name) values (377, 'Vellberg');
insert into city(region_id, name) values (377, 'Villingen-Schwenningen');
insert into city(region_id, name) values (377, 'Volkertshausen');
insert into city(region_id, name) values (377, 'Waghusel');
insert into city(region_id, name) values (377, 'Waiblingen');
insert into city(region_id, name) values (377, 'Wain');
insert into city(region_id, name) values (377, 'Wald');
insert into city(region_id, name) values (377, 'Waldbronn');
insert into city(region_id, name) values (377, 'Waldenburg');
insert into city(region_id, name) values (377, 'Waldkirch');
insert into city(region_id, name) values (377, 'Waldshut-Tiengen');
insert into city(region_id, name) values (377, 'Walldrn');
insert into city(region_id, name) values (377, 'Wangen');
insert into city(region_id, name) values (377, 'Wangen im Allgu');
insert into city(region_id, name) values (377, 'Wehingen');
insert into city(region_id, name) values (377, 'Wehr');
insert into city(region_id, name) values (377, 'Weikersheim');
insert into city(region_id, name) values (377, 'Weil am Rhein');
insert into city(region_id, name) values (377, 'Weil der Stadt');
insert into city(region_id, name) values (377, 'Weingarten (76356)');
insert into city(region_id, name) values (377, 'Weingarten (88250)');
insert into city(region_id, name) values (377, 'Weinheim');
insert into city(region_id, name) values (377, 'Weinsberg');
insert into city(region_id, name) values (377, 'Weinstadt');
insert into city(region_id, name) values (377, 'Welzheim');
insert into city(region_id, name) values (377, 'Wendlingen am Neckar');
insert into city(region_id, name) values (377, 'Wertheim');
insert into city(region_id, name) values (377, 'Wiesloch');
insert into city(region_id, name) values (377, 'Wilhelmsfeld');
insert into city(region_id, name) values (377, 'Willsttt');
insert into city(region_id, name) values (377, 'Wimsheim');
insert into city(region_id, name) values (377, 'Winnenden');
insert into city(region_id, name) values (377, 'Wolfach');
insert into city(region_id, name) values (377, 'Wrt');
insert into city(region_id, name) values (377, 'Wyhl am Kaiserstuhl');
insert into city(region_id, name) values (377, 'Zaberfeld');
insert into city(region_id, name) values (377, 'Zell am Harmersbach');
insert into city(region_id, name) values (377, 'Zell im Wiesental');
insert into city(region_id, name) values (377, 'Zell unter Aichelberg');
insert into city(region_id, name) values (377, 'Zuzenhausen');
insert into region(id, country_id, name) values (393, 53, 'Sent-Piter-Port');
insert into city(region_id, name) values (53, 'Aleksandrovsk-Sahalinskii');
insert into city(region_id, name) values (53, 'Anbecu');
insert into city(region_id, name) values (53, 'Aniva');
insert into city(region_id, name) values (53, 'Boshnyakovo');
insert into city(region_id, name) values (53, 'Bykov');
insert into city(region_id, name) values (53, 'Vahrushev');
insert into city(region_id, name) values (53, 'Vzmore');
insert into city(region_id, name) values (53, 'Gastello');
insert into city(region_id, name) values (53, 'Gornozavodsk (Sahalin)');
insert into city(region_id, name) values (53, 'Dolinsk');
insert into city(region_id, name) values (53, 'Ilinskii (Sahalin)');
insert into city(region_id, name) values (53, 'Katangli');
insert into city(region_id, name) values (53, 'Korsakov');
insert into city(region_id, name) values (53, 'Kurilsk');
insert into city(region_id, name) values (53, 'Makarov');
insert into city(region_id, name) values (53, 'Nevelsk');
insert into city(region_id, name) values (53, 'Nogliki');
insert into city(region_id, name) values (53, 'Oha');
insert into city(region_id, name) values (53, 'Poronaisk');
insert into city(region_id, name) values (53, 'Severo-Kurilsk');
insert into city(region_id, name) values (53, 'Smirnyh');
insert into city(region_id, name) values (53, 'Tomari');
insert into city(region_id, name) values (53, 'Tymovskoe');
insert into city(region_id, name) values (53, 'Uglegorsk');
insert into city(region_id, name) values (53, 'Holmsk');
insert into city(region_id, name) values (53, 'SHahtersk');
insert into city(region_id, name) values (53, 'YUjno-Kurilsk');
insert into city(region_id, name) values (53, 'YUjno-Sahalinsk');
insert into city(region_id, name) values (240, 'Bela Slatina');
insert into city(region_id, name) values (240, 'Borovan');
insert into city(region_id, name) values (240, 'Byala Slatina');
insert into city(region_id, name) values (240, 'Koslodui');
insert into city(region_id, name) values (240, 'Kozlodui');
insert into city(region_id, name) values (240, 'Kozloduy');
insert into city(region_id, name) values (240, 'Krivdol');
insert into city(region_id, name) values (240, 'Krivodol');
insert into city(region_id, name) values (240, 'Mezdra');
insert into city(region_id, name) values (240, 'Vraca');
insert into city(region_id, name) values (240, 'Vratca');
insert into city(region_id, name) values (240, 'Vratsa');
insert into city(region_id, name) values (240, 'Vrattsa');
insert into city(region_id, name) values (240, 'Vratza');
insert into city(region_id, name) values (297, 'Abergele');
insert into city(region_id, name) values (297, 'Bagillt');
insert into city(region_id, name) values (297, 'Bala');
insert into city(region_id, name) values (297, 'Bangor');
insert into city(region_id, name) values (297, 'Chester');
insert into city(region_id, name) values (297, 'Colwyn Bay');
insert into city(region_id, name) values (297, 'Deeside');
insert into city(region_id, name) values (297, 'Holyhead');
insert into city(region_id, name) values (297, 'Llandudno');
insert into city(region_id, name) values (297, 'Prestatyn');
insert into city(region_id, name) values (297, 'Rhyl');
insert into city(region_id, name) values (297, 'Wrexham');
insert into city(region_id, name) values (313, 'Fuenfkirchen');
insert into city(region_id, name) values (313, 'Fnfkirchen');
insert into city(region_id, name) values (313, 'Fuzesdulo');
insert into city(region_id, name) values (313, 'Gyrgytelep');
insert into city(region_id, name) values (313, 'Haviboldogasszonydulo');
insert into city(region_id, name) values (313, 'Pcs');
insert into city(region_id, name) values (335, 'Bailadores');
insert into city(region_id, name) values (335, 'La Azulita');
insert into city(region_id, name) values (335, 'Mrida');
insert into city(region_id, name) values (368, 'Amaya');
insert into city(region_id, name) values (368, 'Atitancito');
insert into city(region_id, name) values (378, 'Abenberg');
insert into city(region_id, name) values (378, 'Abensberg');
insert into city(region_id, name) values (378, 'Absberg');
insert into city(region_id, name) values (378, 'Abtswind');
insert into city(region_id, name) values (378, 'Achslach');
insert into city(region_id, name) values (378, 'Adelschlag');
insert into city(region_id, name) values (378, 'Adelsried');
insert into city(region_id, name) values (378, 'Affing');
insert into city(region_id, name) values (378, 'Aham');
insert into city(region_id, name) values (378, 'Aholfing');
insert into city(region_id, name) values (378, 'Ahorn');
insert into city(region_id, name) values (378, 'Aicha vorm Wald');
insert into city(region_id, name) values (378, 'Aichach');
insert into city(region_id, name) values (378, 'Aichen');
insert into city(region_id, name) values (378, 'Aidenbach');
insert into city(region_id, name) values (378, 'Aidhausen');
insert into city(region_id, name) values (378, 'Aiglsbach');
insert into city(region_id, name) values (378, 'Aindling');
insert into city(region_id, name) values (378, 'Ainring');
insert into city(region_id, name) values (378, 'Aislingen');
insert into city(region_id, name) values (378, 'Alesheim');
insert into city(region_id, name) values (378, 'Allershausen');
insert into city(region_id, name) values (378, 'Altdorf (84032)');
insert into city(region_id, name) values (378, 'Altdorf (90518)');
insert into city(region_id, name) values (378, 'Altenbuch');
insert into city(region_id, name) values (378, 'Altendorf (96146)');
insert into city(region_id, name) values (378, 'Altenmarkt an der Alz');
insert into city(region_id, name) values (378, 'Altenmnster');
insert into city(region_id, name) values (378, 'Altenstadt an der Waldnaab');
insert into city(region_id, name) values (378, 'Altertheim');
insert into city(region_id, name) values (378, 'Alttting');
insert into city(region_id, name) values (378, 'Amberg (86854)');
insert into city(region_id, name) values (378, 'Amberg (92224)');
insert into city(region_id, name) values (378, 'Ansbach');
insert into city(region_id, name) values (378, 'Antdorf');
insert into city(region_id, name) values (378, 'Arnstorf');
insert into city(region_id, name) values (378, 'Asbach-Bumenheim');
insert into city(region_id, name) values (378, 'Ascha');
insert into city(region_id, name) values (378, 'Aschaffenburg');
insert into city(region_id, name) values (378, 'Auerbach');
insert into city(region_id, name) values (378, 'Augsburg');
insert into city(region_id, name) values (378, 'Baar-Ebenhausen');
insert into city(region_id, name) values (378, 'Babenhausen');
insert into city(region_id, name) values (378, 'Bach an der Donau');
insert into city(region_id, name) values (378, 'Bachhagel');
insert into city(region_id, name) values (378, 'Bad Abbach');
insert into city(region_id, name) values (378, 'Bad Aibling');
insert into city(region_id, name) values (378, 'Bad Alexandersbad');
insert into city(region_id, name) values (378, 'Bad Berneck im Fichtelgebirge');
insert into city(region_id, name) values (378, 'Bad Birnbach');
insert into city(region_id, name) values (378, 'Bad Bocklet');
insert into city(region_id, name) values (378, 'Bad Brckenau');
insert into city(region_id, name) values (378, 'Bad Fssing');
insert into city(region_id, name) values (378, 'Bad Griesbach im Rottal');
insert into city(region_id, name) values (378, 'Bad Grnenbach');
insert into city(region_id, name) values (378, 'Bad Kissingen');
insert into city(region_id, name) values (378, 'Bad Knigshofen im Grabfeld');
insert into city(region_id, name) values (378, 'Bad Neustadt an der Saale');
insert into city(region_id, name) values (378, 'Bad Reichenhall');
insert into city(region_id, name) values (378, 'Bad Rodach');
insert into city(region_id, name) values (378, 'Bad Tlz');
insert into city(region_id, name) values (378, 'Bad Windsheim');
insert into city(region_id, name) values (378, 'Bad Wrishofen');
insert into city(region_id, name) values (378, 'Baiern');
insert into city(region_id, name) values (378, 'Bamberg');
insert into city(region_id, name) values (378, 'Brnau');
insert into city(region_id, name) values (378, 'Baunach');
insert into city(region_id, name) values (378, 'Bayerisch Eisenstein');
insert into city(region_id, name) values (378, 'Bayerisch Gmain');
insert into city(region_id, name) values (378, 'Bayreuth');
insert into city(region_id, name) values (378, 'Berchtesgaden');
insert into city(region_id, name) values (378, 'Berg (82335)');
insert into city(region_id, name) values (378, 'Berg bei Neumarkt in der Oberpfalz');
insert into city(region_id, name) values (378, 'Bindlach');
insert into city(region_id, name) values (378, 'Bischofsheim an der Rhn');
insert into city(region_id, name) values (378, 'Bbing');
insert into city(region_id, name) values (378, 'Bobingen');
insert into city(region_id, name) values (378, 'Bodenkirchen');
insert into city(region_id, name) values (378, 'Bodenwhr');
insert into city(region_id, name) values (378, 'Bogen');
insert into city(region_id, name) values (378, 'Bonstetten');
insert into city(region_id, name) values (378, 'Boos');
insert into city(region_id, name) values (378, 'Bruck');
insert into city(region_id, name) values (378, 'Bruckmhl');
insert into city(region_id, name) values (378, 'Buchloe');
insert into city(region_id, name) values (378, 'Burgau');
insert into city(region_id, name) values (378, 'Burghausen');
insert into city(region_id, name) values (378, 'Burgkirchen an der Alz');
insert into city(region_id, name) values (378, 'Burgkunstadt');
insert into city(region_id, name) values (378, 'Burglengenfeld');
insert into city(region_id, name) values (378, 'Cadolzburg');
insert into city(region_id, name) values (378, 'Cham');
insert into city(region_id, name) values (378, 'Chamerau');
insert into city(region_id, name) values (378, 'Coburg');
insert into city(region_id, name) values (378, 'Creuen');
insert into city(region_id, name) values (378, 'Dachau');
insert into city(region_id, name) values (378, 'Dasing');
insert into city(region_id, name) values (378, 'Deggendorf');
insert into city(region_id, name) values (378, 'Denkendorf');
insert into city(region_id, name) values (378, 'Dillingen an der Donau');
insert into city(region_id, name) values (378, 'Dingolfing');
insert into city(region_id, name) values (378, 'Dinkelsbhl');
insert into city(region_id, name) values (378, 'Dittelbrunn');
insert into city(region_id, name) values (378, 'Donauwrth');
insert into city(region_id, name) values (378, 'Drfles-Esbach');
insert into city(region_id, name) values (378, 'Duggendorf');
insert into city(region_id, name) values (378, 'Durach');
insert into city(region_id, name) values (378, 'Eching (84174)');
insert into city(region_id, name) values (378, 'Eggenfelden');
insert into city(region_id, name) values (378, 'Eichsttt');
insert into city(region_id, name) values (378, 'Eiselfing');
insert into city(region_id, name) values (378, 'Elsenfeld');
insert into city(region_id, name) values (378, 'Eltmann');
insert into city(region_id, name) values (378, 'Erding');
insert into city(region_id, name) values (378, 'Ergersheim');
insert into city(region_id, name) values (378, 'Erlangen');
insert into city(region_id, name) values (378, 'Erlenbach am Main');
insert into city(region_id, name) values (378, 'Essenbach');
insert into city(region_id, name) values (378, 'Feucht');
insert into city(region_id, name) values (378, 'Feuchtwangen');
insert into city(region_id, name) values (378, 'Fichtelberg');
insert into city(region_id, name) values (378, 'Forchheim');
insert into city(region_id, name) values (378, 'Forheim');
insert into city(region_id, name) values (378, 'Freilassing');
insert into city(region_id, name) values (378, 'Freising');
insert into city(region_id, name) values (378, 'Frickenhausen am Main');
insert into city(region_id, name) values (378, 'Friedberg');
insert into city(region_id, name) values (378, 'Fuchsstadt');
insert into city(region_id, name) values (378, 'Frstenfeldbruck');
insert into city(region_id, name) values (378, 'Frth');
insert into city(region_id, name) values (378, 'Furth');
insert into city(region_id, name) values (378, 'Furth im Wald');
insert into city(region_id, name) values (378, 'Fssen');
insert into city(region_id, name) values (378, 'Gdheim');
insert into city(region_id, name) values (378, 'Gaimersheim');
insert into city(region_id, name) values (378, 'Garching an der Alz');
insert into city(region_id, name) values (378, 'Garmisch-Partenkirchen');
insert into city(region_id, name) values (378, 'Gefrees');
insert into city(region_id, name) values (378, 'Geiselwind');
insert into city(region_id, name) values (378, 'Gemnden am Main');
insert into city(region_id, name) values (378, 'Geretsried');
insert into city(region_id, name) values (378, 'Germering');
insert into city(region_id, name) values (378, 'Geroda');
insert into city(region_id, name) values (378, 'Gerolzhofen');
insert into city(region_id, name) values (378, 'Gersthofen');
insert into city(region_id, name) values (378, 'Glonn');
insert into city(region_id, name) values (378, 'Gochsheim');
insert into city(region_id, name) values (378, 'Graben');
insert into city(region_id, name) values (378, 'Grafenau');
insert into city(region_id, name) values (378, 'Grafenrheinfeld');
insert into city(region_id, name) values (378, 'Grafenwhr');
insert into city(region_id, name) values (378, 'Groenseebach');
insert into city(region_id, name) values (378, 'Gromehring');
insert into city(region_id, name) values (378, 'Groostheim');
insert into city(region_id, name) values (378, 'Grnwald');
insert into city(region_id, name) values (378, 'Gnzburg');
insert into city(region_id, name) values (378, 'Gunzenhausen');
insert into city(region_id, name) values (378, 'Haag');
insert into city(region_id, name) values (378, 'Hahnbach');
insert into city(region_id, name) values (378, 'Hammelburg');
insert into city(region_id, name) values (378, 'Hafurt');
insert into city(region_id, name) values (378, 'Hausham');
insert into city(region_id, name) values (378, 'Heilsbronn');
insert into city(region_id, name) values (378, 'Heimenkirch');
insert into city(region_id, name) values (378, 'Hemau');
insert into city(region_id, name) values (378, 'Hengersberg');
insert into city(region_id, name) values (378, 'Heroldsberg');
insert into city(region_id, name) values (378, 'Hersbruck');
insert into city(region_id, name) values (378, 'Herzogenaurach');
insert into city(region_id, name) values (378, 'Hilpoltstein');
insert into city(region_id, name) values (378, 'Himmelstadt');
insert into city(region_id, name) values (378, 'Hirschaid');
insert into city(region_id, name) values (378, 'Hchstadt an der Aisch');
insert into city(region_id, name) values (378, 'Hchstdt an der Donau');
insert into city(region_id, name) values (378, 'Hof');
insert into city(region_id, name) values (378, 'Holzkirchen (83607)');
insert into city(region_id, name) values (378, 'Ichenhausen');
insert into city(region_id, name) values (378, 'Igling');
insert into city(region_id, name) values (378, 'Illertissen');
insert into city(region_id, name) values (378, 'Immenstadt im Allgu');
insert into city(region_id, name) values (378, 'Ingolstadt');
insert into city(region_id, name) values (378, 'Innernzell');
insert into city(region_id, name) values (378, 'Iphofen');
insert into city(region_id, name) values (378, 'Irschenberg');
insert into city(region_id, name) values (378, 'Kaisheim');
insert into city(region_id, name) values (378, 'Kammeltal');
insert into city(region_id, name) values (378, 'Karlstadt');
insert into city(region_id, name) values (378, 'Kaufbeuren');
insert into city(region_id, name) values (378, 'Kaufering');
insert into city(region_id, name) values (378, 'Kelheim');
insert into city(region_id, name) values (378, 'Kellmnz');
insert into city(region_id, name) values (378, 'Kempten');
insert into city(region_id, name) values (378, 'Kinsau');
insert into city(region_id, name) values (378, 'Kirchdorf am Inn');
insert into city(region_id, name) values (378, 'Kirchheim in Schwaben');
insert into city(region_id, name) values (378, 'Kist');
insert into city(region_id, name) values (378, 'Kitzingen');
insert into city(region_id, name) values (378, 'Knetzgau');
insert into city(region_id, name) values (378, 'Kfering');
insert into city(region_id, name) values (378, 'Kolbermoor');
insert into city(region_id, name) values (378, 'Knigsbrunn');
insert into city(region_id, name) values (378, 'Ksching');
insert into city(region_id, name) values (378, 'Kronach');
insert into city(region_id, name) values (378, 'Krumbach');
insert into city(region_id, name) values (378, 'Kulmbach');
insert into city(region_id, name) values (378, 'Kps');
insert into city(region_id, name) values (378, 'Lalling');
insert into city(region_id, name) values (378, 'Landau an der Isar');
insert into city(region_id, name) values (378, 'Landsberg am Lech');
insert into city(region_id, name) values (378, 'Landshut');
insert into city(region_id, name) values (378, 'Langquaid');
insert into city(region_id, name) values (378, 'Lauf an der Pegnitz');
insert into city(region_id, name) values (378, 'Lauingen (Donau)');
insert into city(region_id, name) values (378, 'Lehrberg');
insert into city(region_id, name) values (378, 'Leipheim');
insert into city(region_id, name) values (378, 'Lichtenfels');
insert into city(region_id, name) values (378, 'Lindau (Bodensee)');
insert into city(region_id, name) values (378, 'Lindenberg im Allgu');
insert into city(region_id, name) values (378, 'Mainaschaff');
insert into city(region_id, name) values (378, 'Mainburg');
insert into city(region_id, name) values (378, 'Mainleus');
insert into city(region_id, name) values (378, 'Mallersdorf-Pfaffenberg');
insert into city(region_id, name) values (378, 'Mamming');
insert into city(region_id, name) values (378, 'Manching');
insert into city(region_id, name) values (378, 'Marktheidenfeld');
insert into city(region_id, name) values (378, 'Marktoberdorf');
insert into city(region_id, name) values (378, 'Marktredwitz');
insert into city(region_id, name) values (378, 'Massing');
insert into city(region_id, name) values (378, 'Mellrichstadt');
insert into city(region_id, name) values (378, 'Memmingen');
insert into city(region_id, name) values (378, 'Memmingerberg');
insert into city(region_id, name) values (378, 'Mering');
insert into city(region_id, name) values (378, 'Merkendorf');
insert into city(region_id, name) values (378, 'Metten');
insert into city(region_id, name) values (378, 'Michelsneukirchen');
insert into city(region_id, name) values (378, 'Miesbach');
insert into city(region_id, name) values (378, 'Miltenberg');
insert into city(region_id, name) values (378, 'Mindelheim');
insert into city(region_id, name) values (378, 'Mitterteich');
insert into city(region_id, name) values (378, 'Mmbris');
insert into city(region_id, name) values (378, 'Moorenweis');
insert into city(region_id, name) values (378, 'Mhldorf am Inn');
insert into city(region_id, name) values (378, 'Mnchberg');
insert into city(region_id, name) values (378, 'Mnchen');
insert into city(region_id, name) values (378, 'Mnnerstadt');
insert into city(region_id, name) values (378, 'Mnster');
insert into city(region_id, name) values (378, 'Nabburg');
insert into city(region_id, name) values (378, 'Naila');
insert into city(region_id, name) values (378, 'Neu-Ulm');
insert into city(region_id, name) values (378, 'Neubiberg');
insert into city(region_id, name) values (378, 'Neuburg an der Donau');
insert into city(region_id, name) values (378, 'Neuendettelsau');
insert into city(region_id, name) values (378, 'Neumarkt in der Oberpfalz');
insert into city(region_id, name) values (378, 'Neumarkt-Sankt Veit');
insert into city(region_id, name) values (378, 'Neunburg vorm Wald');
insert into city(region_id, name) values (378, 'Neutting');
insert into city(region_id, name) values (378, 'Neuried');
insert into city(region_id, name) values (378, 'Neus');
insert into city(region_id, name) values (378, 'Neustadt an der Aisch');
insert into city(region_id, name) values (378, 'Neustadt an der Donau');
insert into city(region_id, name) values (378, 'Neustadt an der Waldnaab');
insert into city(region_id, name) values (378, 'Neustadt bei Coburg');
insert into city(region_id, name) values (378, 'Neutraubling');
insert into city(region_id, name) values (378, 'Niederwerrn');
insert into city(region_id, name) values (378, 'Nittenau');
insert into city(region_id, name) values (378, 'Nittendorf');
insert into city(region_id, name) values (378, 'Nrdlingen');
insert into city(region_id, name) values (378, 'Ndlingen');
insert into city(region_id, name) values (378, 'Nrnberg');
insert into city(region_id, name) values (378, 'Nudorf am Inn');
insert into city(region_id, name) values (378, 'Oberaudorf');
insert into city(region_id, name) values (378, 'Oberhaid');
insert into city(region_id, name) values (378, 'Obernbreit');
insert into city(region_id, name) values (378, 'Oberndorf am Lech');
insert into city(region_id, name) values (378, 'Obernzenn');
insert into city(region_id, name) values (378, 'Oberschleiheim');
insert into city(region_id, name) values (378, 'Oberstaufen');
insert into city(region_id, name) values (378, 'Oberviechtach');
insert into city(region_id, name) values (378, 'Ochsenfurt');
insert into city(region_id, name) values (378, 'Oerlenbach');
insert into city(region_id, name) values (378, 'Oettingen in Bayern');
insert into city(region_id, name) values (378, 'Ottobeuren');
insert into city(region_id, name) values (378, 'Ottobrunn');
insert into city(region_id, name) values (378, 'Passau');
insert into city(region_id, name) values (378, 'Pegnitz');
insert into city(region_id, name) values (378, 'Peiting');
insert into city(region_id, name) values (378, 'Pentling');
insert into city(region_id, name) values (378, 'Penzberg');
insert into city(region_id, name) values (378, 'Pfaffenhofen an der Ilm');
insert into city(region_id, name) values (378, 'Pfarrkirchen');
insert into city(region_id, name) values (378, 'Pilsach');
insert into city(region_id, name) values (378, 'Plattling');
insert into city(region_id, name) values (378, 'Pocking');
insert into city(region_id, name) values (378, 'Prien am Chiemsee');
insert into city(region_id, name) values (378, 'Randersacker');
insert into city(region_id, name) values (378, 'Rednitzhembach');
insert into city(region_id, name) values (378, 'Regen');
insert into city(region_id, name) values (378, 'Regensburg');
insert into city(region_id, name) values (378, 'Regenstauf');
insert into city(region_id, name) values (378, 'Reisbach');
insert into city(region_id, name) values (378, 'Riedenburg');
insert into city(region_id, name) values (378, 'Roding');
insert into city(region_id, name) values (378, 'Rosenheim');
insert into city(region_id, name) values (378, 'Robach');
insert into city(region_id, name) values (378, 'Roth');
insert into city(region_id, name) values (378, 'Rothenburg ob der Tauber');
insert into city(region_id, name) values (378, 'Ruhstorf an der Rott');
insert into city(region_id, name) values (378, 'Scheinfeld');
insert into city(region_id, name) values (378, 'Schlsselfeld');
insert into city(region_id, name) values (378, 'Schmidmhlen');
insert into city(region_id, name) values (378, 'Schnberg (94513)');
insert into city(region_id, name) values (378, 'Schongau');
insert into city(region_id, name) values (378, 'Schnsee');
insert into city(region_id, name) values (378, 'Schrobenhausen');
insert into city(region_id, name) values (378, 'Schwabach');
insert into city(region_id, name) values (378, 'Schwabmnchen');
insert into city(region_id, name) values (378, 'Schwandorf');
insert into city(region_id, name) values (378, 'Schwanstetten');
insert into city(region_id, name) values (378, 'Schwarzach');
insert into city(region_id, name) values (378, 'Schwarzenfeld');
insert into city(region_id, name) values (378, 'Schwebheim');
insert into city(region_id, name) values (378, 'Schweinfurt');
insert into city(region_id, name) values (378, 'Selb');
insert into city(region_id, name) values (378, 'Senden');
insert into city(region_id, name) values (378, 'Sennfeld');
insert into city(region_id, name) values (378, 'Simbach am Inn');
insert into city(region_id, name) values (378, 'Sommerhausen');
insert into city(region_id, name) values (378, 'Sonthofen');
insert into city(region_id, name) values (378, 'Stammham (84533)');
insert into city(region_id, name) values (378, 'Starnberg');
insert into city(region_id, name) values (378, 'Stein bei Nrnberg');
insert into city(region_id, name) values (378, 'Straubing');
insert into city(region_id, name) values (378, 'Sulzbach am Main');
insert into city(region_id, name) values (378, 'Sulzbach-Rosenberg');
insert into city(region_id, name) values (378, 'Tacherting');
insert into city(region_id, name) values (378, 'Teisnach');
insert into city(region_id, name) values (378, 'Thannhausen');
insert into city(region_id, name) values (378, 'Thanstein');
insert into city(region_id, name) values (378, 'Tirschenreuth');
insert into city(region_id, name) values (378, 'Tittmoning');
insert into city(region_id, name) values (378, 'Tging am Inn');
insert into city(region_id, name) values (378, 'Traunreut');
insert into city(region_id, name) values (378, 'Traunstein');
insert into city(region_id, name) values (378, 'Treuchtlingen');
insert into city(region_id, name) values (378, 'Trostberg');
insert into city(region_id, name) values (378, 'Trkheim');
insert into city(region_id, name) values (378, 'Tussenhausen');
insert into city(region_id, name) values (378, 'Uffenheim');
insert into city(region_id, name) values (378, 'Unterhaching');
insert into city(region_id, name) values (378, 'Untersteinach');
insert into city(region_id, name) values (378, 'Viechtach');
insert into city(region_id, name) values (378, 'Vilseck');
insert into city(region_id, name) values (378, 'Vilshofen');
insert into city(region_id, name) values (378, 'Vohenstrau');
insert into city(region_id, name) values (378, 'Vhringen');
insert into city(region_id, name) values (378, 'Waldkraiburg');
insert into city(region_id, name) values (378, 'Wallersdorf');
insert into city(region_id, name) values (378, 'Wasserburg am Inn');
insert into city(region_id, name) values (378, 'Wassertrdingen');
insert into city(region_id, name) values (378, 'Weiden');
insert into city(region_id, name) values (378, 'Weilheim in Oberbayern');
insert into city(region_id, name) values (378, 'Weienburg in Bayern');
insert into city(region_id, name) values (378, 'Weienhorn');
insert into city(region_id, name) values (378, 'Weiensberg');
insert into city(region_id, name) values (378, 'Welden');
insert into city(region_id, name) values (378, 'Wemding');
insert into city(region_id, name) values (378, 'Wernberg-Kblitz');
insert into city(region_id, name) values (378, 'Wertach');
insert into city(region_id, name) values (378, 'Wiggensbach');
insert into city(region_id, name) values (378, 'Wildflecken');
insert into city(region_id, name) values (378, 'Windsbach');
insert into city(region_id, name) values (378, 'Winhring');
insert into city(region_id, name) values (378, 'Wittibreut');
insert into city(region_id, name) values (378, 'Wolnzach');
insert into city(region_id, name) values (378, 'Wrth an der Donau');
insert into city(region_id, name) values (378, 'Wunsiedel');
insert into city(region_id, name) values (378, 'Wrzburg');
insert into city(region_id, name) values (378, 'Zeil am Main');
insert into city(region_id, name) values (378, 'Zell am Main');
insert into city(region_id, name) values (378, 'Zellingen');
insert into city(region_id, name) values (378, 'Zirndorf');
insert into city(region_id, name) values (378, 'Zwiesel');
insert into city(region_id, name) values (393, 'Sent-Piter-Port');
insert into region(id, country_id, name) values (394, 54, 'Gibraltar');
insert into city(region_id, name) values (54, 'Alapaevsk');
insert into city(region_id, name) values (54, 'Altynai');
insert into city(region_id, name) values (54, 'Aramil');
insert into city(region_id, name) values (54, 'Artemovskii (Sverdlovskaya obl.)');
insert into city(region_id, name) values (54, 'Arti');
insert into city(region_id, name) values (54, 'Asbest');
insert into city(region_id, name) values (54, 'Achit');
insert into city(region_id, name) values (54, 'Baikalovo');
insert into city(region_id, name) values (54, 'Basyanovskii');
insert into city(region_id, name) values (54, 'Beloyarskii (Sverdlovskaya obl.)');
insert into city(region_id, name) values (54, 'Berezovskii (Sverdlovskaya obl.)');
insert into city(region_id, name) values (54, 'Bisert');
insert into city(region_id, name) values (54, 'Bogdanovich');
insert into city(region_id, name) values (54, 'Bulanash');
insert into city(region_id, name) values (54, 'Verhnii Tagil');
insert into city(region_id, name) values (54, 'Verhnyaya Pyshma');
insert into city(region_id, name) values (54, 'Verhnyaya Salda');
insert into city(region_id, name) values (54, 'Verhnyaya Sinyachiha');
insert into city(region_id, name) values (54, 'Verhnyaya Sysert');
insert into city(region_id, name) values (54, 'Verhnyaya Tura');
insert into city(region_id, name) values (54, 'Verhoture');
insert into city(region_id, name) values (54, 'Visim');
insert into city(region_id, name) values (54, 'Volchansk');
insert into city(region_id, name) values (54, 'Gari');
insert into city(region_id, name) values (54, 'Degtyarsk');
insert into city(region_id, name) values (54, 'Ekaterinburg');
insert into city(region_id, name) values (54, 'Ertarskii');
insert into city(region_id, name) values (54, 'Zavodouspenskoe');
insert into city(region_id, name) values (54, 'Zarechnyi');
insert into city(region_id, name) values (54, 'Ivdel');
insert into city(region_id, name) values (54, 'Izumrud');
insert into city(region_id, name) values (54, 'Irbit');
insert into city(region_id, name) values (54, 'Is');
insert into city(region_id, name) values (54, 'Kamensk-Uralskii');
insert into city(region_id, name) values (54, 'Kamyshlov');
insert into city(region_id, name) values (54, 'Karpinsk');
insert into city(region_id, name) values (54, 'Kachkanar');
insert into city(region_id, name) values (54, 'Kirovgrad');
insert into city(region_id, name) values (54, 'Krasnoturinsk');
insert into city(region_id, name) values (54, 'Krasnouralsk');
insert into city(region_id, name) values (54, 'Krasnoufimsk');
insert into city(region_id, name) values (54, 'Kushva');
insert into city(region_id, name) values (54, 'Lesnoi');
insert into city(region_id, name) values (54, 'Mihailovsk');
insert into city(region_id, name) values (54, 'Nevyansk');
insert into city(region_id, name) values (54, 'Nijnie Sergi');
insert into city(region_id, name) values (54, 'Nijnii Tagil');
insert into city(region_id, name) values (54, 'Nijnyaya Salda');
insert into city(region_id, name) values (54, 'Nijnyaya Tura');
insert into city(region_id, name) values (54, 'Novaya Lyalya');
insert into city(region_id, name) values (54, 'Novouralsk');
insert into city(region_id, name) values (54, 'Novouralsk (Sverdlovskaya obl.)');
insert into city(region_id, name) values (54, 'Ous');
insert into city(region_id, name) values (54, 'Pervouralsk');
insert into city(region_id, name) values (54, 'Polevskoi');
insert into city(region_id, name) values (54, 'Pyshma');
insert into city(region_id, name) values (54, 'Revda (Sverdlovskaya obl.)');
insert into city(region_id, name) values (54, 'Rej');
insert into city(region_id, name) values (54, 'Reftinsk');
insert into city(region_id, name) values (54, 'Sverdlovsk');
insert into city(region_id, name) values (54, 'Severouralsk');
insert into city(region_id, name) values (54, 'Serov');
insert into city(region_id, name) values (54, 'Sosva');
insert into city(region_id, name) values (54, 'Sredneuralsk');
insert into city(region_id, name) values (54, 'Suhoi Log');
insert into city(region_id, name) values (54, 'Sysert');
insert into city(region_id, name) values (54, 'Tabory');
insert into city(region_id, name) values (54, 'Tavda');
insert into city(region_id, name) values (54, 'Talica');
insert into city(region_id, name) values (54, 'Tugulym');
insert into city(region_id, name) values (54, 'Turinsk');
insert into city(region_id, name) values (54, 'Turinskaya Sloboda');
insert into city(region_id, name) values (241, 'Jambol');
insert into city(region_id, name) values (241, 'Yambol');
insert into city(region_id, name) values (298, 'Barry');
insert into city(region_id, name) values (298, 'Blackwood');
insert into city(region_id, name) values (298, 'Bridgend');
insert into city(region_id, name) values (298, 'Cardiff');
insert into city(region_id, name) values (298, 'Carmarthen');
insert into city(region_id, name) values (298, 'Lampeter');
insert into city(region_id, name) values (298, 'Llanelli');
insert into city(region_id, name) values (298, 'Newport');
insert into city(region_id, name) values (298, 'Port Talbot');
insert into city(region_id, name) values (298, 'Swansea');
insert into city(region_id, name) values (314, 'Alsodabasi Szolok');
insert into city(region_id, name) values (314, 'Bag');
insert into city(region_id, name) values (314, 'Budakeszi');
insert into city(region_id, name) values (314, 'Budars');
insert into city(region_id, name) values (314, 'Cegld');
insert into city(region_id, name) values (314, 'rd');
insert into city(region_id, name) values (314, 'Monor');
insert into city(region_id, name) values (314, 'Nagykta');
insert into city(region_id, name) values (314, 'Nagykoros');
insert into city(region_id, name) values (314, 'Pilisszentkereszt');
insert into city(region_id, name) values (314, 'Selekta');
insert into city(region_id, name) values (314, 'Vc');
insert into city(region_id, name) values (336, 'Boca de Taguay');
insert into city(region_id, name) values (336, 'Cabeza de Tigre');
insert into city(region_id, name) values (336, 'Ca');
insert into city(region_id, name) values (336, 'Los Teques');
insert into city(region_id, name) values (336, 'Petare');
insert into city(region_id, name) values (369, 'Brigada');
insert into city(region_id, name) values (369, 'Ciudad de Guatemala');
insert into city(region_id, name) values (369, 'Guatemala');
insert into city(region_id, name) values (369, 'Guatemala City');
insert into city(region_id, name) values (369, 'Petapa');
insert into city(region_id, name) values (369, 'San Juan Sacatepquez');
insert into city(region_id, name) values (369, 'San Miguel Petapa');
insert into city(region_id, name) values (379, 'Berlin');
insert into city(region_id, name) values (394, 'Caleta');
insert into city(region_id, name) values (394, 'Catalan');
insert into city(region_id, name) values (394, 'Catalan Bay');
insert into city(region_id, name) values (394, 'Gibraltar');
insert into city(region_id, name) values (394, 'Rosia');
insert into city(region_id, name) values (394, 'Waterport');
insert into region(id, country_id, name) values (395, 55, 'Tegusigalpa');
insert into city(region_id, name) values (55, 'Alagir');
insert into city(region_id, name) values (55, 'Ardon');
insert into city(region_id, name) values (55, 'Beslan');
insert into city(region_id, name) values (55, 'Buron');
insert into city(region_id, name) values (55, 'Vladikavkaz');
insert into city(region_id, name) values (55, 'Digora');
insert into city(region_id, name) values (55, 'Mozdok');
insert into city(region_id, name) values (55, 'Ordjonikidze');
insert into city(region_id, name) values (55, 'CHikola');
insert into city(region_id, name) values (315, 'llskt');
insert into city(region_id, name) values (315, 'Kaposvr');
insert into city(region_id, name) values (315, 'Sifok');
insert into city(region_id, name) values (315, 'Tab');
insert into city(region_id, name) values (337, 'Amana');
insert into city(region_id, name) values (337, 'Maturn');
insert into city(region_id, name) values (337, 'Puente Punceres');
insert into city(region_id, name) values (370, 'Amate Blanco');
insert into city(region_id, name) values (380, 'Ahrensfelde');
insert into city(region_id, name) values (380, 'Alt Tucheband');
insert into city(region_id, name) values (380, 'Alt Zauche');
insert into city(region_id, name) values (380, 'Altenhof');
insert into city(region_id, name) values (380, 'Altglietzen');
insert into city(region_id, name) values (380, 'Altlandsberg');
insert into city(region_id, name) values (380, 'Arenzhain');
insert into city(region_id, name) values (380, 'Babben');
insert into city(region_id, name) values (380, 'Bad Freienwalde');
insert into city(region_id, name) values (380, 'Bad Liebenwerda');
insert into city(region_id, name) values (380, 'Bad Saarow');
insert into city(region_id, name) values (380, 'Bad Wilsnack');
insert into city(region_id, name) values (380, 'Brenklau');
insert into city(region_id, name) values (380, 'Basdorf');
insert into city(region_id, name) values (380, 'Beelitz');
insert into city(region_id, name) values (380, 'Beiersdorf-Freudenberg');
insert into city(region_id, name) values (380, 'Belzig');
insert into city(region_id, name) values (380, 'Bernau');
insert into city(region_id, name) values (380, 'Bliesdorf');
insert into city(region_id, name) values (380, 'Brandenburg an der Havel');
insert into city(region_id, name) values (380, 'Cottbus');
insert into city(region_id, name) values (380, 'Doberlug-Kirchhain');
insert into city(region_id, name) values (380, 'Drewitz');
insert into city(region_id, name) values (380, 'Eberswalde');
insert into city(region_id, name) values (380, 'Eisenhttenstadt');
insert into city(region_id, name) values (380, 'Elsterwerda');
insert into city(region_id, name) values (380, 'Fahrland');
insert into city(region_id, name) values (380, 'Falkensee');
insert into city(region_id, name) values (380, 'Finsterwalde');
insert into city(region_id, name) values (380, 'Forst (Lausitz)');
insert into city(region_id, name) values (380, 'Frankfurt (Oder)');
insert into city(region_id, name) values (380, 'Frstenwalde/Spree');
insert into city(region_id, name) values (380, 'Gartz (Oder)');
insert into city(region_id, name) values (380, 'Grobeeren');
insert into city(region_id, name) values (380, 'Grorschen');
insert into city(region_id, name) values (380, 'Guben');
insert into city(region_id, name) values (380, 'Guhrow');
insert into city(region_id, name) values (380, 'Helle');
insert into city(region_id, name) values (380, 'Hermsdorf');
insert into city(region_id, name) values (380, 'Herzberg (Elster)');
insert into city(region_id, name) values (380, 'Hohen Neuendorf');
insert into city(region_id, name) values (380, 'Jterbog');
insert into city(region_id, name) values (380, 'Kasel-Golzig');
insert into city(region_id, name) values (380, 'Kehrberg');
insert into city(region_id, name) values (380, 'Kloster Lehnin');
insert into city(region_id, name) values (380, 'Knigs Wusterhausen');
insert into city(region_id, name) values (380, 'Kyritz');
insert into city(region_id, name) values (380, 'Kyritz');
insert into city(region_id, name) values (380, 'Lauchhammer');
insert into city(region_id, name) values (380, 'Lbben (Spreewald)');
insert into city(region_id, name) values (380, 'Lbbenau/Spreewald');
insert into city(region_id, name) values (380, 'Luckau');
insert into city(region_id, name) values (380, 'Luckenwalde');
insert into city(region_id, name) values (380, 'Neuhardenberg');
insert into city(region_id, name) values (380, 'Neuruppin');
insert into city(region_id, name) values (380, 'Oranienburg');
insert into city(region_id, name) values (380, 'Ponnsdorf');
insert into city(region_id, name) values (380, 'Potsdam');
insert into city(region_id, name) values (380, 'Prenzlau');
insert into city(region_id, name) values (380, 'Rathenow');
insert into city(region_id, name) values (380, 'Schlieben');
insert into city(region_id, name) values (380, 'Schneiche');
insert into city(region_id, name) values (380, 'Schwarzheide');
insert into city(region_id, name) values (380, 'Schwedt/Oder');
insert into city(region_id, name) values (380, 'Seelow');
insert into city(region_id, name) values (380, 'Senftenberg');
insert into city(region_id, name) values (380, 'Sonnenberg');
insert into city(region_id, name) values (380, 'Spremberg');
insert into city(region_id, name) values (380, 'Strausberg');
insert into city(region_id, name) values (380, 'Teltow');
insert into city(region_id, name) values (380, 'Templin');
insert into city(region_id, name) values (380, 'Wittenberge');
insert into city(region_id, name) values (380, 'Wittstock/Dosse');
insert into city(region_id, name) values (380, 'Wusterhausen (Dosse)');
insert into city(region_id, name) values (380, 'Zehdenick');
insert into city(region_id, name) values (380, 'Zossen');
insert into city(region_id, name) values (395, 'Tegusigalpa');
insert into region(id, country_id, name) values (396, 56, 'Gonkong');
insert into city(region_id, name) values (56, 'Velij');
insert into city(region_id, name) values (56, 'Verhnedneprovskii');
insert into city(region_id, name) values (56, 'Vorga');
insert into city(region_id, name) values (56, 'Vyazma');
insert into city(region_id, name) values (56, 'Gagarin');
insert into city(region_id, name) values (56, 'Glinka');
insert into city(region_id, name) values (56, 'Golynki');
insert into city(region_id, name) values (56, 'Demidov');
insert into city(region_id, name) values (56, 'Desnogorsk');
insert into city(region_id, name) values (56, 'Dorogobuj');
insert into city(region_id, name) values (56, 'Duhovschina');
insert into city(region_id, name) values (56, 'Elnya');
insert into city(region_id, name) values (56, 'Ershichi');
insert into city(region_id, name) values (56, 'Izdeshkovo');
insert into city(region_id, name) values (56, 'Kardymovo');
insert into city(region_id, name) values (56, 'Krasnyi');
insert into city(region_id, name) values (56, 'Monastyrschina');
insert into city(region_id, name) values (56, 'Novodugino');
insert into city(region_id, name) values (56, 'Pochinok');
insert into city(region_id, name) values (56, 'Roslavl');
insert into city(region_id, name) values (56, 'Rudnya');
insert into city(region_id, name) values (56, 'Safonovo');
insert into city(region_id, name) values (56, 'Smolensk');
insert into city(region_id, name) values (56, 'Sychevka');
insert into city(region_id, name) values (56, 'Ugra');
insert into city(region_id, name) values (56, 'Hislavichi');
insert into city(region_id, name) values (56, 'Holm-Jirkovskii');
insert into city(region_id, name) values (56, 'SHumyachi');
insert into city(region_id, name) values (56, 'YArcevo');
insert into city(region_id, name) values (316, 'Kisvrda');
insert into city(region_id, name) values (316, 'Mtszalka');
insert into city(region_id, name) values (316, 'Nyregyhza');
insert into city(region_id, name) values (338, 'La Brea');
insert into city(region_id, name) values (371, 'Can');
insert into city(region_id, name) values (381, 'Bremen');
insert into city(region_id, name) values (381, 'Bremerhaven');
insert into city(region_id, name) values (396, 'Gonkong');
insert into region(id, country_id, name) values (397, 57, 'Sent-Djordjes');
insert into city(region_id, name) values (57, 'Aleksandrovskoe (Stavropol.)');
insert into city(region_id, name) values (57, 'Arzgir');
insert into city(region_id, name) values (57, 'Blagodarnyi');
insert into city(region_id, name) values (57, 'Budennovsk');
insert into city(region_id, name) values (57, 'Georgievsk');
insert into city(region_id, name) values (57, 'Divnoe (Stavropolskii krai)');
insert into city(region_id, name) values (57, 'Dombai');
insert into city(region_id, name) values (57, 'Donskoe');
insert into city(region_id, name) values (57, 'Essentuki');
insert into city(region_id, name) values (57, 'Jeleznovodsk(Stavropolskii)');
insert into city(region_id, name) values (57, 'Zelenokumsk');
insert into city(region_id, name) values (57, 'Izobilnyi');
insert into city(region_id, name) values (57, 'Inozemcevo');
insert into city(region_id, name) values (57, 'Ipatovo');
insert into city(region_id, name) values (57, 'Karachaevsk');
insert into city(region_id, name) values (57, 'Kislovodsk');
insert into city(region_id, name) values (57, 'Kochubeevskoe');
insert into city(region_id, name) values (57, 'Krasnogvardeiskoe (Stavropol.)');
insert into city(region_id, name) values (57, 'Kursavka');
insert into city(region_id, name) values (57, 'Levokumskoe');
insert into city(region_id, name) values (57, 'Lermontov');
insert into city(region_id, name) values (57, 'Mineralnye Vody');
insert into city(region_id, name) values (57, 'Mihailovsk');
insert into city(region_id, name) values (57, 'Nevinnomyssk');
insert into city(region_id, name) values (57, 'Neftekumsk');
insert into city(region_id, name) values (57, 'Novoaleksandrovsk');
insert into city(region_id, name) values (57, 'Novoaleksandrovskaya');
insert into city(region_id, name) values (57, 'Novopavlovsk');
insert into city(region_id, name) values (57, 'Novoselickoe');
insert into city(region_id, name) values (57, 'Pregradnaya');
insert into city(region_id, name) values (57, 'Pyatigorsk');
insert into city(region_id, name) values (57, 'Svetlograd');
insert into city(region_id, name) values (57, 'Solnechnodolsk');
insert into city(region_id, name) values (57, 'Stavropol');
insert into city(region_id, name) values (57, 'Stepnoe (Stavropolskii krai)');
insert into city(region_id, name) values (57, 'Teberda');
insert into city(region_id, name) values (57, 'Ust-Djeguta');
insert into city(region_id, name) values (57, 'Habez');
insert into city(region_id, name) values (57, 'CHerkessk');
insert into city(region_id, name) values (317, 'Kiskundorozsma');
insert into city(region_id, name) values (317, 'Szeged');
insert into city(region_id, name) values (339, 'Agua de Vaca');
insert into city(region_id, name) values (339, 'Bella Vista');
insert into city(region_id, name) values (339, 'El Agua');
insert into city(region_id, name) values (339, 'El Pilar');
insert into city(region_id, name) values (339, 'El Valle');
insert into city(region_id, name) values (339, 'Porlamar');
insert into city(region_id, name) values (372, 'Quetzaltenango');
insert into city(region_id, name) values (382, 'Hamburg');
insert into city(region_id, name) values (397, 'Sent-Djordjes');
insert into region(id, country_id, name) values (398, 58, 'Grenlandiya');
insert into city(region_id, name) values (58, 'Bondari');
insert into city(region_id, name) values (58, 'Gavrilovka Vtoraya');
insert into city(region_id, name) values (58, 'Jerdevka');
insert into city(region_id, name) values (58, 'Znamenka');
insert into city(region_id, name) values (58, 'Injavino');
insert into city(region_id, name) values (58, 'Kirsanov');
insert into city(region_id, name) values (58, 'Kotovsk');
insert into city(region_id, name) values (58, 'Michurinsk');
insert into city(region_id, name) values (58, 'Mordovo');
insert into city(region_id, name) values (58, 'Morshansk');
insert into city(region_id, name) values (58, 'Muchkapskii');
insert into city(region_id, name) values (58, 'Pervomaiskii (Tambovskaya obl.)');
insert into city(region_id, name) values (58, 'Petrovskoe');
insert into city(region_id, name) values (58, 'Pichaevo');
insert into city(region_id, name) values (58, 'Rasskazovo');
insert into city(region_id, name) values (58, 'Rjaksa');
insert into city(region_id, name) values (58, 'Sosnovka');
insert into city(region_id, name) values (58, 'Staroyurevo');
insert into city(region_id, name) values (58, 'Tambov');
insert into city(region_id, name) values (58, 'Tokarevka');
insert into city(region_id, name) values (58, 'Uvarovo');
insert into city(region_id, name) values (58, 'Umet');
insert into city(region_id, name) values (318, 'Alshdvg');
insert into city(region_id, name) values (318, 'Bonyhd');
insert into city(region_id, name) values (318, 'Dombvr');
insert into city(region_id, name) values (318, 'Szekszrd');
insert into city(region_id, name) values (340, 'Acarigua');
insert into city(region_id, name) values (373, 'Cinaga');
insert into city(region_id, name) values (373, 'San Cristbal');
insert into city(region_id, name) values (373, 'Totonicapn');
insert into city(region_id, name) values (383, 'Ahnatal');
insert into city(region_id, name) values (383, 'Alheim');
insert into city(region_id, name) values (383, 'Allendorf (Eder)');
insert into city(region_id, name) values (383, 'Allendorf (Lumda)');
insert into city(region_id, name) values (383, 'Alsbach-Hhnlein');
insert into city(region_id, name) values (383, 'Alsfeld');
insert into city(region_id, name) values (383, 'Altenstadt');
insert into city(region_id, name) values (383, 'Angelburg');
insert into city(region_id, name) values (383, 'Antrifttal');
insert into city(region_id, name) values (383, 'Alar');
insert into city(region_id, name) values (383, 'Babenhausen');
insert into city(region_id, name) values (383, 'Bad Arolsen');
insert into city(region_id, name) values (383, 'Bad Camberg');
insert into city(region_id, name) values (383, 'Bad Emstal');
insert into city(region_id, name) values (383, 'Bad Endbach');
insert into city(region_id, name) values (383, 'Bad Hersfeld');
insert into city(region_id, name) values (383, 'Bad Homburg vor der Hhe');
insert into city(region_id, name) values (383, 'Bad Knig');
insert into city(region_id, name) values (383, 'Bad Nauheim');
insert into city(region_id, name) values (383, 'Bad Orb');
insert into city(region_id, name) values (383, 'Bad Schwalbach');
insert into city(region_id, name) values (383, 'Bad Soden am Taunus');
insert into city(region_id, name) values (383, 'Bad Soden-Salmnster');
insert into city(region_id, name) values (383, 'Bad Sooden-Allendorf');
insert into city(region_id, name) values (383, 'Bad Vilbel');
insert into city(region_id, name) values (383, 'Bad Wildungen');
insert into city(region_id, name) values (383, 'Bad Zwesten');
insert into city(region_id, name) values (383, 'Battenberg (Eder)');
insert into city(region_id, name) values (383, 'Baunatal');
insert into city(region_id, name) values (383, 'Bebra');
insert into city(region_id, name) values (383, 'Bensheim');
insert into city(region_id, name) values (383, 'Berkatal');
insert into city(region_id, name) values (383, 'Beselich');
insert into city(region_id, name) values (383, 'Biblis');
insert into city(region_id, name) values (383, 'Biebergemnd');
insert into city(region_id, name) values (383, 'Biebesheim am Rhein');
insert into city(region_id, name) values (383, 'Biedenkopf');
insert into city(region_id, name) values (383, 'Birkenau');
insert into city(region_id, name) values (383, 'Birstein');
insert into city(region_id, name) values (383, 'Bischofsheim');
insert into city(region_id, name) values (383, 'Borken');
insert into city(region_id, name) values (383, 'Brachttal');
insert into city(region_id, name) values (383, 'Braunfels');
insert into city(region_id, name) values (383, 'Breidenbach');
insert into city(region_id, name) values (383, 'Bruchkbel');
insert into city(region_id, name) values (383, 'Bdingen');
insert into city(region_id, name) values (383, 'Brstadt');
insert into city(region_id, name) values (383, 'Buseck');
insert into city(region_id, name) values (383, 'Butzbach');
insert into city(region_id, name) values (383, 'Clbe');
insert into city(region_id, name) values (383, 'Darmstadt');
insert into city(region_id, name) values (383, 'Dieburg');
insert into city(region_id, name) values (383, 'Dietzenbach');
insert into city(region_id, name) values (383, 'Dillenburg');
insert into city(region_id, name) values (383, 'Dipperz');
insert into city(region_id, name) values (383, 'Dornburg');
insert into city(region_id, name) values (383, 'Edertal');
insert into city(region_id, name) values (383, 'Ehringshausen');
insert into city(region_id, name) values (383, 'Elbtal');
insert into city(region_id, name) values (383, 'Eltville am Rhein');
insert into city(region_id, name) values (383, 'Elz');
insert into city(region_id, name) values (383, 'Erbach');
insert into city(region_id, name) values (383, 'Erlensee');
insert into city(region_id, name) values (383, 'Eschborn');
insert into city(region_id, name) values (383, 'Eschwege');
insert into city(region_id, name) values (383, 'Felsberg');
insert into city(region_id, name) values (383, 'Flieden');
insert into city(region_id, name) values (383, 'Flrsheim');
insert into city(region_id, name) values (383, 'Florstadt');
insert into city(region_id, name) values (383, 'Frankenau');
insert into city(region_id, name) values (383, 'Frankenberg (Eder)');
insert into city(region_id, name) values (383, 'Frankfurt am Main');
insert into city(region_id, name) values (383, 'Friedberg');
insert into city(region_id, name) values (383, 'Friedrichsdorf');
insert into city(region_id, name) values (383, 'Fritzlar');
insert into city(region_id, name) values (383, 'Fulda');
insert into city(region_id, name) values (383, 'Fuldabrck');
insert into city(region_id, name) values (383, 'Fuldatal');
insert into city(region_id, name) values (383, 'Frth');
insert into city(region_id, name) values (383, 'Gedern');
insert into city(region_id, name) values (383, 'Geisenheim');
insert into city(region_id, name) values (383, 'Gelnhausen');
insert into city(region_id, name) values (383, 'Gemnden (Wohra)');
insert into city(region_id, name) values (383, 'Gernsheim');
insert into city(region_id, name) values (383, 'Gersfeld');
insert into city(region_id, name) values (383, 'Gieen');
insert into city(region_id, name) values (383, 'Ginsheim-Gustavsburg');
insert into city(region_id, name) values (383, 'Gladenbach');
insert into city(region_id, name) values (383, 'Grvenwiesbach');
insert into city(region_id, name) values (383, 'Grebenstein');
insert into city(region_id, name) values (383, 'Greifenstein');
insert into city(region_id, name) values (383, 'Gro-Gerau');
insert into city(region_id, name) values (383, 'Groalmerode');
insert into city(region_id, name) values (383, 'Grnberg');
insert into city(region_id, name) values (383, 'Grndau');
insert into city(region_id, name) values (383, 'Hadamar');
insert into city(region_id, name) values (383, 'Haiger');
insert into city(region_id, name) values (383, 'Hainburg');
insert into city(region_id, name) values (383, 'Hanau');
insert into city(region_id, name) values (383, 'Hattersheim');
insert into city(region_id, name) values (383, 'Helsa');
insert into city(region_id, name) values (383, 'Heppenheim (Bergstrae)');
insert into city(region_id, name) values (383, 'Herborn');
insert into city(region_id, name) values (383, 'Herbstein');
insert into city(region_id, name) values (383, 'Heuchelheim');
insert into city(region_id, name) values (383, 'Hilders');
insert into city(region_id, name) values (383, 'Hochheim am Main');
insert into city(region_id, name) values (383, 'Hofgeismar');
insert into city(region_id, name) values (383, 'Hofheim am Taunus');
insert into city(region_id, name) values (383, 'Homberg (Efze)');
insert into city(region_id, name) values (383, 'Homberg (Ohm)');
insert into city(region_id, name) values (383, 'Hnfeld');
insert into city(region_id, name) values (383, 'Httenberg');
insert into city(region_id, name) values (383, 'Idstein');
insert into city(region_id, name) values (383, 'Immenhausen');
insert into city(region_id, name) values (383, 'Kassel');
insert into city(region_id, name) values (383, 'Kaufungen');
insert into city(region_id, name) values (383, 'Kelkheim (Taunus)');
insert into city(region_id, name) values (383, 'Kirchhain');
insert into city(region_id, name) values (383, 'Kirchheim');
insert into city(region_id, name) values (383, 'Knigstein im Taunus');
insert into city(region_id, name) values (383, 'Korbach');
insert into city(region_id, name) values (383, 'Krle');
insert into city(region_id, name) values (383, 'Kriftel');
insert into city(region_id, name) values (383, 'Kronberg im Taunus');
insert into city(region_id, name) values (383, 'Lahnau');
insert into city(region_id, name) values (383, 'Lampertheim');
insert into city(region_id, name) values (383, 'Langen');
insert into city(region_id, name) values (383, 'Langgns');
insert into city(region_id, name) values (383, 'Lauterbach');
insert into city(region_id, name) values (383, 'Leun');
insert into city(region_id, name) values (383, 'Lich');
insert into city(region_id, name) values (383, 'Limburg an der Lahn');
insert into city(region_id, name) values (383, 'Linden');
insert into city(region_id, name) values (383, 'Lindenfels');
insert into city(region_id, name) values (383, 'Lollar');
insert into city(region_id, name) values (383, 'Lorch');
insert into city(region_id, name) values (383, 'Marburg');
insert into city(region_id, name) values (383, 'Melsungen');
insert into city(region_id, name) values (383, 'Michelstadt');
insert into city(region_id, name) values (383, 'Mrfelden-Walldorf');
insert into city(region_id, name) values (383, 'Mrlenbach');
insert into city(region_id, name) values (383, 'Mcke');
insert into city(region_id, name) values (383, 'Mhlheim');
insert into city(region_id, name) values (383, 'Mnster');
insert into city(region_id, name) values (383, 'Neu-Isenburg');
insert into city(region_id, name) values (383, 'Neuenstein');
insert into city(region_id, name) values (383, 'Neuhof');
insert into city(region_id, name) values (383, 'Neukirchen');
insert into city(region_id, name) values (383, 'Neustadt (Hessen)');
insert into city(region_id, name) values (383, 'Nidda');
insert into city(region_id, name) values (383, 'Ober-Ramstadt');
insert into city(region_id, name) values (383, 'Oberaula');
insert into city(region_id, name) values (383, 'Obertshausen');
insert into city(region_id, name) values (383, 'Oberursel');
insert into city(region_id, name) values (383, 'Oestrich-Winkel');
insert into city(region_id, name) values (383, 'Offenbach');
insert into city(region_id, name) values (383, 'Petersberg');
insert into city(region_id, name) values (383, 'Pfungstadt');
insert into city(region_id, name) values (383, 'Ranstadt');
insert into city(region_id, name) values (383, 'Raunheim');
insert into city(region_id, name) values (383, 'Rauschenberg');
insert into city(region_id, name) values (383, 'Reiskirchen');
insert into city(region_id, name) values (383, 'Rimbach');
insert into city(region_id, name) values (383, 'Rdermark');
insert into city(region_id, name) values (383, 'Rodgau');
insert into city(region_id, name) values (383, 'Rotenburg an der Fulda');
insert into city(region_id, name) values (383, 'Rdesheim am Rhein');
insert into city(region_id, name) values (383, 'Rsselsheim');
insert into city(region_id, name) values (383, 'Schlitz');
insert into city(region_id, name) values (383, 'Schlchtern');
insert into city(region_id, name) values (383, 'Schffengrund');
insert into city(region_id, name) values (383, 'Schotten');
insert into city(region_id, name) values (383, 'Schwalbach am Taunus');
insert into city(region_id, name) values (383, 'Schwalmstadt');
insert into city(region_id, name) values (383, 'Seligenstadt');
insert into city(region_id, name) values (383, 'Sinn');
insert into city(region_id, name) values (383, 'Solms');
insert into city(region_id, name) values (383, 'Stadtallendorf');
insert into city(region_id, name) values (383, 'Steinau an der Strae');
insert into city(region_id, name) values (383, 'Sulzbach');
insert into city(region_id, name) values (383, 'Tann');
insert into city(region_id, name) values (383, 'Taunusstein');
insert into city(region_id, name) values (383, 'Trebur');
insert into city(region_id, name) values (383, 'Usingen');
insert into city(region_id, name) values (383, 'Vellmar');
insert into city(region_id, name) values (383, 'Viernheim');
insert into city(region_id, name) values (383, 'Villmar');
insert into city(region_id, name) values (383, 'Wchtersbach');
insert into city(region_id, name) values (383, 'Waldbrunn (Westerwald)');
insert into city(region_id, name) values (383, 'Wehrheim');
insert into city(region_id, name) values (383, 'Weilburg');
insert into city(region_id, name) values (383, 'Wettenberg');
insert into city(region_id, name) values (383, 'Wetter');
insert into city(region_id, name) values (383, 'Wetzlar');
insert into city(region_id, name) values (383, 'Wiesbaden');
insert into city(region_id, name) values (383, 'Witzenhausen');
insert into city(region_id, name) values (383, 'Wlfersheim');
insert into city(region_id, name) values (383, 'Wolfhagen');
insert into city(region_id, name) values (383, 'Zierenberg');
insert into city(region_id, name) values (398, 'Nuuka');
insert into region(id, country_id, name) values (399, 59, 'Aitolia kai Akarnania');
insert into region(id, country_id, name) values (400, 59, 'Akhaia');
insert into region(id, country_id, name) values (401, 59, 'Argolis');
insert into region(id, country_id, name) values (402, 59, 'Arkadhia');
insert into region(id, country_id, name) values (403, 59, 'Arta');
insert into region(id, country_id, name) values (404, 59, 'Attiki');
insert into region(id, country_id, name) values (405, 59, 'Dhodhekanisos');
insert into region(id, country_id, name) values (406, 59, 'Drama');
insert into region(id, country_id, name) values (407, 59, 'Evritania');
insert into region(id, country_id, name) values (408, 59, 'Evros');
insert into region(id, country_id, name) values (409, 59, 'Evvoia');
insert into region(id, country_id, name) values (410, 59, 'Florina');
insert into region(id, country_id, name) values (411, 59, 'Fthiotis');
insert into region(id, country_id, name) values (412, 59, 'Grevena');
insert into region(id, country_id, name) values (413, 59, 'Ilia');
insert into region(id, country_id, name) values (414, 59, 'Imathia');
insert into region(id, country_id, name) values (415, 59, 'Ioannina');
insert into region(id, country_id, name) values (416, 59, 'Iraklion');
insert into region(id, country_id, name) values (417, 59, 'Kardhitsa');
insert into region(id, country_id, name) values (418, 59, 'Kastoria');
insert into region(id, country_id, name) values (419, 59, 'Kavala');
insert into region(id, country_id, name) values (420, 59, 'Kefallinia');
insert into region(id, country_id, name) values (421, 59, 'Kerkira');
insert into region(id, country_id, name) values (422, 59, 'Khalkidhiki');
insert into region(id, country_id, name) values (423, 59, 'Khania');
insert into region(id, country_id, name) values (424, 59, 'Khios');
insert into region(id, country_id, name) values (425, 59, 'Kikladhes');
insert into region(id, country_id, name) values (426, 59, 'Kilkis');
insert into region(id, country_id, name) values (427, 59, 'Korinthia');
insert into region(id, country_id, name) values (428, 59, 'Kozani');
insert into region(id, country_id, name) values (429, 59, 'Lakonia');
insert into region(id, country_id, name) values (430, 59, 'Larisa');
insert into region(id, country_id, name) values (431, 59, 'Lasithi');
insert into region(id, country_id, name) values (432, 59, 'Lesvos');
insert into region(id, country_id, name) values (433, 59, 'Levkas');
insert into region(id, country_id, name) values (434, 59, 'Magnisia');
insert into region(id, country_id, name) values (435, 59, 'Messinia');
insert into region(id, country_id, name) values (436, 59, 'None');
insert into region(id, country_id, name) values (437, 59, 'Pella');
insert into region(id, country_id, name) values (438, 59, 'Pieria');
insert into region(id, country_id, name) values (439, 59, 'Preveza');
insert into region(id, country_id, name) values (440, 59, 'Rethimni');
insert into region(id, country_id, name) values (441, 59, 'Rodhopi');
insert into region(id, country_id, name) values (442, 59, 'Samos');
insert into region(id, country_id, name) values (443, 59, 'Serrai');
insert into region(id, country_id, name) values (444, 59, 'Thesprotia');
insert into region(id, country_id, name) values (445, 59, 'Thessaloniki');
insert into region(id, country_id, name) values (446, 59, 'Trikala');
insert into region(id, country_id, name) values (447, 59, 'Voiotia');
insert into region(id, country_id, name) values (448, 59, 'Xanthi');
insert into region(id, country_id, name) values (449, 59, 'Zakinthos');
insert into city(region_id, name) values (59, 'Agryz');
insert into city(region_id, name) values (59, 'Aznakaevo');
insert into city(region_id, name) values (59, 'Aksubaevo');
insert into city(region_id, name) values (59, 'Aktanysh');
insert into city(region_id, name) values (59, 'Aktyubinskii');
insert into city(region_id, name) values (59, 'Alekseevskoe');
insert into city(region_id, name) values (59, 'Almetevsk');
insert into city(region_id, name) values (59, 'Apastovo');
insert into city(region_id, name) values (59, 'Arsk');
insert into city(region_id, name) values (59, 'Bavly');
insert into city(region_id, name) values (59, 'Bazarnye Mataki');
insert into city(region_id, name) values (59, 'Baltasi');
insert into city(region_id, name) values (59, 'Bogatye Saby');
insert into city(region_id, name) values (59, 'Brejnev');
insert into city(region_id, name) values (59, 'Bugulma');
insert into city(region_id, name) values (59, 'Buinsk');
insert into city(region_id, name) values (59, 'Vasilevo');
insert into city(region_id, name) values (59, 'Verhnii Uslon');
insert into city(region_id, name) values (59, 'Vysokaya Gora');
insert into city(region_id, name) values (59, 'Derbeshkinskii');
insert into city(region_id, name) values (59, 'Elabuga');
insert into city(region_id, name) values (59, 'Zainsk');
insert into city(region_id, name) values (59, 'Zelenodolsk');
insert into city(region_id, name) values (59, 'Kazan');
insert into city(region_id, name) values (59, 'Kamskoe Uste');
insert into city(region_id, name) values (59, 'Karabash (Tatarstan)');
insert into city(region_id, name) values (59, 'Kuibyshev (Tatarstan)');
insert into city(region_id, name) values (59, 'Kukmod');
insert into city(region_id, name) values (59, 'Kukmor');
insert into city(region_id, name) values (59, 'Laishevo');
insert into city(region_id, name) values (59, 'Leninogorsk');
insert into city(region_id, name) values (59, 'Mamadysh');
insert into city(region_id, name) values (59, 'Mendeleevsk');
insert into city(region_id, name) values (59, 'Menzelinsk');
insert into city(region_id, name) values (59, 'Muslyumovo');
insert into city(region_id, name) values (59, 'Naberejnye CHelny');
insert into city(region_id, name) values (59, 'Nijnekamsk');
insert into city(region_id, name) values (59, 'Novosheshminsk');
insert into city(region_id, name) values (59, 'Nurlat');
insert into city(region_id, name) values (59, 'Pestrecy');
insert into city(region_id, name) values (59, 'Rybnaya Sloboda');
insert into city(region_id, name) values (59, 'Sarmanovo');
insert into city(region_id, name) values (59, 'Staroe Drojjanoe');
insert into city(region_id, name) values (59, 'Tetyushi');
insert into city(region_id, name) values (59, 'CHeremshan');
insert into city(region_id, name) values (59, 'CHistopol');
insert into city(region_id, name) values (319, 'Alsnyrvrimajor');
insert into city(region_id, name) values (319, 'Srvr');
insert into city(region_id, name) values (319, 'Szombathely');
insert into city(region_id, name) values (319, 'Zanat');
insert into city(region_id, name) values (341, 'Carpano');
insert into city(region_id, name) values (341, 'Cuman');
insert into city(region_id, name) values (374, 'Casas de Pinto');
insert into city(region_id, name) values (384, 'Adamshoffnung');
insert into city(region_id, name) values (384, 'Ahrenshoop');
insert into city(region_id, name) values (384, 'Alt Krenzlin');
insert into city(region_id, name) values (384, 'Alt Schwerin');
insert into city(region_id, name) values (384, 'Alt Tellin');
insert into city(region_id, name) values (384, 'Altefhr');
insert into city(region_id, name) values (384, 'Altenhagen (18236)');
insert into city(region_id, name) values (384, 'Altenhof');
insert into city(region_id, name) values (384, 'Altentreptow');
insert into city(region_id, name) values (384, 'Anklam');
insert into city(region_id, name) values (384, 'Bad Doberan');
insert into city(region_id, name) values (384, 'Bad Slze');
insert into city(region_id, name) values (384, 'Balow');
insert into city(region_id, name) values (384, 'Barth');
insert into city(region_id, name) values (384, 'Bellin');
insert into city(region_id, name) values (384, 'Bergen auf Rgen');
insert into city(region_id, name) values (384, 'Binz');
insert into city(region_id, name) values (384, 'Boizenburg');
insert into city(region_id, name) values (384, 'Brzow');
insert into city(region_id, name) values (384, 'Demmin');
insert into city(region_id, name) values (384, 'Eggesin');
insert into city(region_id, name) values (384, 'Friedland');
insert into city(region_id, name) values (384, 'Gadebusch');
insert into city(region_id, name) values (384, 'Greifswald');
insert into city(region_id, name) values (384, 'Grevesmhlen');
insert into city(region_id, name) values (384, 'Gstrow');
insert into city(region_id, name) values (384, 'Hagenow');
insert into city(region_id, name) values (384, 'Hohen Sprenz');
insert into city(region_id, name) values (384, 'Koblentz');
insert into city(region_id, name) values (384, 'Krakow am See');
insert into city(region_id, name) values (384, 'Lcknitz');
insert into city(region_id, name) values (384, 'Lbz');
insert into city(region_id, name) values (384, 'Ludwigslust');
insert into city(region_id, name) values (384, 'Malchow');
insert into city(region_id, name) values (384, 'Matgendorf');
insert into city(region_id, name) values (384, 'Mnkebude');
insert into city(region_id, name) values (384, 'Neu Gaarz');
insert into city(region_id, name) values (384, 'Neubrandenburg');
insert into city(region_id, name) values (384, 'Neustrelitz');
insert into city(region_id, name) values (384, 'Parchim');
insert into city(region_id, name) values (384, 'Reuterstadt Stavenhagen');
insert into city(region_id, name) values (384, 'Ribnitz-Damgarten');
insert into city(region_id, name) values (384, 'Ritzerow');
insert into city(region_id, name) values (384, 'Rbel/Mritz');
insert into city(region_id, name) values (384, 'Rostock');
insert into city(region_id, name) values (384, 'Schnbeck');
insert into city(region_id, name) values (384, 'Schnberg');
insert into city(region_id, name) values (384, 'Schwerin');
insert into city(region_id, name) values (384, 'Sponholz');
insert into city(region_id, name) values (384, 'Stralsund');
insert into city(region_id, name) values (384, 'Tessin');
insert into city(region_id, name) values (384, 'Teterow');
insert into city(region_id, name) values (384, 'Torgelow');
insert into city(region_id, name) values (384, 'Waren (Mritz)');
insert into city(region_id, name) values (384, 'Wilmshagen');
insert into city(region_id, name) values (384, 'Wismar');
insert into city(region_id, name) values (384, 'Wolgast');
insert into city(region_id, name) values (384, 'Zarrendorf');
insert into city(region_id, name) values (399, 'Aga Sotra');
insert into city(region_id, name) values (399, 'Aga Trida');
insert into city(region_id, name) values (399, 'Agrnio');
insert into city(region_id, name) values (399, 'Aspropili');
insert into city(region_id, name) values (399, 'Astako');
insert into city(region_id, name) values (399, 'Avlki');
insert into city(region_id, name) values (399, 'Nvpaktos');
insert into city(region_id, name) values (399, 'Provan');
insert into region(id, country_id, name) values (450, 60, 'Adjariya');
insert into region(id, country_id, name) values (451, 60, 'Gruziya');
insert into city(region_id, name) values (60, 'Andreapol');
insert into city(region_id, name) values (60, 'Bejeck');
insert into city(region_id, name) values (60, 'Belyi');
insert into city(region_id, name) values (60, 'Belyi Gorodok');
insert into city(region_id, name) values (60, 'Berezaika');
insert into city(region_id, name) values (60, 'Bologoe');
insert into city(region_id, name) values (60, 'Vasilevskii Moh');
insert into city(region_id, name) values (60, 'Vesegonsk');
insert into city(region_id, name) values (60, 'Vypolzovo');
insert into city(region_id, name) values (60, 'Vyshnii Volochek');
insert into city(region_id, name) values (60, 'Jarkovskii');
insert into city(region_id, name) values (60, 'Zapadnaya Dvina');
insert into city(region_id, name) values (60, 'Zubcov');
insert into city(region_id, name) values (60, 'Izoplit');
insert into city(region_id, name) values (60, 'Kalashnikovo');
insert into city(region_id, name) values (60, 'Kalinin');
insert into city(region_id, name) values (60, 'Kalyazin');
insert into city(region_id, name) values (60, 'Kashin');
insert into city(region_id, name) values (60, 'Kesova Gora');
insert into city(region_id, name) values (60, 'Kimry');
insert into city(region_id, name) values (60, 'Konakovo');
insert into city(region_id, name) values (60, 'Krasnyi Holm');
insert into city(region_id, name) values (60, 'Kuvshinovo');
insert into city(region_id, name) values (60, 'Lesnoe');
insert into city(region_id, name) values (60, 'Lihoslavl');
insert into city(region_id, name) values (60, 'Maksatiha');
insert into city(region_id, name) values (60, 'Molokovo');
insert into city(region_id, name) values (60, 'Nelidovo');
insert into city(region_id, name) values (60, 'Olenino');
insert into city(region_id, name) values (60, 'Ostashkov');
insert into city(region_id, name) values (60, 'Peno');
insert into city(region_id, name) values (60, 'Rameshki');
insert into city(region_id, name) values (60, 'Rjev');
insert into city(region_id, name) values (60, 'Sandovo');
insert into city(region_id, name) values (60, 'Selijarovo');
insert into city(region_id, name) values (60, 'Sonkovo');
insert into city(region_id, name) values (60, 'Spirovo');
insert into city(region_id, name) values (60, 'Starica');
insert into city(region_id, name) values (60, 'Tver');
insert into city(region_id, name) values (60, 'Torjok');
insert into city(region_id, name) values (60, 'Toropec');
insert into city(region_id, name) values (60, 'Udomlya');
insert into city(region_id, name) values (60, 'Firovo');
insert into city(region_id, name) values (320, 'Ajka');
insert into city(region_id, name) values (320, 'Balatonalmdi');
insert into city(region_id, name) values (320, 'Balatonfred');
insert into city(region_id, name) values (320, 'Szentkirlyszabadja');
insert into city(region_id, name) values (320, 'Vrpalota');
insert into city(region_id, name) values (320, 'Veszprm');
insert into city(region_id, name) values (342, 'Rubio');
insert into city(region_id, name) values (342, 'San Antonio del Tchira');
insert into city(region_id, name) values (342, 'San Cristbal');
insert into city(region_id, name) values (400, 'Aegion');
insert into city(region_id, name) values (400, 'Aighion');
insert into city(region_id, name) values (400, 'Agio');
insert into city(region_id, name) values (400, 'Agion');
insert into city(region_id, name) values (400, 'Ayion');
insert into city(region_id, name) values (400, 'Egion');
insert into city(region_id, name) values (400, 'Kalvrita');
insert into city(region_id, name) values (400, 'Ptra');
insert into city(region_id, name) values (400, 'Patras');
insert into city(region_id, name) values (450, 'Batumi');
insert into city(region_id, name) values (450, 'Kobuleti');
insert into city(region_id, name) values (450, 'Hulo');
insert into region(id, country_id, name) values (452, 61, 'Arhus');
insert into region(id, country_id, name) values (453, 61, 'Bornholm');
insert into region(id, country_id, name) values (454, 61, 'Frederiksborg');
insert into region(id, country_id, name) values (455, 61, 'Fyn');
insert into region(id, country_id, name) values (456, 61, 'Kobenhavn');
insert into region(id, country_id, name) values (457, 61, 'None');
insert into region(id, country_id, name) values (458, 61, 'Nordjylland');
insert into region(id, country_id, name) values (459, 61, 'Ribe');
insert into region(id, country_id, name) values (460, 61, 'Ringkobing');
insert into region(id, country_id, name) values (461, 61, 'Roskilde');
insert into region(id, country_id, name) values (462, 61, 'Sonderjylland');
insert into region(id, country_id, name) values (463, 61, 'Staden Kobenhavn');
insert into region(id, country_id, name) values (464, 61, 'Storstrom');
insert into region(id, country_id, name) values (465, 61, 'Vejle');
insert into region(id, country_id, name) values (466, 61, 'Vestsjalland');
insert into region(id, country_id, name) values (467, 61, 'Viborg');
insert into city(region_id, name) values (61, 'Aleksandrovskoe (Tomskaya obl.)');
insert into city(region_id, name) values (61, 'Asino');
insert into city(region_id, name) values (61, 'Bakchar');
insert into city(region_id, name) values (61, 'Baturino');
insert into city(region_id, name) values (61, 'Belyi YAr');
insert into city(region_id, name) values (61, 'Zyryanskoe');
insert into city(region_id, name) values (61, 'Itatka');
insert into city(region_id, name) values (61, 'Kargasok');
insert into city(region_id, name) values (61, 'Kataiga');
insert into city(region_id, name) values (61, 'Kojevnikovo');
insert into city(region_id, name) values (61, 'Kolpashevo');
insert into city(region_id, name) values (61, 'Krivosheino');
insert into city(region_id, name) values (61, 'Melnikovo');
insert into city(region_id, name) values (61, 'Molchanovo');
insert into city(region_id, name) values (61, 'Parabel');
insert into city(region_id, name) values (61, 'Pervomaiskoe');
insert into city(region_id, name) values (61, 'Podgornoe');
insert into city(region_id, name) values (61, 'Seversk');
insert into city(region_id, name) values (61, 'Strejevoi');
insert into city(region_id, name) values (61, 'Tomsk');
insert into city(region_id, name) values (61, 'Tymsk');
insert into city(region_id, name) values (321, 'Zalaegerszeg');
insert into city(region_id, name) values (343, 'Banco Bonito');
insert into city(region_id, name) values (343, 'Cocorote');
insert into city(region_id, name) values (343, 'San Felipe');
insert into city(region_id, name) values (343, 'Tamboral');
insert into city(region_id, name) values (386, 'Aachen');
insert into city(region_id, name) values (386, 'Ahaus');
insert into city(region_id, name) values (386, 'Ahlen');
insert into city(region_id, name) values (386, 'Aldenhoven');
insert into city(region_id, name) values (386, 'Alfter');
insert into city(region_id, name) values (386, 'Alpen');
insert into city(region_id, name) values (386, 'Alsdorf');
insert into city(region_id, name) values (386, 'Altena');
insert into city(region_id, name) values (386, 'Altenbeken');
insert into city(region_id, name) values (386, 'Altenberge');
insert into city(region_id, name) values (386, 'Anrchte');
insert into city(region_id, name) values (386, 'Arnsberg');
insert into city(region_id, name) values (386, 'Ascheberg');
insert into city(region_id, name) values (386, 'Attendorn');
insert into city(region_id, name) values (386, 'Augustdorf');
insert into city(region_id, name) values (386, 'Bad Berleburg');
insert into city(region_id, name) values (386, 'Bad Driburg');
insert into city(region_id, name) values (386, 'Bad Honnef');
insert into city(region_id, name) values (386, 'Bad Laasphe');
insert into city(region_id, name) values (386, 'Bad Lippspringe');
insert into city(region_id, name) values (386, 'Bad Mnstereifel');
insert into city(region_id, name) values (386, 'Bad Oeynhausen');
insert into city(region_id, name) values (386, 'Bad Salzuflen');
insert into city(region_id, name) values (386, 'Bad Sassendorf');
insert into city(region_id, name) values (386, 'Bad Wnnenberg');
insert into city(region_id, name) values (386, 'Baesweiler');
insert into city(region_id, name) values (386, 'Balve');
insert into city(region_id, name) values (386, 'Barntrup');
insert into city(region_id, name) values (386, 'Beckum');
insert into city(region_id, name) values (386, 'Beelen');
insert into city(region_id, name) values (386, 'Bergheim');
insert into city(region_id, name) values (386, 'Bergisch Gladbach');
insert into city(region_id, name) values (386, 'Bergkamen');
insert into city(region_id, name) values (386, 'Bergneustadt');
insert into city(region_id, name) values (386, 'Bestwig');
insert into city(region_id, name) values (386, 'Beverungen');
insert into city(region_id, name) values (386, 'Bielefeld');
insert into city(region_id, name) values (386, 'Billerbeck');
insert into city(region_id, name) values (386, 'Blomberg');
insert into city(region_id, name) values (386, 'Bocholt');
insert into city(region_id, name) values (386, 'Bochum');
insert into city(region_id, name) values (386, 'Bnen');
insert into city(region_id, name) values (386, 'Bonn');
insert into city(region_id, name) values (386, 'Borchen');
insert into city(region_id, name) values (386, 'Borgentreich');
insert into city(region_id, name) values (386, 'Borgholzhausen');
insert into city(region_id, name) values (386, 'Borken');
insert into city(region_id, name) values (386, 'Bornheim');
insert into city(region_id, name) values (386, 'Bottrop');
insert into city(region_id, name) values (386, 'Brakel');
insert into city(region_id, name) values (386, 'Breckerfeld');
insert into city(region_id, name) values (386, 'Brilon');
insert into city(region_id, name) values (386, 'Brggen');
insert into city(region_id, name) values (386, 'Brhl');
insert into city(region_id, name) values (386, 'Bnde');
insert into city(region_id, name) values (386, 'Burbach');
insert into city(region_id, name) values (386, 'Bren');
insert into city(region_id, name) values (386, 'Burscheid');
insert into city(region_id, name) values (386, 'Castrop-Rauxel');
insert into city(region_id, name) values (386, 'Coesfeld');
insert into city(region_id, name) values (386, 'Datteln');
insert into city(region_id, name) values (386, 'Delbrck');
insert into city(region_id, name) values (386, 'Detmold');
insert into city(region_id, name) values (386, 'Dinslaken');
insert into city(region_id, name) values (386, 'Drentrup');
insert into city(region_id, name) values (386, 'Dormagen');
insert into city(region_id, name) values (386, 'Dorsten');
insert into city(region_id, name) values (386, 'Dortmund');
insert into city(region_id, name) values (386, 'Drensteinfurt');
insert into city(region_id, name) values (386, 'Drolshagen');
insert into city(region_id, name) values (386, 'Duisburg');
insert into city(region_id, name) values (386, 'Dlmen');
insert into city(region_id, name) values (386, 'Dren');
insert into city(region_id, name) values (386, 'Dsseldorf');
insert into city(region_id, name) values (386, 'Eitorf');
insert into city(region_id, name) values (386, 'Elsdorf');
insert into city(region_id, name) values (386, 'Emmerich');
insert into city(region_id, name) values (386, 'Emsdetten');
insert into city(region_id, name) values (386, 'Engelskirchen');
insert into city(region_id, name) values (386, 'Enger');
insert into city(region_id, name) values (386, 'Ennepetal');
insert into city(region_id, name) values (386, 'Ennigerloh');
insert into city(region_id, name) values (386, 'Erftstadt');
insert into city(region_id, name) values (386, 'Erkelenz');
insert into city(region_id, name) values (386, 'Erkrath');
insert into city(region_id, name) values (386, 'Erwitte');
insert into city(region_id, name) values (386, 'Eschweiler');
insert into city(region_id, name) values (386, 'Espelkamp');
insert into city(region_id, name) values (386, 'Essen');
insert into city(region_id, name) values (386, 'Euskirchen');
insert into city(region_id, name) values (386, 'Everswinkel');
insert into city(region_id, name) values (386, 'Extertal');
insert into city(region_id, name) values (386, 'Finnentrop');
insert into city(region_id, name) values (386, 'Frechen');
insert into city(region_id, name) values (386, 'Freudenberg');
insert into city(region_id, name) values (386, 'Frndenberg');
insert into city(region_id, name) values (386, 'Gangelt');
insert into city(region_id, name) values (386, 'Geilenkirchen');
insert into city(region_id, name) values (386, 'Geldern');
insert into city(region_id, name) values (386, 'Gelsenkirchen');
insert into city(region_id, name) values (386, 'Gescher');
insert into city(region_id, name) values (386, 'Geseke');
insert into city(region_id, name) values (386, 'Gevelsberg');
insert into city(region_id, name) values (386, 'Gladbeck');
insert into city(region_id, name) values (386, 'Goch');
insert into city(region_id, name) values (386, 'Greven');
insert into city(region_id, name) values (386, 'Grevenbroich');
insert into city(region_id, name) values (386, 'Gronau (Westfalen)');
insert into city(region_id, name) values (386, 'Gummersbach');
insert into city(region_id, name) values (386, 'Gtersloh');
insert into city(region_id, name) values (386, 'Haan');
insert into city(region_id, name) values (386, 'Hagen');
insert into city(region_id, name) values (386, 'Halle');
insert into city(region_id, name) values (386, 'Haltern am See');
insert into city(region_id, name) values (386, 'Halver');
insert into city(region_id, name) values (386, 'Hamm');
insert into city(region_id, name) values (386, 'Hamminkeln');
insert into city(region_id, name) values (386, 'Harsewinkel');
insert into city(region_id, name) values (386, 'Hattingen');
insert into city(region_id, name) values (386, 'Havixbeck');
insert into city(region_id, name) values (386, 'Heiden');
insert into city(region_id, name) values (386, 'Heiligenhaus');
insert into city(region_id, name) values (386, 'Heimbach');
insert into city(region_id, name) values (386, 'Heinsberg');
insert into city(region_id, name) values (386, 'Hemer');
insert into city(region_id, name) values (386, 'Hennef');
insert into city(region_id, name) values (386, 'Herdecke');
insert into city(region_id, name) values (386, 'Herford');
insert into city(region_id, name) values (386, 'Herne');
insert into city(region_id, name) values (386, 'Herscheid');
insert into city(region_id, name) values (386, 'Herten');
insert into city(region_id, name) values (386, 'Herzebrock-Clarholz');
insert into city(region_id, name) values (386, 'Herzogenrath');
insert into city(region_id, name) values (386, 'Hiddenhausen');
insert into city(region_id, name) values (386, 'Hilden');
insert into city(region_id, name) values (386, 'Hille');
insert into city(region_id, name) values (386, 'Holzwickede');
insert into city(region_id, name) values (386, 'Hopsten');
insert into city(region_id, name) values (386, 'Horn-Bad Meinberg');
insert into city(region_id, name) values (386, 'Hrstel');
insert into city(region_id, name) values (386, 'Hvelhof');
insert into city(region_id, name) values (386, 'Hxter');
insert into city(region_id, name) values (386, 'Hckelhoven');
insert into city(region_id, name) values (386, 'Hckeswagen');
insert into city(region_id, name) values (386, 'Hllhorst');
insert into city(region_id, name) values (386, 'Hrth');
insert into city(region_id, name) values (386, 'Ibbenbren');
insert into city(region_id, name) values (386, 'Iserlohn');
insert into city(region_id, name) values (386, 'Jchen');
insert into city(region_id, name) values (386, 'Jlich');
insert into city(region_id, name) values (386, 'Kaarst');
insert into city(region_id, name) values (386, 'Kalkar');
insert into city(region_id, name) values (386, 'Kall');
insert into city(region_id, name) values (386, 'Kalletal');
insert into city(region_id, name) values (386, 'Kamen');
insert into city(region_id, name) values (386, 'Kamp-Lintfort');
insert into city(region_id, name) values (386, 'Kempen');
insert into city(region_id, name) values (386, 'Kerpen');
insert into city(region_id, name) values (386, 'Kevelaer');
insert into city(region_id, name) values (386, 'Kierspe');
insert into city(region_id, name) values (386, 'Kirchlengern');
insert into city(region_id, name) values (386, 'Kleve');
insert into city(region_id, name) values (386, 'Kln');
insert into city(region_id, name) values (386, 'Knigswinter');
insert into city(region_id, name) values (386, 'Korschenbroich');
insert into city(region_id, name) values (386, 'Krefeld');
insert into city(region_id, name) values (386, 'Kreuztal');
insert into city(region_id, name) values (386, 'Ladbergen');
insert into city(region_id, name) values (386, 'Lage');
insert into city(region_id, name) values (386, 'Langenberg');
insert into city(region_id, name) values (386, 'Langenfeld');
insert into city(region_id, name) values (386, 'Langerwehe');
insert into city(region_id, name) values (386, 'Legden');
insert into city(region_id, name) values (386, 'Leichlingen');
insert into city(region_id, name) values (386, 'Lemgo');
insert into city(region_id, name) values (386, 'Lengerich');
insert into city(region_id, name) values (386, 'Lennestadt');
insert into city(region_id, name) values (386, 'Leopoldshhe');
insert into city(region_id, name) values (386, 'Leverkusen');
insert into city(region_id, name) values (386, 'Lienen');
insert into city(region_id, name) values (386, 'Lindlar');
insert into city(region_id, name) values (386, 'Linnich');
insert into city(region_id, name) values (386, 'Lippetal');
insert into city(region_id, name) values (386, 'Lippstadt');
insert into city(region_id, name) values (386, 'Lohmar');
insert into city(region_id, name) values (386, 'Lhne');
insert into city(region_id, name) values (386, 'Lotte');
insert into city(region_id, name) values (386, 'Lbbecke');
insert into city(region_id, name) values (386, 'Ldenscheid');
insert into city(region_id, name) values (386, 'Ldinghausen');
insert into city(region_id, name) values (386, 'Lgde');
insert into city(region_id, name) values (386, 'Lnen');
insert into city(region_id, name) values (386, 'Marienheide');
insert into city(region_id, name) values (386, 'Marienmnster');
insert into city(region_id, name) values (386, 'Marl');
insert into city(region_id, name) values (386, 'Marsberg');
insert into city(region_id, name) values (386, 'Mechernich');
insert into city(region_id, name) values (386, 'Meckenheim');
insert into city(region_id, name) values (386, 'Medebach');
insert into city(region_id, name) values (386, 'Meerbusch');
insert into city(region_id, name) values (386, 'Meinerzhagen');
insert into city(region_id, name) values (386, 'Menden');
insert into city(region_id, name) values (386, 'Meschede');
insert into city(region_id, name) values (386, 'Mettingen');
insert into city(region_id, name) values (386, 'Mettmann');
insert into city(region_id, name) values (386, 'Minden');
insert into city(region_id, name) values (386, 'Moers');
insert into city(region_id, name) values (386, 'Mhnesee');
insert into city(region_id, name) values (386, 'Mnchengladbach');
insert into city(region_id, name) values (386, 'Monheim am Rhein');
insert into city(region_id, name) values (386, 'Morsbach');
insert into city(region_id, name) values (386, 'Much');
insert into city(region_id, name) values (386, 'Mlheim an der Ruhr');
insert into city(region_id, name) values (386, 'Mnster');
insert into city(region_id, name) values (386, 'Netphen');
insert into city(region_id, name) values (386, 'Nettetal');
insert into city(region_id, name) values (386, 'Neuenkirchen');
insert into city(region_id, name) values (386, 'Neuenrade');
insert into city(region_id, name) values (386, 'Neukirchen-Vluyn');
insert into city(region_id, name) values (386, 'Neunkirchen');
insert into city(region_id, name) values (386, 'Neunkirchen-Seelscheid');
insert into city(region_id, name) values (386, 'Neuss');
insert into city(region_id, name) values (386, 'Nideggen');
insert into city(region_id, name) values (386, 'Niederkassel');
insert into city(region_id, name) values (386, 'Niederkrchten');
insert into city(region_id, name) values (386, 'Nieheim');
insert into city(region_id, name) values (386, 'Nordwalde');
insert into city(region_id, name) values (386, 'Nmbrecht');
insert into city(region_id, name) values (386, 'Oberhausen');
insert into city(region_id, name) values (386, 'Ochtrup');
insert into city(region_id, name) values (386, 'Oelde');
insert into city(region_id, name) values (386, 'Oer-Erkenschwick');
insert into city(region_id, name) values (386, 'Oerlinghausen');
insert into city(region_id, name) values (386, 'Olfen');
insert into city(region_id, name) values (386, 'Olpe');
insert into city(region_id, name) values (386, 'Olsberg');
insert into city(region_id, name) values (386, 'Ostbevern');
insert into city(region_id, name) values (386, 'Overath');
insert into city(region_id, name) values (386, 'Paderborn');
insert into city(region_id, name) values (386, 'Petershagen');
insert into city(region_id, name) values (386, 'Plettenberg');
insert into city(region_id, name) values (386, 'Porta Westfalica');
insert into city(region_id, name) values (386, 'Preuisch Oldendorf');
insert into city(region_id, name) values (386, 'Pulheim');
insert into city(region_id, name) values (386, 'Radevormwald');
insert into city(region_id, name) values (386, 'Rahden');
insert into city(region_id, name) values (386, 'Ratingen');
insert into city(region_id, name) values (386, 'Recke');
insert into city(region_id, name) values (386, 'Recklinghausen');
insert into city(region_id, name) values (386, 'Rees');
insert into city(region_id, name) values (386, 'Reichshof');
insert into city(region_id, name) values (386, 'Remscheid');
insert into city(region_id, name) values (386, 'Rheda-Wiedenbrck');
insert into city(region_id, name) values (386, 'Rhede');
insert into city(region_id, name) values (386, 'Rheinbach');
insert into city(region_id, name) values (386, 'Rheinberg');
insert into city(region_id, name) values (386, 'Rheine');
insert into city(region_id, name) values (386, 'Rietberg');
insert into city(region_id, name) values (386, 'Rdinghausen');
insert into city(region_id, name) values (386, 'Rosendahl');
insert into city(region_id, name) values (386, 'Rsrath');
insert into city(region_id, name) values (386, 'Ruppichteroth');
insert into city(region_id, name) values (386, 'Rthen');
insert into city(region_id, name) values (386, 'Saerbeck');
insert into city(region_id, name) values (386, 'Salzkotten');
insert into city(region_id, name) values (386, 'Sankt Augustin');
insert into city(region_id, name) values (386, 'Sassenberg');
insert into city(region_id, name) values (386, 'Schalksmhle');
insert into city(region_id, name) values (386, 'Schieder-Schwalenberg');
insert into city(region_id, name) values (386, 'Schlangen');
insert into city(region_id, name) values (386, 'Schlo Holte-Stukenbrock');
insert into city(region_id, name) values (386, 'Schmallenberg');
insert into city(region_id, name) values (386, 'Schwelm');
insert into city(region_id, name) values (386, 'Schwerte');
insert into city(region_id, name) values (386, 'Selfkant');
insert into city(region_id, name) values (386, 'Selm');
insert into city(region_id, name) values (386, 'Senden');
insert into city(region_id, name) values (386, 'Sendenhorst');
insert into city(region_id, name) values (386, 'Siegburg');
insert into city(region_id, name) values (386, 'Siegen');
insert into city(region_id, name) values (386, 'Simmerath');
insert into city(region_id, name) values (386, 'Soest');
insert into city(region_id, name) values (386, 'Solingen');
insert into city(region_id, name) values (386, 'Spenge');
insert into city(region_id, name) values (386, 'Sprockhvel');
insert into city(region_id, name) values (386, 'Stadtlohn');
insert into city(region_id, name) values (386, 'Steinfurt');
insert into city(region_id, name) values (386, 'Steinhagen');
insert into city(region_id, name) values (386, 'Steinheim');
insert into city(region_id, name) values (386, 'Stemwede');
insert into city(region_id, name) values (386, 'Stolberg (Rheinland)');
insert into city(region_id, name) values (386, 'Straelen');
insert into city(region_id, name) values (386, 'Sundern');
insert into city(region_id, name) values (386, 'Telgte');
insert into city(region_id, name) values (386, 'Tnisvorst');
insert into city(region_id, name) values (386, 'Troisdorf');
insert into city(region_id, name) values (386, 'bach-Palenberg');
insert into city(region_id, name) values (386, 'Uedem');
insert into city(region_id, name) values (386, 'Unna');
insert into city(region_id, name) values (386, 'Velbert');
insert into city(region_id, name) values (386, 'Verl');
insert into city(region_id, name) values (386, 'Versmold');
insert into city(region_id, name) values (386, 'Viersen');
insert into city(region_id, name) values (386, 'Vlotho');
insert into city(region_id, name) values (386, 'Voerde');
insert into city(region_id, name) values (386, 'Vreden');
insert into city(region_id, name) values (386, 'Waldbrl');
insert into city(region_id, name) values (386, 'Waldfeucht');
insert into city(region_id, name) values (386, 'Waltrop');
insert into city(region_id, name) values (386, 'Warburg');
insert into city(region_id, name) values (386, 'Warendorf');
insert into city(region_id, name) values (386, 'Warstein');
insert into city(region_id, name) values (386, 'Wassenberg');
insert into city(region_id, name) values (386, 'Weeze');
insert into city(region_id, name) values (386, 'Wegberg');
insert into city(region_id, name) values (386, 'Weilerswist');
insert into city(region_id, name) values (386, 'Werdohl');
insert into city(region_id, name) values (386, 'Werl');
insert into city(region_id, name) values (386, 'Wermelskirchen');
insert into city(region_id, name) values (386, 'Werne');
insert into city(region_id, name) values (386, 'Wesel');
insert into city(region_id, name) values (386, 'Wesseling');
insert into city(region_id, name) values (386, 'Westerkappeln');
insert into city(region_id, name) values (386, 'Wetter (Ruhr)');
insert into city(region_id, name) values (386, 'Wettringen');
insert into city(region_id, name) values (386, 'Wickede');
insert into city(region_id, name) values (386, 'Wiehl');
insert into city(region_id, name) values (386, 'Willebadessen');
insert into city(region_id, name) values (386, 'Willich');
insert into city(region_id, name) values (386, 'Wilnsdorf');
insert into city(region_id, name) values (386, 'Winterberg');
insert into city(region_id, name) values (386, 'Wipperfrth');
insert into city(region_id, name) values (386, 'Witten');
insert into city(region_id, name) values (386, 'Wlfrath');
insert into city(region_id, name) values (386, 'Wuppertal');
insert into city(region_id, name) values (386, 'Wrselen');
insert into city(region_id, name) values (386, 'Xanten');
insert into city(region_id, name) values (386, 'Zlpich');
insert into city(region_id, name) values (401, 'rgos');
insert into city(region_id, name) values (401, 'Ermini');
insert into city(region_id, name) values (401, 'Krandi');
insert into city(region_id, name) values (401, 'Nfplio');
insert into city(region_id, name) values (401, 'Nfplion');
insert into city(region_id, name) values (401, 'Nauplion');
insert into city(region_id, name) values (401, 'Nvplio');
insert into city(region_id, name) values (401, 'Nvplion');
insert into city(region_id, name) values (401, 'Prto-Khli');
insert into city(region_id, name) values (451, 'Abastumani');
insert into city(region_id, name) values (451, 'Abasha');
insert into city(region_id, name) values (451, 'Agara');
insert into city(region_id, name) values (451, 'Ambrolauri');
insert into city(region_id, name) values (451, 'Aspindza');
insert into city(region_id, name) values (451, 'Ahalkalaki');
insert into city(region_id, name) values (451, 'Ahalcihe');
insert into city(region_id, name) values (451, 'Ahmeta');
insert into city(region_id, name) values (451, 'Bakuriani');
insert into city(region_id, name) values (451, 'Bogdanovka');
insert into city(region_id, name) values (451, 'Bolnisi');
insert into city(region_id, name) values (451, 'Borjomi');
insert into city(region_id, name) values (451, 'Vani');
insert into city(region_id, name) values (451, 'Gardabani');
insert into city(region_id, name) values (451, 'Gegechkori');
insert into city(region_id, name) values (451, 'Gori');
insert into city(region_id, name) values (451, 'Gurdjaani');
insert into city(region_id, name) values (451, 'Djvari');
insert into city(region_id, name) values (451, 'Dmanisi');
insert into city(region_id, name) values (451, 'Dusheti');
insert into city(region_id, name) values (451, 'Zestafoni');
insert into city(region_id, name) values (451, 'Zugdidi');
insert into city(region_id, name) values (451, 'Kazbegi');
insert into city(region_id, name) values (451, 'Kareli');
insert into city(region_id, name) values (451, 'Kaspi');
insert into city(region_id, name) values (451, 'Kvaisi');
insert into city(region_id, name) values (451, 'Kvareli');
insert into city(region_id, name) values (451, 'Kodjori');
insert into city(region_id, name) values (451, 'Kutaisi');
insert into city(region_id, name) values (451, 'Lagodehi');
insert into city(region_id, name) values (451, 'Lanchhuti');
insert into city(region_id, name) values (451, 'Leningori');
insert into city(region_id, name) values (451, 'Lentehi');
insert into city(region_id, name) values (451, 'Marneuli');
insert into city(region_id, name) values (451, 'Maharadze');
insert into city(region_id, name) values (451, 'Mayakovskii');
insert into city(region_id, name) values (451, 'Mestia');
insert into city(region_id, name) values (451, 'Oni');
insert into city(region_id, name) values (451, 'Ordjonikidze');
insert into city(region_id, name) values (451, 'Poti');
insert into city(region_id, name) values (451, 'Rustavi');
insert into city(region_id, name) values (451, 'Sagaredjo');
insert into city(region_id, name) values (451, 'Samtredia');
insert into city(region_id, name) values (451, 'Sachhere');
insert into city(region_id, name) values (451, 'Signahi');
insert into city(region_id, name) values (451, 'Tbilisi');
insert into city(region_id, name) values (451, 'Telavi');
insert into city(region_id, name) values (451, 'Terjola');
insert into city(region_id, name) values (451, 'Tetri-Ckaro');
insert into city(region_id, name) values (451, 'Tianeti');
insert into city(region_id, name) values (451, 'Tkibuli');
insert into city(region_id, name) values (451, 'Hashuri');
insert into city(region_id, name) values (451, 'Hobi');
insert into city(region_id, name) values (451, 'Cageri');
insert into city(region_id, name) values (451, 'Calendjiha');
insert into city(region_id, name) values (451, 'Calka');
insert into city(region_id, name) values (451, 'Citeli-Ckaro');
insert into city(region_id, name) values (451, 'Cnori');
insert into city(region_id, name) values (451, 'Chakaya');
insert into city(region_id, name) values (451, 'Chaltubo');
insert into city(region_id, name) values (451, 'CHiatura');
insert into city(region_id, name) values (451, 'CHohatauri');
insert into city(region_id, name) values (451, 'CHhorocku');
insert into city(region_id, name) values (452, 'Aabo');
insert into city(region_id, name) values (452, 'Aaby');
insert into city(region_id, name) values (452, 'Aalum');
insert into city(region_id, name) values (452, 'Aarhus');
insert into city(region_id, name) values (452, 'Adslev');
insert into city(region_id, name) values (452, 'Albge');
insert into city(region_id, name) values (452, 'Alling');
insert into city(region_id, name) values (452, 'rhus');
insert into city(region_id, name) values (452, 'Auning');
insert into city(region_id, name) values (452, 'Brabrand');
insert into city(region_id, name) values (452, 'Ebeltoft');
insert into city(region_id, name) values (452, 'Gram');
insert into city(region_id, name) values (452, 'Gren');
insert into city(region_id, name) values (452, 'Grenaa');
insert into city(region_id, name) values (452, 'Gylling');
insert into city(region_id, name) values (452, 'Hadsten');
insert into city(region_id, name) values (452, 'Krajbjrg');
insert into city(region_id, name) values (452, 'Lang');
insert into city(region_id, name) values (452, 'Nimtofte');
insert into city(region_id, name) values (452, 'Norup');
insert into city(region_id, name) values (452, 'Nrbk');
insert into city(region_id, name) values (452, 'Odder');
insert into city(region_id, name) values (452, 'rsted');
insert into city(region_id, name) values (452, 'Randers');
insert into city(region_id, name) values (452, 'Risskov');
insert into city(region_id, name) values (452, 'Rnde');
insert into city(region_id, name) values (452, 'Rye');
insert into city(region_id, name) values (452, 'Silkeborg');
insert into city(region_id, name) values (452, 'Skanderborg');
insert into city(region_id, name) values (452, 'Thors');
insert into city(region_id, name) values (452, 'Ulstrup');
insert into region(id, country_id, name) values (468, 62, 'Sent-Ele');
insert into city(region_id, name) values (62, 'Ak-Dovurak');
insert into city(region_id, name) values (62, 'Bai Haak');
insert into city(region_id, name) values (62, 'Kyzyl');
insert into city(region_id, name) values (62, 'Samagaltai');
insert into city(region_id, name) values (62, 'Saryg-Sep');
insert into city(region_id, name) values (62, 'Sut-Hol');
insert into city(region_id, name) values (62, 'Toora-Hem');
insert into city(region_id, name) values (62, 'Turan');
insert into city(region_id, name) values (62, 'Teeli');
insert into city(region_id, name) values (62, 'Hovu-Aksy');
insert into city(region_id, name) values (62, 'CHadan');
insert into city(region_id, name) values (62, 'SHagonar');
insert into city(region_id, name) values (62, 'Erzin');
insert into city(region_id, name) values (344, 'Cabimas');
insert into city(region_id, name) values (344, 'Ciudad Ojeda');
insert into city(region_id, name) values (344, 'Fundo El Len');
insert into city(region_id, name) values (344, 'Maracaibo');
insert into city(region_id, name) values (344, 'Santa Rita');
insert into city(region_id, name) values (387, 'Aach');
insert into city(region_id, name) values (387, 'Abentheuer');
insert into city(region_id, name) values (387, 'Abtweiler');
insert into city(region_id, name) values (387, 'Adenau');
insert into city(region_id, name) values (387, 'Adenbach');
insert into city(region_id, name) values (387, 'Ailertchen');
insert into city(region_id, name) values (387, 'Albig');
insert into city(region_id, name) values (387, 'Albisheim (Pfrimm)');
insert into city(region_id, name) values (387, 'Alf');
insert into city(region_id, name) values (387, 'Allenbach');
insert into city(region_id, name) values (387, 'Allendorf');
insert into city(region_id, name) values (387, 'Alpenrod');
insert into city(region_id, name) values (387, 'Alsdorf (54668)');
insert into city(region_id, name) values (387, 'Alsenz');
insert into city(region_id, name) values (387, 'Alsheim');
insert into city(region_id, name) values (387, 'Altenkirchen (57610)');
insert into city(region_id, name) values (387, 'Altenkirchen (66903)');
insert into city(region_id, name) values (387, 'Alterklz');
insert into city(region_id, name) values (387, 'Altleiningen');
insert into city(region_id, name) values (387, 'Alzey');
insert into city(region_id, name) values (387, 'Andernach');
insert into city(region_id, name) values (387, 'Annweiler am Trifels');
insert into city(region_id, name) values (387, 'Asbach (53567)');
insert into city(region_id, name) values (387, 'Auderath');
insert into city(region_id, name) values (387, 'Ayl');
insert into city(region_id, name) values (387, 'Baar');
insert into city(region_id, name) values (387, 'Bad Bergzabern');
insert into city(region_id, name) values (387, 'Bad Breisig');
insert into city(region_id, name) values (387, 'Bad Drkheim');
insert into city(region_id, name) values (387, 'Bad Ems');
insert into city(region_id, name) values (387, 'Bad Hnningen');
insert into city(region_id, name) values (387, 'Bad Kreuznach');
insert into city(region_id, name) values (387, 'Bad Marienberg');
insert into city(region_id, name) values (387, 'Bad Mnster am Stein-Ebernburg');
insert into city(region_id, name) values (387, 'Bad Neuenahr-Ahrweiler');
insert into city(region_id, name) values (387, 'Bad Sobernheim');
insert into city(region_id, name) values (387, 'Brenbach (55483)');
insert into city(region_id, name) values (387, 'Baumholder');
insert into city(region_id, name) values (387, 'Bausendorf');
insert into city(region_id, name) values (387, 'Bell (56288)');
insert into city(region_id, name) values (387, 'Bellheim');
insert into city(region_id, name) values (387, 'Bendorf');
insert into city(region_id, name) values (387, 'Berlingen');
insert into city(region_id, name) values (387, 'Bernkastel-Kues');
insert into city(region_id, name) values (387, 'Berzhahn');
insert into city(region_id, name) values (387, 'Betzdorf');
insert into city(region_id, name) values (387, 'Bingen am Rhein');
insert into city(region_id, name) values (387, 'Birkenfeld');
insert into city(region_id, name) values (387, 'Birlenbach');
insert into city(region_id, name) values (387, 'Bitburg');
insert into city(region_id, name) values (387, 'Bitzen');
insert into city(region_id, name) values (387, 'Blankenrath');
insert into city(region_id, name) values (387, 'Bobenheim-Roxheim');
insert into city(region_id, name) values (387, 'Bogel');
insert into city(region_id, name) values (387, 'Bhl-Iggelheim');
insert into city(region_id, name) values (387, 'Boppard');
insert into city(region_id, name) values (387, 'Braubach');
insert into city(region_id, name) values (387, 'Bruchmhlbach-Miesau');
insert into city(region_id, name) values (387, 'Brcken (66904)');
insert into city(region_id, name) values (387, 'Bchenbeuren');
insert into city(region_id, name) values (387, 'Burgen (56332)');
insert into city(region_id, name) values (387, 'Cochem');
insert into city(region_id, name) values (387, 'Contwig');
insert into city(region_id, name) values (387, 'Daaden');
insert into city(region_id, name) values (387, 'Dahn');
insert into city(region_id, name) values (387, 'Daun');
insert into city(region_id, name) values (387, 'Deidesheim');
insert into city(region_id, name) values (387, 'Dellfeld');
insert into city(region_id, name) values (387, 'Dierbach');
insert into city(region_id, name) values (387, 'Dierdorf');
insert into city(region_id, name) values (387, 'Diez');
insert into city(region_id, name) values (387, 'Dreisen');
insert into city(region_id, name) values (387, 'Dudenhofen');
insert into city(region_id, name) values (387, 'Eckfeld');
insert into city(region_id, name) values (387, 'Edenkoben');
insert into city(region_id, name) values (387, 'Eich');
insert into city(region_id, name) values (387, 'Einig');
insert into city(region_id, name) values (387, 'Einselthum');
insert into city(region_id, name) values (387, 'Eisenberg');
insert into city(region_id, name) values (387, 'Emmelshausen');
insert into city(region_id, name) values (387, 'Enkenbach-Alsenborn');
insert into city(region_id, name) values (387, 'Elingen');
insert into city(region_id, name) values (387, 'Fell');
insert into city(region_id, name) values (387, 'Fischbach (67693)');
insert into city(region_id, name) values (387, 'Forst (Hunsrck)');
insert into city(region_id, name) values (387, 'Forst an der Weinstrae');
insert into city(region_id, name) values (387, 'Frankenthal (Pfalz)');
insert into city(region_id, name) values (387, 'Gau-Algesheim');
insert into city(region_id, name) values (387, 'Gensingen');
insert into city(region_id, name) values (387, 'Germersheim');
insert into city(region_id, name) values (387, 'Gerolstein');
insert into city(region_id, name) values (387, 'Gillenfeld');
insert into city(region_id, name) values (387, 'Glan-Mnchweiler');
insert into city(region_id, name) values (387, 'Gleisweiler');
insert into city(region_id, name) values (387, 'Groniedesheim');
insert into city(region_id, name) values (387, 'Grnstadt');
insert into city(region_id, name) values (387, 'Gundheim');
insert into city(region_id, name) values (387, 'Hachenburg');
insert into city(region_id, name) values (387, 'Hahn');
insert into city(region_id, name) values (387, 'Hamm (57577)');
insert into city(region_id, name) values (387, 'Hasselbach (56288)');
insert into city(region_id, name) values (387, 'Haloch');
insert into city(region_id, name) values (387, 'Heimbach');
insert into city(region_id, name) values (387, 'Hermeskeil');
insert into city(region_id, name) values (387, 'Herxheim bei Landau/Pfalz');
insert into city(region_id, name) values (387, 'Hettenleidelheim');
insert into city(region_id, name) values (387, 'Hochspeyer');
insert into city(region_id, name) values (387, 'Hof');
insert into city(region_id, name) values (387, 'Hhr-Grenzhausen');
insert into city(region_id, name) values (387, 'Holzappel');
insert into city(region_id, name) values (387, 'Homberg (67744)');
insert into city(region_id, name) values (387, 'Horhausen (56593)');
insert into city(region_id, name) values (387, 'Idar-Oberstein');
insert into city(region_id, name) values (387, 'Ingelheim am Rhein');
insert into city(region_id, name) values (387, 'Kaisersesch');
insert into city(region_id, name) values (387, 'Kaiserslautern');
insert into city(region_id, name) values (387, 'Kalt');
insert into city(region_id, name) values (387, 'Kandel');
insert into city(region_id, name) values (387, 'Karlshausen');
insert into city(region_id, name) values (387, 'Kasel');
insert into city(region_id, name) values (387, 'Kastellaun');
insert into city(region_id, name) values (387, 'Kelberg');
insert into city(region_id, name) values (387, 'Kestert');
insert into city(region_id, name) values (387, 'Kirchberg');
insert into city(region_id, name) values (387, 'Kirchen');
insert into city(region_id, name) values (387, 'Kirchheimbolanden');
insert into city(region_id, name) values (387, 'Kirn');
insert into city(region_id, name) values (387, 'Koblenz');
insert into city(region_id, name) values (387, 'Konz');
insert into city(region_id, name) values (387, 'Krv');
insert into city(region_id, name) values (387, 'Kruft');
insert into city(region_id, name) values (387, 'Kusel');
insert into city(region_id, name) values (387, 'Lahnstein');
insert into city(region_id, name) values (387, 'Lambsheim');
insert into city(region_id, name) values (387, 'Landau in der Pfalz');
insert into city(region_id, name) values (387, 'Landstuhl');
insert into city(region_id, name) values (387, 'Lemberg');
insert into city(region_id, name) values (387, 'Limburgerhof');
insert into city(region_id, name) values (387, 'Linz am Rhein');
insert into city(region_id, name) values (387, 'Ludwigshafen am Rhein');
insert into city(region_id, name) values (387, 'Ludwigshhe');
insert into city(region_id, name) values (387, 'Lutzerath');
insert into city(region_id, name) values (387, 'Mainz');
insert into city(region_id, name) values (387, 'Manderscheid (54531)');
insert into city(region_id, name) values (387, 'Marnheim');
insert into city(region_id, name) values (387, 'Mayen');
insert into city(region_id, name) values (387, 'Meckenheim');
insert into city(region_id, name) values (387, 'Meinborn');
insert into city(region_id, name) values (387, 'Mendig');
insert into city(region_id, name) values (387, 'Miellen');
insert into city(region_id, name) values (387, 'Montabaur');
insert into city(region_id, name) values (387, 'Morbach');
insert into city(region_id, name) values (387, 'Mrsbach');
insert into city(region_id, name) values (387, 'Mden');
insert into city(region_id, name) values (387, 'Mlheim');
insert into city(region_id, name) values (387, 'Mlheim-Krlich');
insert into city(region_id, name) values (387, 'Mutterstadt');
insert into city(region_id, name) values (387, 'Nassau');
insert into city(region_id, name) values (387, 'Nasttten');
insert into city(region_id, name) values (387, 'Neuerburg');
insert into city(region_id, name) values (387, 'Neuerkirch');
insert into city(region_id, name) values (387, 'Neuhofen');
insert into city(region_id, name) values (387, 'Neustadt (Westerwald)');
insert into city(region_id, name) values (387, 'Neustadt (Wied)');
insert into city(region_id, name) values (387, 'Neustadt an der Weinstrae');
insert into city(region_id, name) values (387, 'Neuwied');
insert into city(region_id, name) values (387, 'Nieder-Olm');
insert into city(region_id, name) values (387, 'Niedersohren');
insert into city(region_id, name) values (387, 'Oberhonnefeld-Gierend');
insert into city(region_id, name) values (387, 'Oberwesel');
insert into city(region_id, name) values (387, 'Offenbach an der Queich');
insert into city(region_id, name) values (387, 'Oppenheim');
insert into city(region_id, name) values (387, 'Osthofen');
insert into city(region_id, name) values (387, 'Otterberg');
insert into city(region_id, name) values (387, 'Pirmasens');
insert into city(region_id, name) values (387, 'Polch');
insert into city(region_id, name) values (387, 'Prm');
insert into city(region_id, name) values (387, 'Puderbach');
insert into city(region_id, name) values (387, 'Ramstein-Miesenbach');
insert into city(region_id, name) values (387, 'Ransbach-Baumbach');
insert into city(region_id, name) values (387, 'Remagen');
insert into city(region_id, name) values (387, 'Rennerod');
insert into city(region_id, name) values (387, 'Rheinbrohl');
insert into city(region_id, name) values (387, 'Rockenhausen');
insert into city(region_id, name) values (387, 'Rosenheim');
insert into city(region_id, name) values (387, 'Roth (57539)');
insert into city(region_id, name) values (387, 'Rlzheim');
insert into city(region_id, name) values (387, 'Saarburg');
insert into city(region_id, name) values (387, 'Sankt Julian');
insert into city(region_id, name) values (387, 'Schifferstadt');
insert into city(region_id, name) values (387, 'Schnenberg-Kbelberg');
insert into city(region_id, name) values (387, 'Schwegenheim');
insert into city(region_id, name) values (387, 'Sellerich');
insert into city(region_id, name) values (387, 'Selters');
insert into city(region_id, name) values (387, 'Sessenhausen');
insert into city(region_id, name) values (387, 'Simmern (55469)');
insert into city(region_id, name) values (387, 'Simmertal');
insert into city(region_id, name) values (387, 'Sinzig');
insert into city(region_id, name) values (387, 'Sohren');
insert into city(region_id, name) values (387, 'Speyer');
insert into city(region_id, name) values (387, 'Trier');
insert into city(region_id, name) values (387, 'Trimbs');
insert into city(region_id, name) values (387, 'Ulmen');
insert into city(region_id, name) values (387, 'Vallendar');
insert into city(region_id, name) values (387, 'Waldmohr');
insert into city(region_id, name) values (387, 'Wallmerod');
insert into city(region_id, name) values (387, 'Walsdorf');
insert into city(region_id, name) values (387, 'Weiden');
insert into city(region_id, name) values (387, 'Weilerbach');
insert into city(region_id, name) values (387, 'Weienthurm');
insert into city(region_id, name) values (387, 'Westerburg');
insert into city(region_id, name) values (387, 'Windhagen');
insert into city(region_id, name) values (387, 'Winnweiler');
insert into city(region_id, name) values (387, 'Wirges');
insert into city(region_id, name) values (387, 'Wissen');
insert into city(region_id, name) values (387, 'Wittlich');
insert into city(region_id, name) values (387, 'Worms');
insert into city(region_id, name) values (387, 'Wrth am Rhein');
insert into city(region_id, name) values (387, 'Zell');
insert into city(region_id, name) values (387, 'Zerf');
insert into city(region_id, name) values (387, 'Zweibrcken');
insert into city(region_id, name) values (387, 'Zweifelscheid');
insert into city(region_id, name) values (402, 'stros');
insert into city(region_id, name) values (402, 'Leondi');
insert into city(region_id, name) values (402, 'Megalpolis');
insert into city(region_id, name) values (402, 'Trpoli');
insert into city(region_id, name) values (402, 'Trpolis');
insert into city(region_id, name) values (453, 'Aakirkeby');
insert into city(region_id, name) values (453, 'Aalse');
insert into city(region_id, name) values (453, 'Aarsballe');
insert into city(region_id, name) values (453, 'lse');
insert into city(region_id, name) values (453, 'Bodilskirke');
insert into city(region_id, name) values (453, 'Blshavn');
insert into city(region_id, name) values (453, 'Brohuse');
insert into city(region_id, name) values (453, 'Sletteenge');
insert into city(region_id, name) values (453, 'Svaneke');
insert into city(region_id, name) values (468, 'Sent-Ele');
insert into region(id, country_id, name) values (469, 63, 'Djibuti');
insert into city(region_id, name) values (63, 'Ageevo');
insert into city(region_id, name) values (63, 'Aleksin');
insert into city(region_id, name) values (63, 'Arsenevo');
insert into city(region_id, name) values (63, 'Barsuki');
insert into city(region_id, name) values (63, 'Belev');
insert into city(region_id, name) values (63, 'Bogorodick');
insert into city(region_id, name) values (63, 'Bolohovo');
insert into city(region_id, name) values (63, 'Velegoj');
insert into city(region_id, name) values (63, 'Venev');
insert into city(region_id, name) values (63, 'Volovo');
insert into city(region_id, name) values (63, 'Gorelki');
insert into city(region_id, name) values (63, 'Donskoi');
insert into city(region_id, name) values (63, 'Dubna (Tulskaya obl.)');
insert into city(region_id, name) values (63, 'Epifan');
insert into city(region_id, name) values (63, 'Efremov');
insert into city(region_id, name) values (63, 'Zaokskii');
insert into city(region_id, name) values (63, 'Kazanovka');
insert into city(region_id, name) values (63, 'Kimovsk');
insert into city(region_id, name) values (63, 'Kireevsk');
insert into city(region_id, name) values (63, 'Kurkino');
insert into city(region_id, name) values (63, 'Leninskii');
insert into city(region_id, name) values (63, 'Lyantor');
insert into city(region_id, name) values (63, 'Novomoskovsk');
insert into city(region_id, name) values (63, 'Odoev');
insert into city(region_id, name) values (63, 'Plavsk');
insert into city(region_id, name) values (63, 'Sovetsk (Tulskaya obl.)');
insert into city(region_id, name) values (63, 'Suvorov');
insert into city(region_id, name) values (63, 'Tula');
insert into city(region_id, name) values (63, 'Uzlovaya');
insert into city(region_id, name) values (63, 'SCHekino');
insert into city(region_id, name) values (63, 'YAsnogorsk');
insert into city(region_id, name) values (388, 'Beckingen');
insert into city(region_id, name) values (388, 'Bexbach');
insert into city(region_id, name) values (388, 'Blieskastel');
insert into city(region_id, name) values (388, 'Bous');
insert into city(region_id, name) values (388, 'Dillingen');
insert into city(region_id, name) values (388, 'Ensdorf');
insert into city(region_id, name) values (388, 'Eppelborn');
insert into city(region_id, name) values (388, 'Friedrichsthal');
insert into city(region_id, name) values (388, 'Gersheim');
insert into city(region_id, name) values (388, 'Heusweiler');
insert into city(region_id, name) values (388, 'Homburg');
insert into city(region_id, name) values (388, 'Illingen');
insert into city(region_id, name) values (388, 'Kirkel');
insert into city(region_id, name) values (388, 'Kleinblittersdorf');
insert into city(region_id, name) values (388, 'Lebach');
insert into city(region_id, name) values (388, 'Losheim am See');
insert into city(region_id, name) values (388, 'Mandelbachtal');
insert into city(region_id, name) values (388, 'Marpingen');
insert into city(region_id, name) values (388, 'Merchweiler');
insert into city(region_id, name) values (388, 'Merzig');
insert into city(region_id, name) values (388, 'Mettlach');
insert into city(region_id, name) values (388, 'Nalbach');
insert into city(region_id, name) values (388, 'Namborn');
insert into city(region_id, name) values (388, 'Neunkirchen/Saar');
insert into city(region_id, name) values (388, 'Nonnweiler');
insert into city(region_id, name) values (388, 'Oberthal');
insert into city(region_id, name) values (388, 'Ottweiler');
insert into city(region_id, name) values (388, 'Perl');
insert into city(region_id, name) values (388, 'Pttlingen');
insert into city(region_id, name) values (388, 'Quierschied');
insert into city(region_id, name) values (388, 'Rehlingen-Siersburg');
insert into city(region_id, name) values (388, 'Riegelsberg');
insert into city(region_id, name) values (388, 'Saarbrcken');
insert into city(region_id, name) values (388, 'Saarlouis');
insert into city(region_id, name) values (388, 'Saarwellingen');
insert into city(region_id, name) values (388, 'Sankt Ingbert');
insert into city(region_id, name) values (388, 'Sankt Wendel');
insert into city(region_id, name) values (388, 'Schmelz');
insert into city(region_id, name) values (388, 'Schwalbach');
insert into city(region_id, name) values (388, 'Spiesen-Elversberg');
insert into city(region_id, name) values (388, 'Sulzbach/Saar');
insert into city(region_id, name) values (388, 'Tholey');
insert into city(region_id, name) values (388, 'berherrn');
insert into city(region_id, name) values (388, 'Vlklingen');
insert into city(region_id, name) values (388, 'Wadern');
insert into city(region_id, name) values (388, 'Wadgassen');
insert into city(region_id, name) values (388, 'Wallerfangen');
insert into city(region_id, name) values (388, 'Weiskirchen');
insert into city(region_id, name) values (403, 'Aga Trida');
insert into city(region_id, name) values (403, 'Aga Tris');
insert into city(region_id, name) values (403, 'gios Ionnis');
insert into city(region_id, name) values (403, 'Alni');
insert into city(region_id, name) values (403, 'rta');
insert into city(region_id, name) values (403, 'Gianntsi');
insert into city(region_id, name) values (403, 'Mlos Pap');
insert into city(region_id, name) values (454, 'Allerd');
insert into city(region_id, name) values (454, 'Bastrup');
insert into city(region_id, name) values (454, 'Birkerd');
insert into city(region_id, name) values (454, 'Dronningmlle');
insert into city(region_id, name) values (454, 'Fredensborg');
insert into city(region_id, name) values (454, 'Frederikssund');
insert into city(region_id, name) values (454, 'Frederiksvrk');
insert into city(region_id, name) values (454, 'Gilleleje');
insert into city(region_id, name) values (454, 'Helsinge');
insert into city(region_id, name) values (454, 'Helsingr');
insert into city(region_id, name) values (454, 'Herlev');
insert into city(region_id, name) values (454, 'Hillerd');
insert into city(region_id, name) values (454, 'Hundested');
insert into city(region_id, name) values (454, 'lstykke');
insert into city(region_id, name) values (469, 'Djibuti');
insert into region(id, country_id, name) values (470, 64, 'Santo-domingo');
insert into city(region_id, name) values (64, 'YAr-Sale');
insert into city(region_id, name) values (64, 'Abatskii');
insert into city(region_id, name) values (64, 'Agan');
insert into city(region_id, name) values (64, 'Aksarka');
insert into city(region_id, name) values (64, 'Armizonskoe');
insert into city(region_id, name) values (64, 'Aromashevo');
insert into city(region_id, name) values (64, 'Beloyarskii (Tyumenskaya obl.)');
insert into city(region_id, name) values (64, 'Berdyuje');
insert into city(region_id, name) values (64, 'Berezovo');
insert into city(region_id, name) values (64, 'Bolshoe Sorokino');
insert into city(region_id, name) values (64, 'Vagai');
insert into city(region_id, name) values (64, 'Vikulovo');
insert into city(region_id, name) values (64, 'Vinzili');
insert into city(region_id, name) values (64, 'Golyshmanovo');
insert into city(region_id, name) values (64, 'Gubkinskii (Tyumenskaya obl.)');
insert into city(region_id, name) values (64, 'Zavodopetrovskii');
insert into city(region_id, name) values (64, 'Zavodoukovsk');
insert into city(region_id, name) values (64, 'Igrim');
insert into city(region_id, name) values (64, 'Izluchinsk');
insert into city(region_id, name) values (64, 'Isetskoe');
insert into city(region_id, name) values (64, 'Ishim');
insert into city(region_id, name) values (64, 'Kazanskoe');
insert into city(region_id, name) values (64, 'Kazym-Mys');
insert into city(region_id, name) values (64, 'Kogalym (Tyumenskaya obl.)');
insert into city(region_id, name) values (64, 'Kondinskoe');
insert into city(region_id, name) values (64, 'Krasnoselkup');
insert into city(region_id, name) values (64, 'Labytnangi');
insert into city(region_id, name) values (64, 'Langepas');
insert into city(region_id, name) values (64, 'Laryak');
insert into city(region_id, name) values (64, 'Lyantorskii');
insert into city(region_id, name) values (64, 'Megion');
insert into city(region_id, name) values (64, 'Mejdurechenskii');
insert into city(region_id, name) values (64, 'Muji');
insert into city(region_id, name) values (64, 'Muravlenko (Tyumenskaya obl.)');
insert into city(region_id, name) values (64, 'Nadym (Tyumenskaya obl.)');
insert into city(region_id, name) values (64, 'Nahodka (Tyumenskaya obl.)');
insert into city(region_id, name) values (64, 'Nefteyugansk');
insert into city(region_id, name) values (64, 'Nijnevartovsk');
insert into city(region_id, name) values (64, 'Nijnyaya Tavda');
insert into city(region_id, name) values (64, 'Novoagansk');
insert into city(region_id, name) values (64, 'Novyi Urengoi (Tyumenskaya obl.)');
insert into city(region_id, name) values (64, 'Noyabrsk (Tyumenskaya obl.)');
insert into city(region_id, name) values (64, 'Nyagan');
insert into city(region_id, name) values (64, 'Oktyabrskoe (Tyumenskaya obl.)');
insert into city(region_id, name) values (64, 'Omutinskii');
insert into city(region_id, name) values (64, 'Pokachi (Tyumenskaya obl.)');
insert into city(region_id, name) values (64, 'Priobe');
insert into city(region_id, name) values (64, 'Pyt-YAh');
insert into city(region_id, name) values (64, 'Radujnyi (Hanty-Mansiiskii AO)');
insert into city(region_id, name) values (64, 'Salehard');
insert into city(region_id, name) values (64, 'Sladkovo');
insert into city(region_id, name) values (64, 'Sovetskii (Tyumenskaya obl.)');
insert into city(region_id, name) values (64, 'Surgut');
insert into city(region_id, name) values (64, 'Tazovskii');
insert into city(region_id, name) values (64, 'Tobolsk');
insert into city(region_id, name) values (64, 'Tyumen');
insert into city(region_id, name) values (64, 'Uvat');
insert into city(region_id, name) values (64, 'Un`yugan');
insert into city(region_id, name) values (64, 'Uporovo');
insert into city(region_id, name) values (64, 'Urai');
insert into city(region_id, name) values (64, 'Hanty-Mansiisk');
insert into city(region_id, name) values (64, 'YUgorsk');
insert into city(region_id, name) values (64, 'YUribei');
insert into city(region_id, name) values (64, 'YAlutorovsk');
insert into city(region_id, name) values (64, 'YArkovo');
insert into city(region_id, name) values (389, 'Adorf');
insert into city(region_id, name) values (389, 'Altenberg');
insert into city(region_id, name) values (389, 'Altmittweida');
insert into city(region_id, name) values (389, 'Amtsberg');
insert into city(region_id, name) values (389, 'Annaberg-Buchholz');
insert into city(region_id, name) values (389, 'Aue');
insert into city(region_id, name) values (389, 'Auerbach');
insert into city(region_id, name) values (389, 'Auerbach/Vogtland');
insert into city(region_id, name) values (389, 'Augustusburg');
insert into city(region_id, name) values (389, 'Bad Dben');
insert into city(region_id, name) values (389, 'Bad Elster');
insert into city(region_id, name) values (389, 'Bad Muskau');
insert into city(region_id, name) values (389, 'Bahretal');
insert into city(region_id, name) values (389, 'Bannewitz');
insert into city(region_id, name) values (389, 'Bautzen');
insert into city(region_id, name) values (389, 'Beiersdorf');
insert into city(region_id, name) values (389, 'Beilrode');
insert into city(region_id, name) values (389, 'Belgershain');
insert into city(region_id, name) values (389, 'Bischofswerda');
insert into city(region_id, name) values (389, 'Bockelwitz');
insert into city(region_id, name) values (389, 'Borna');
insert into city(region_id, name) values (389, 'Brnichen/Erzgebirge');
insert into city(region_id, name) values (389, 'Burgstdt');
insert into city(region_id, name) values (389, 'Burkau');
insert into city(region_id, name) values (389, 'Cavertitz');
insert into city(region_id, name) values (389, 'Chemnitz');
insert into city(region_id, name) values (389, 'Claunitz');
insert into city(region_id, name) values (389, 'Coswig');
insert into city(region_id, name) values (389, 'Crimmitschau');
insert into city(region_id, name) values (389, 'Delitzsch');
insert into city(region_id, name) values (389, 'Dennheritz');
insert into city(region_id, name) values (389, 'Deutschneudorf');
insert into city(region_id, name) values (389, 'Dippoldiswalde');
insert into city(region_id, name) values (389, 'Dbeln');
insert into city(region_id, name) values (389, 'Dresden');
insert into city(region_id, name) values (389, 'Drrrhrsdorf-Dittersbach');
insert into city(region_id, name) values (389, 'Falkenstein/Vogtland');
insert into city(region_id, name) values (389, 'Flha');
insert into city(region_id, name) values (389, 'Freiberg');
insert into city(region_id, name) values (389, 'Freital');
insert into city(region_id, name) values (389, 'Glauchau');
insert into city(region_id, name) values (389, 'Grlitz');
insert into city(region_id, name) values (389, 'Grimma');
insert into city(region_id, name) values (389, 'Grditz');
insert into city(region_id, name) values (389, 'Groenhain');
insert into city(region_id, name) values (389, 'Heidenau');
insert into city(region_id, name) values (389, 'Hoyerswerda');
insert into city(region_id, name) values (389, 'Johanngeorgenstadt');
insert into city(region_id, name) values (389, 'Jonsdorf');
insert into city(region_id, name) values (389, 'Kamenz');
insert into city(region_id, name) values (389, 'Klingenthal/Sachsen');
insert into city(region_id, name) values (389, 'Lauig');
insert into city(region_id, name) values (389, 'Leipzig');
insert into city(region_id, name) values (389, 'Limbach-Oberfrohna');
insert into city(region_id, name) values (389, 'Lbau');
insert into city(region_id, name) values (389, 'Lnitz');
insert into city(region_id, name) values (389, 'Lugau/Erzgebirge');
insert into city(region_id, name) values (389, 'Marienberg');
insert into city(region_id, name) values (389, 'Markkleeberg');
insert into city(region_id, name) values (389, 'Meerane');
insert into city(region_id, name) values (389, 'Meien');
insert into city(region_id, name) values (389, 'Mittweida');
insert into city(region_id, name) values (389, 'Neusalza-Spremberg');
insert into city(region_id, name) values (389, 'Neustadt in Sachsen');
insert into city(region_id, name) values (389, 'Niesky');
insert into city(region_id, name) values (389, 'Oelsnitz');
insert into city(region_id, name) values (389, 'Ohorn');
insert into city(region_id, name) values (389, 'Otterwisch');
insert into city(region_id, name) values (389, 'Pirna');
insert into city(region_id, name) values (389, 'Plauen');
insert into city(region_id, name) values (389, 'Pulsnitz');
insert into city(region_id, name) values (389, 'Radeberg');
insert into city(region_id, name) values (389, 'Radebeul');
insert into city(region_id, name) values (389, 'Reichenbach/Vogtland');
insert into city(region_id, name) values (389, 'Riesa');
insert into city(region_id, name) values (389, 'Rodewisch');
insert into city(region_id, name) values (389, 'Rothenburg/Oberlausitz');
insert into city(region_id, name) values (389, 'Schlema');
insert into city(region_id, name) values (389, 'Schneeberg');
insert into city(region_id, name) values (389, 'Stollberg/Erzgebirge');
insert into city(region_id, name) values (389, 'Syrau');
insert into city(region_id, name) values (389, 'Torgau');
insert into city(region_id, name) values (389, 'Treuen');
insert into city(region_id, name) values (389, 'Waldheim');
insert into city(region_id, name) values (389, 'Weiwasser');
insert into city(region_id, name) values (389, 'Werdau');
insert into city(region_id, name) values (389, 'Wilkau-Halau');
insert into city(region_id, name) values (389, 'Wurzen');
insert into city(region_id, name) values (389, 'Zittau');
insert into city(region_id, name) values (389, 'Zschopau');
insert into city(region_id, name) values (389, 'Zwickau');
insert into city(region_id, name) values (404, 'Aegina');
insert into city(region_id, name) values (404, 'Afini');
insert into city(region_id, name) values (404, 'gioi');
insert into city(region_id, name) values (404, 'Agina');
insert into city(region_id, name) values (404, 'Arpis');
insert into city(region_id, name) values (404, 'Atene');
insert into city(region_id, name) values (404, 'Athen');
insert into city(region_id, name) values (404, 'Athenai');
insert into city(region_id, name) values (404, 'Athnes');
insert into city(region_id, name) values (404, 'Athens');
insert into city(region_id, name) values (404, 'Athna');
insert into city(region_id, name) values (404, 'Athnai');
insert into city(region_id, name) values (404, 'Athinia');
insert into city(region_id, name) values (404, 'Elefsna');
insert into city(region_id, name) values (404, 'Elefss');
insert into city(region_id, name) values (404, 'Eleusis');
insert into city(region_id, name) values (404, 'Glifdha');
insert into city(region_id, name) values (404, 'Glyfda');
insert into city(region_id, name) values (404, 'kalithea');
insert into city(region_id, name) values (404, 'Keratsni');
insert into city(region_id, name) values (404, 'Keratsinou');
insert into city(region_id, name) values (404, 'Palokia');
insert into city(region_id, name) values (404, 'Peiraeus');
insert into city(region_id, name) values (404, 'Peirai');
insert into city(region_id, name) values (404, 'Prama');
insert into city(region_id, name) values (404, 'Piraeus');
insert into city(region_id, name) values (404, 'Pireo');
insert into city(region_id, name) values (404, 'Pros');
insert into city(region_id, name) values (404, 'Potams');
insert into city(region_id, name) values (455, '');
insert into city(region_id, name) values (455, 'Aarslev');
insert into city(region_id, name) values (455, 'rslev');
insert into city(region_id, name) values (455, 'Assens');
insert into city(region_id, name) values (455, 'sum');
insert into city(region_id, name) values (455, 'Bogense');
insert into city(region_id, name) values (455, 'Brenderup');
insert into city(region_id, name) values (455, 'Faaborg');
insert into city(region_id, name) values (455, 'Gislev Holme');
insert into city(region_id, name) values (455, 'Horne');
insert into city(region_id, name) values (455, 'Korinth');
insert into city(region_id, name) values (455, 'Middelfart');
insert into city(region_id, name) values (455, 'Nyborg');
insert into city(region_id, name) values (455, 'Odense');
insert into city(region_id, name) values (455, 'rsted');
insert into city(region_id, name) values (455, 'Ringe');
insert into city(region_id, name) values (455, 'Rudkbing');
insert into city(region_id, name) values (455, 'Svendborg');
insert into city(region_id, name) values (455, 'Svindinge');
insert into city(region_id, name) values (455, 'Tommerup');
insert into city(region_id, name) values (455, 'Vester Hsinge');
insert into city(region_id, name) values (470, 'Santo-domingo');
insert into region(id, country_id, name) values (471, 65, 'Al-Kahira');
insert into region(id, country_id, name) values (472, 65, 'Asuan');
insert into region(id, country_id, name) values (473, 65, 'Asyut');
insert into region(id, country_id, name) values (474, 65, 'Beni-Sueif');
insert into region(id, country_id, name) values (475, 65, 'Garbiya');
insert into region(id, country_id, name) values (476, 65, 'Dumyat');
insert into region(id, country_id, name) values (477, 65, 'Egipet');
insert into region(id, country_id, name) values (478, 65, 'Sinai');
insert into city(region_id, name) values (65, 'Alnashi');
insert into city(region_id, name) values (65, 'Balezino');
insert into city(region_id, name) values (65, 'Vavoj');
insert into city(region_id, name) values (65, 'Votkinsk');
insert into city(region_id, name) values (65, 'Glazov');
insert into city(region_id, name) values (65, 'Grahovo');
insert into city(region_id, name) values (65, 'Debesy');
insert into city(region_id, name) values (65, 'Zavyalovo');
insert into city(region_id, name) values (65, 'Igra');
insert into city(region_id, name) values (65, 'Ijevsk');
insert into city(region_id, name) values (65, 'Kama');
insert into city(region_id, name) values (65, 'Kambarka');
insert into city(region_id, name) values (65, 'Karakulino');
insert into city(region_id, name) values (65, 'Kez');
insert into city(region_id, name) values (65, 'Kizner');
insert into city(region_id, name) values (65, 'Kiyasovo');
insert into city(region_id, name) values (65, 'Krasnogorskoe (Udmurtiya)');
insert into city(region_id, name) values (65, 'Mojga');
insert into city(region_id, name) values (65, 'Sarapul');
insert into city(region_id, name) values (65, 'Selty');
insert into city(region_id, name) values (65, 'Syumsi');
insert into city(region_id, name) values (65, 'Uva');
insert into city(region_id, name) values (65, 'Ustinov');
insert into city(region_id, name) values (65, 'SHarkan');
insert into city(region_id, name) values (65, 'YUkamenskoe');
insert into city(region_id, name) values (65, 'YAkshur-Bodya');
insert into city(region_id, name) values (65, 'YAr');
insert into city(region_id, name) values (390, 'Abbenrode');
insert into city(region_id, name) values (390, 'Ahlsdorf');
insert into city(region_id, name) values (390, 'Allrode');
insert into city(region_id, name) values (390, 'Alterode');
insert into city(region_id, name) values (390, 'Aschersleben');
insert into city(region_id, name) values (390, 'Bad Drrenberg');
insert into city(region_id, name) values (390, 'Bad Ksen');
insert into city(region_id, name) values (390, 'Barby');
insert into city(region_id, name) values (390, 'Beelitz');
insert into city(region_id, name) values (390, 'Bernburg');
insert into city(region_id, name) values (390, 'Bitterfeld');
insert into city(region_id, name) values (390, 'Blankenburg');
insert into city(region_id, name) values (390, 'Born');
insert into city(region_id, name) values (390, 'Braunsbedra');
insert into city(region_id, name) values (390, 'Burg');
insert into city(region_id, name) values (390, 'Dessau');
insert into city(region_id, name) values (390, 'Ditfurt');
insert into city(region_id, name) values (390, 'Domnitz');
insert into city(region_id, name) values (390, 'Eilsleben');
insert into city(region_id, name) values (390, 'Gardelegen');
insert into city(region_id, name) values (390, 'Genthin');
insert into city(region_id, name) values (390, 'Grfenhainichen');
insert into city(region_id, name) values (390, 'Grana');
insert into city(region_id, name) values (390, 'Gsten');
insert into city(region_id, name) values (390, 'Halberstadt');
insert into city(region_id, name) values (390, 'Haldensleben');
insert into city(region_id, name) values (390, 'Halle');
insert into city(region_id, name) values (390, 'Hettstedt');
insert into city(region_id, name) values (390, 'Hohenmlsen');
insert into city(region_id, name) values (390, 'Hohenthurm');
insert into city(region_id, name) values (390, 'Htensleben');
insert into city(region_id, name) values (390, 'Jessen (Elster)');
insert into city(region_id, name) values (390, 'Jenitz');
insert into city(region_id, name) values (390, 'Kthen');
insert into city(region_id, name) values (390, 'Kthen');
insert into city(region_id, name) values (390, 'Leuna');
insert into city(region_id, name) values (390, 'Luso');
insert into city(region_id, name) values (390, 'Lutherstadt Eisleben');
insert into city(region_id, name) values (390, 'Lutherstadt Wittenberg');
insert into city(region_id, name) values (390, 'Magdeburg');
insert into city(region_id, name) values (390, 'Menz');
insert into city(region_id, name) values (390, 'Merseburg');
insert into city(region_id, name) values (390, 'Milzau');
insert into city(region_id, name) values (390, 'Naumburg');
insert into city(region_id, name) values (390, 'Nessa');
insert into city(region_id, name) values (390, 'Oschersleben');
insert into city(region_id, name) values (390, 'Quedlinburg');
insert into city(region_id, name) values (390, 'Salzwedel');
insert into city(region_id, name) values (390, 'Sangerhausen');
insert into city(region_id, name) values (390, 'Schnebeck (Elbe)');
insert into city(region_id, name) values (390, 'Stafurt');
insert into city(region_id, name) values (390, 'Stendal');
insert into city(region_id, name) values (390, 'Sten');
insert into city(region_id, name) values (390, 'Thale');
insert into city(region_id, name) values (390, 'Weienfels');
insert into city(region_id, name) values (390, 'Wernigerode');
insert into city(region_id, name) values (390, 'Wohlmirstedt');
insert into city(region_id, name) values (390, 'Wolfen');
insert into city(region_id, name) values (390, 'Wolmirstedt');
insert into city(region_id, name) values (390, 'Zeitz');
insert into city(region_id, name) values (390, 'Zerbst');
insert into city(region_id, name) values (390, 'Zrbig');
insert into city(region_id, name) values (405, 'Afntou');
insert into city(region_id, name) values (405, 'Krpathos');
insert into city(region_id, name) values (405, 'Kos');
insert into city(region_id, name) values (405, 'Rdhos');
insert into city(region_id, name) values (405, 'Rdos');
insert into city(region_id, name) values (405, 'Smi');
insert into city(region_id, name) values (456, 'Aagerup');
insert into city(region_id, name) values (456, 'gerup');
insert into city(region_id, name) values (456, 'Avedre');
insert into city(region_id, name) values (456, 'Ballerup');
insert into city(region_id, name) values (456, 'Brndby Strand');
insert into city(region_id, name) values (456, 'Buddinge');
insert into city(region_id, name) values (456, 'Charlottenlund');
insert into city(region_id, name) values (456, 'Dragr');
insert into city(region_id, name) values (456, 'Gentofte');
insert into city(region_id, name) values (456, 'Gladsakse');
insert into city(region_id, name) values (456, 'Gladsaxe');
insert into city(region_id, name) values (456, 'Glostrup');
insert into city(region_id, name) values (456, 'Hedehusene');
insert into city(region_id, name) values (456, 'Hellerup');
insert into city(region_id, name) values (456, 'Holte');
insert into city(region_id, name) values (456, 'Hje Tstrup');
insert into city(region_id, name) values (456, 'Hvidovre');
insert into city(region_id, name) values (456, 'Ishj');
insert into city(region_id, name) values (456, 'Jgersborg');
insert into city(region_id, name) values (456, 'Kallerup');
insert into city(region_id, name) values (456, 'Kastrup');
insert into city(region_id, name) values (456, 'Klampenborg');
insert into city(region_id, name) values (456, 'Kongens Lyngby');
insert into city(region_id, name) values (456, 'Lyngby');
insert into city(region_id, name) values (456, 'Risby');
insert into city(region_id, name) values (456, 'Rdovre');
insert into city(region_id, name) values (456, 'Skodsborg');
insert into city(region_id, name) values (456, 'Sborg');
insert into city(region_id, name) values (456, 'Taastrup');
insert into city(region_id, name) values (456, 'Taastrup Valby');
insert into city(region_id, name) values (456, 'Torslunde');
insert into city(region_id, name) values (456, 'Vrlse');
insert into city(region_id, name) values (456, 'West Brndby');
insert into city(region_id, name) values (471, 'Kair');
insert into region(id, country_id, name) values (479, 66, 'Zambiya');
insert into city(region_id, name) values (66, 'Bazarnyi Syzgan');
insert into city(region_id, name) values (66, 'Barysh');
insert into city(region_id, name) values (66, 'Bolshoe Nagatkino');
insert into city(region_id, name) values (66, 'Veshkaima');
insert into city(region_id, name) values (66, 'Glotovka');
insert into city(region_id, name) values (66, 'Dimitrovgrad');
insert into city(region_id, name) values (66, 'Ignatovka');
insert into city(region_id, name) values (66, 'Izmailovo');
insert into city(region_id, name) values (66, 'Inza');
insert into city(region_id, name) values (66, 'Isheevka');
insert into city(region_id, name) values (66, 'Kanadei');
insert into city(region_id, name) values (66, 'Karsun');
insert into city(region_id, name) values (66, 'Kuzovatovo');
insert into city(region_id, name) values (66, 'Maina');
insert into city(region_id, name) values (66, 'Novaya Malykla');
insert into city(region_id, name) values (66, 'Novospasskoe');
insert into city(region_id, name) values (66, 'Novoulyanovsk');
insert into city(region_id, name) values (66, 'Pavlovka');
insert into city(region_id, name) values (66, 'Radischevo');
insert into city(region_id, name) values (66, 'Sengilei');
insert into city(region_id, name) values (66, 'Staraya Kulatka');
insert into city(region_id, name) values (66, 'Staraya Maina');
insert into city(region_id, name) values (66, 'Surskoe');
insert into city(region_id, name) values (66, 'Terenga');
insert into city(region_id, name) values (66, 'Ulyanovsk');
insert into city(region_id, name) values (66, 'CHerdakly');
insert into city(region_id, name) values (391, 'Ahneby');
insert into city(region_id, name) values (391, 'Ahrensbk');
insert into city(region_id, name) values (391, 'Ahrensburg');
insert into city(region_id, name) values (391, 'Albersdorf');
insert into city(region_id, name) values (391, 'Almdorf');
insert into city(region_id, name) values (391, 'Alt Duvenstedt');
insert into city(region_id, name) values (391, 'Alt Mlln');
insert into city(region_id, name) values (391, 'Altenholz');
insert into city(region_id, name) values (391, 'Averlak');
insert into city(region_id, name) values (391, 'Bad Bramstedt');
insert into city(region_id, name) values (391, 'Bad Oldesloe');
insert into city(region_id, name) values (391, 'Bad Schwartau');
insert into city(region_id, name) values (391, 'Bad Segeberg');
insert into city(region_id, name) values (391, 'Bk');
insert into city(region_id, name) values (391, 'Barmstedt');
insert into city(region_id, name) values (391, 'Blunk');
insert into city(region_id, name) values (391, 'Bokel (24802)');
insert into city(region_id, name) values (391, 'Bklund');
insert into city(region_id, name) values (391, 'Bordesholm');
insert into city(region_id, name) values (391, 'Bornhved');
insert into city(region_id, name) values (391, 'Breiholz');
insert into city(region_id, name) values (391, 'Brunsbttel');
insert into city(region_id, name) values (391, 'Bdelsdorf');
insert into city(region_id, name) values (391, 'Burg (Dithmarschen)');
insert into city(region_id, name) values (391, 'Bsum');
insert into city(region_id, name) values (391, 'Dagebll');
insert into city(region_id, name) values (391, 'Dgeling');
insert into city(region_id, name) values (391, 'Dannewerk');
insert into city(region_id, name) values (391, 'Dchelsdorf');
insert into city(region_id, name) values (391, 'Eckernfrde');
insert into city(region_id, name) values (391, 'Elmenhorst (23869)');
insert into city(region_id, name) values (391, 'Elmshorn');
insert into city(region_id, name) values (391, 'Eutin');
insert into city(region_id, name) values (391, 'Fahrdorf');
insert into city(region_id, name) values (391, 'Flensburg');
insert into city(region_id, name) values (391, 'Glcksburg');
insert into city(region_id, name) values (391, 'Glckstadt');
insert into city(region_id, name) values (391, 'Grmitz');
insert into city(region_id, name) values (391, 'Gro Grnau');
insert into city(region_id, name) values (391, 'Handewitt');
insert into city(region_id, name) values (391, 'Harrislee');
insert into city(region_id, name) values (391, 'Heide');
insert into city(region_id, name) values (391, 'Heiligenhafen');
insert into city(region_id, name) values (391, 'Henstedt-Ulzburg');
insert into city(region_id, name) values (391, 'Hohenwestedt');
insert into city(region_id, name) values (391, 'Hohn');
insert into city(region_id, name) values (391, 'Husum');
insert into city(region_id, name) values (391, 'Itzehoe');
insert into city(region_id, name) values (391, 'Kaltenkirchen');
insert into city(region_id, name) values (391, 'Kampen');
insert into city(region_id, name) values (391, 'Kappeln');
insert into city(region_id, name) values (391, 'Kiel');
insert into city(region_id, name) values (391, 'Krempe');
insert into city(region_id, name) values (391, 'Kropp');
insert into city(region_id, name) values (391, 'Leck');
insert into city(region_id, name) values (391, 'Lbeck');
insert into city(region_id, name) values (391, 'Ltjenburg');
insert into city(region_id, name) values (391, 'Malente');
insert into city(region_id, name) values (391, 'Marne');
insert into city(region_id, name) values (391, 'Meldorf');
insert into city(region_id, name) values (391, 'Mlln');
insert into city(region_id, name) values (391, 'Neukirchen (23779)');
insert into city(region_id, name) values (391, 'Neumnster');
insert into city(region_id, name) values (391, 'Neustadt in Holstein');
insert into city(region_id, name) values (391, 'Niebll');
insert into city(region_id, name) values (391, 'Norderstedt');
insert into city(region_id, name) values (391, 'Nortorf (24589)');
insert into city(region_id, name) values (391, 'Oldenburg in Holstein');
insert into city(region_id, name) values (391, 'Padenstedt');
insert into city(region_id, name) values (391, 'Pinneberg');
insert into city(region_id, name) values (391, 'Pln');
insert into city(region_id, name) values (391, 'Preetz');
insert into city(region_id, name) values (391, 'Raisdorf');
insert into city(region_id, name) values (391, 'Ratekau');
insert into city(region_id, name) values (391, 'Ratzeburg');
insert into city(region_id, name) values (391, 'Reinbek');
insert into city(region_id, name) values (391, 'Reinfeld (Holstein)');
insert into city(region_id, name) values (391, 'Rendsburg');
insert into city(region_id, name) values (391, 'Satrup');
insert into city(region_id, name) values (391, 'Schacht-Audorf');
insert into city(region_id, name) values (391, 'Scharbeutz');
insert into city(region_id, name) values (391, 'Schierensee');
insert into city(region_id, name) values (391, 'Schleswig');
insert into city(region_id, name) values (391, 'Schwarzenbek');
insert into city(region_id, name) values (391, 'Sterup');
insert into city(region_id, name) values (391, 'Stockelsdorf');
insert into city(region_id, name) values (391, 'Sderbrarup');
insert into city(region_id, name) values (391, 'Tarp');
insert into city(region_id, name) values (391, 'Timmendorfer Strand');
insert into city(region_id, name) values (391, 'Tornesch');
insert into city(region_id, name) values (391, 'Trappenkamp');
insert into city(region_id, name) values (391, 'Uetersen');
insert into city(region_id, name) values (391, 'Wahlstedt');
insert into city(region_id, name) values (391, 'Warnau');
insert into city(region_id, name) values (391, 'Wedel');
insert into city(region_id, name) values (391, 'Westerland');
insert into city(region_id, name) values (391, 'Wilster');
insert into city(region_id, name) values (391, 'Wyk auf Fhr');
insert into city(region_id, name) values (406, 'Dhrma');
insert into city(region_id, name) values (406, 'Drma');
insert into city(region_id, name) values (406, 'Exoch');
insert into city(region_id, name) values (406, 'Exokh');
insert into city(region_id, name) values (457, 'Smidstrup');
insert into city(region_id, name) values (472, 'Asuan');
insert into city(region_id, name) values (479, 'Kitve-Nkana');
insert into city(region_id, name) values (479, 'Lusaka');
insert into city(region_id, name) values (479, 'Ndola');
insert into region(id, country_id, name) values (480, 67, 'Zapadnaya Sahara');
insert into city(region_id, name) values (67, 'Aksai (Uralskaya obl.)');
insert into city(region_id, name) values (67, 'Darinskoe');
insert into city(region_id, name) values (67, 'Derkul');
insert into city(region_id, name) values (67, 'Djambeity');
insert into city(region_id, name) values (67, 'Peremetnoe');
insert into city(region_id, name) values (67, 'Uralsk');
insert into city(region_id, name) values (67, 'Fedorovka (Uralskaya obl.)');
insert into city(region_id, name) values (67, 'Furmanovo');
insert into city(region_id, name) values (67, 'CHapaev');
insert into city(region_id, name) values (392, 'Abtsbessingen');
insert into city(region_id, name) values (392, 'Ahlstdt');
insert into city(region_id, name) values (392, 'Albersdorf');
insert into city(region_id, name) values (392, 'Allendorf');
insert into city(region_id, name) values (392, 'Altenburg');
insert into city(region_id, name) values (392, 'Altkirchen');
insert into city(region_id, name) values (392, 'Anrode');
insert into city(region_id, name) values (392, 'Apolda');
insert into city(region_id, name) values (392, 'Arnsgereuth');
insert into city(region_id, name) values (392, 'Arnstadt');
insert into city(region_id, name) values (392, 'Artern');
insert into city(region_id, name) values (392, 'Aspach');
insert into city(region_id, name) values (392, 'Auleben');
insert into city(region_id, name) values (392, 'Bachfeld');
insert into city(region_id, name) values (392, 'Bad Berka');
insert into city(region_id, name) values (392, 'Bad Blankenburg');
insert into city(region_id, name) values (392, 'Bad Langensalza');
insert into city(region_id, name) values (392, 'Bad Liebenstein');
insert into city(region_id, name) values (392, 'Bad Salzungen');
insert into city(region_id, name) values (392, 'Bad Sulza');
insert into city(region_id, name) values (392, 'Ballstdt');
insert into city(region_id, name) values (392, 'Ballstedt');
insert into city(region_id, name) values (392, 'Bischofferode');
insert into city(region_id, name) values (392, 'Creuzburg');
insert into city(region_id, name) values (392, 'Dingelstdt');
insert into city(region_id, name) values (392, 'Drogen');
insert into city(region_id, name) values (392, 'Eisenach');
insert into city(region_id, name) values (392, 'Eisenberg');
insert into city(region_id, name) values (392, 'Eisfeld');
insert into city(region_id, name) values (392, 'Erbenhausen');
insert into city(region_id, name) values (392, 'Erfurt');
insert into city(region_id, name) values (392, 'Gera');
insert into city(region_id, name) values (392, 'Gotha');
insert into city(region_id, name) values (392, 'Greiz');
insert into city(region_id, name) values (392, 'Hausen');
insert into city(region_id, name) values (392, 'Heilbad Heiligenstadt');
insert into city(region_id, name) values (392, 'Hermsdorf');
insert into city(region_id, name) values (392, 'Hildburghausen');
insert into city(region_id, name) values (392, 'Ilmenau');
insert into city(region_id, name) values (392, 'Jena');
insert into city(region_id, name) values (392, 'Kahla');
insert into city(region_id, name) values (392, 'Kamsdorf');
insert into city(region_id, name) values (392, 'Klleda');
insert into city(region_id, name) values (392, 'Krlpa');
insert into city(region_id, name) values (392, 'Leinefelde');
insert into city(region_id, name) values (392, 'Leutenberg');
insert into city(region_id, name) values (392, 'Lobenstein');
insert into city(region_id, name) values (392, 'Meiningen');
insert into city(region_id, name) values (392, 'Meuselwitz');
insert into city(region_id, name) values (392, 'Mhlberg');
insert into city(region_id, name) values (392, 'Mhlhausen');
insert into city(region_id, name) values (392, 'Mlverstedt');
insert into city(region_id, name) values (392, 'Nordhausen');
insert into city(region_id, name) values (392, 'Pneck');
insert into city(region_id, name) values (392, 'Ringleben (99189)');
insert into city(region_id, name) values (392, 'Rosendorf');
insert into city(region_id, name) values (392, 'Rudolstadt');
insert into city(region_id, name) values (392, 'Ruhla');
insert into city(region_id, name) values (392, 'Saalfeld/Saale');
insert into city(region_id, name) values (392, 'Schklen');
insert into city(region_id, name) values (392, 'Schleiz');
insert into city(region_id, name) values (392, 'Schmalkalden');
insert into city(region_id, name) values (392, 'Schmlln');
insert into city(region_id, name) values (392, 'Sitzendorf');
insert into city(region_id, name) values (392, 'Smmerda');
insert into city(region_id, name) values (392, 'Sondershausen');
insert into city(region_id, name) values (392, 'Sonneberg');
insert into city(region_id, name) values (392, 'Stadtilm');
insert into city(region_id, name) values (392, 'Steinbach-Hallenberg');
insert into city(region_id, name) values (392, 'Suhl');
insert into city(region_id, name) values (392, 'Vachdorf');
insert into city(region_id, name) values (392, 'Veilsdorf');
insert into city(region_id, name) values (392, 'Weida');
insert into city(region_id, name) values (392, 'Weimar');
insert into city(region_id, name) values (392, 'Zella');
insert into city(region_id, name) values (392, 'Zella-Mehlis');
insert into city(region_id, name) values (392, 'Zeulenroda');
insert into city(region_id, name) values (392, 'Zimmern');
insert into city(region_id, name) values (392, 'Zwinge');
insert into city(region_id, name) values (407, 'gios Antnios');
insert into city(region_id, name) values (407, 'grafa');
insert into city(region_id, name) values (458, 'Aalbk');
insert into city(region_id, name) values (458, 'Aalborg');
insert into city(region_id, name) values (458, 'Aars');
insert into city(region_id, name) values (458, 'lborg');
insert into city(region_id, name) values (458, 'Arden');
insert into city(region_id, name) values (458, 'rs');
insert into city(region_id, name) values (458, 'Brovst');
insert into city(region_id, name) values (458, 'Brnderslev');
insert into city(region_id, name) values (458, 'Fars');
insert into city(region_id, name) values (458, 'Fjerritslev');
insert into city(region_id, name) values (458, 'Frederikshavn');
insert into city(region_id, name) values (458, 'Grindsted');
insert into city(region_id, name) values (458, 'Hadsund');
insert into city(region_id, name) values (458, 'Hirtshals');
insert into city(region_id, name) values (458, 'Hjrring');
insert into city(region_id, name) values (458, 'Hobro');
insert into city(region_id, name) values (458, 'Hornum');
insert into city(region_id, name) values (458, 'Horsens');
insert into city(region_id, name) values (458, 'Hurup');
insert into city(region_id, name) values (458, 'Jerslev');
insert into city(region_id, name) values (458, 'Lgstr');
insert into city(region_id, name) values (458, 'Lkken');
insert into city(region_id, name) values (458, 'Nibe');
insert into city(region_id, name) values (458, 'Rebild');
insert into city(region_id, name) values (458, 'Saltum');
insert into city(region_id, name) values (458, 'Sby');
insert into city(region_id, name) values (458, 'Skagen');
insert into city(region_id, name) values (458, 'Tisted');
insert into city(region_id, name) values (458, 'Vegger');
insert into city(region_id, name) values (473, 'Asyut');
insert into city(region_id, name) values (480, 'Nuadibu');
insert into city(region_id, name) values (480, 'El-Ayun');
insert into region(id, country_id, name) values (481, 68, 'Zimbabve');
insert into city(region_id, name) values (68, 'Amursk');
insert into city(region_id, name) values (68, 'Ayan');
insert into city(region_id, name) values (68, 'Berezovyi');
insert into city(region_id, name) values (68, 'Bikin');
insert into city(region_id, name) values (68, 'Bira');
insert into city(region_id, name) values (68, 'Birakan');
insert into city(region_id, name) values (68, 'Bogorodskoe (Habarovskii krai)');
insert into city(region_id, name) values (68, 'Vanino');
insert into city(region_id, name) values (68, 'Volochaevka Vtoraya');
insert into city(region_id, name) values (68, 'Vysokogornyi');
insert into city(region_id, name) values (68, 'Vyazemskii');
insert into city(region_id, name) values (68, 'Gornyi');
insert into city(region_id, name) values (68, 'Gurskoe');
insert into city(region_id, name) values (68, 'Dormidontovka');
insert into city(region_id, name) values (68, 'Zavety Ilicha');
insert into city(region_id, name) values (68, 'Izvestkovyi');
insert into city(region_id, name) values (68, 'Innokentevka');
insert into city(region_id, name) values (68, 'Komsomolsk-na-Amure');
insert into city(region_id, name) values (68, 'Leninskoe');
insert into city(region_id, name) values (68, 'Nelkan');
insert into city(region_id, name) values (68, 'Nikolaevsk-na-Amure');
insert into city(region_id, name) values (68, 'Obluche');
insert into city(region_id, name) values (68, 'Ohotsk');
insert into city(region_id, name) values (68, 'Pereyaslavka');
insert into city(region_id, name) values (68, 'Smidovich');
insert into city(region_id, name) values (68, 'Sovetskaya Gavan');
insert into city(region_id, name) values (68, 'Sofiisk');
insert into city(region_id, name) values (68, 'Troickoe');
insert into city(region_id, name) values (68, 'Tugur');
insert into city(region_id, name) values (68, 'Habarovsk');
insert into city(region_id, name) values (68, 'CHegdomyn');
insert into city(region_id, name) values (68, 'CHumikan');
insert into city(region_id, name) values (408, 'Alexandhropolis');
insert into city(region_id, name) values (408, 'Alexandropoli');
insert into city(region_id, name) values (408, 'Alexandropolis');
insert into city(region_id, name) values (408, 'Dhidhimtikhon');
insert into city(region_id, name) values (408, 'Didymteicho');
insert into city(region_id, name) values (408, 'Dlofos');
insert into city(region_id, name) values (408, 'Fres');
insert into city(region_id, name) values (408, 'Orestida');
insert into city(region_id, name) values (408, 'Soufl');
insert into city(region_id, name) values (459, 'dal');
insert into city(region_id, name) values (459, 'rre');
insert into city(region_id, name) values (459, 'Astrup');
insert into city(region_id, name) values (459, 'Billund');
insert into city(region_id, name) values (459, 'Bramming');
insert into city(region_id, name) values (459, 'Bryndumdam');
insert into city(region_id, name) values (459, 'Donslund');
insert into city(region_id, name) values (459, 'Esbjrg');
insert into city(region_id, name) values (459, 'Esbjerg');
insert into city(region_id, name) values (459, 'Grding');
insert into city(region_id, name) values (459, 'Grindsted');
insert into city(region_id, name) values (459, 'Holsted');
insert into city(region_id, name) values (459, 'Hovborg');
insert into city(region_id, name) values (459, 'Lintrup');
insert into city(region_id, name) values (459, 'Lunde');
insert into city(region_id, name) values (459, 'Nrre Nebel');
insert into city(region_id, name) values (459, 'lgod');
insert into city(region_id, name) values (459, 'Ribe');
insert into city(region_id, name) values (459, 'Roager');
insert into city(region_id, name) values (459, 'Store Darum');
insert into city(region_id, name) values (459, 'Varde');
insert into city(region_id, name) values (459, 'Vejen');
insert into city(region_id, name) values (459, 'Vester Vejrup');
insert into city(region_id, name) values (474, 'Beni Suef');
insert into city(region_id, name) values (481, 'Bulavaio');
insert into city(region_id, name) values (481, 'Harare');
insert into region(id, country_id, name) values (482, 69, 'Vadi-Ara');
insert into region(id, country_id, name) values (483, 69, 'Ierusalim');
insert into region(id, country_id, name) values (484, 69, 'Ramat HaGolan');
insert into region(id, country_id, name) values (485, 69, 'Tel-Aviv');
insert into region(id, country_id, name) values (486, 69, 'Hadarom');
insert into region(id, country_id, name) values (487, 69, 'Haifa');
insert into region(id, country_id, name) values (488, 69, 'Hamerkaz');
insert into region(id, country_id, name) values (489, 69, 'Hacafon');
insert into city(region_id, name) values (69, 'Abakan');
insert into city(region_id, name) values (69, 'Sayanogorsk');
insert into city(region_id, name) values (69, 'CHernogorsk');
insert into city(region_id, name) values (409, 'Chalkda');
insert into city(region_id, name) values (409, 'Chalks');
insert into city(region_id, name) values (409, 'Istiaa');
insert into city(region_id, name) values (409, 'Kristos');
insert into city(region_id, name) values (409, 'Mantodion');
insert into city(region_id, name) values (460, 'dum');
insert into city(region_id, name) values (460, 'Agerskov');
insert into city(region_id, name) values (460, 'Aulum');
insert into city(region_id, name) values (460, 'Barde');
insert into city(region_id, name) values (460, 'Borris');
insert into city(region_id, name) values (460, 'Bvlingbjerg');
insert into city(region_id, name) values (460, 'Brande');
insert into city(region_id, name) values (460, 'Brorstrup');
insert into city(region_id, name) values (460, 'Finderup');
insert into city(region_id, name) values (460, 'Herborg');
insert into city(region_id, name) values (460, 'Herning');
insert into city(region_id, name) values (460, 'Holstebro');
insert into city(region_id, name) values (460, 'Hoven');
insert into city(region_id, name) values (460, 'Hvide Sande');
insert into city(region_id, name) values (460, 'Kibk');
insert into city(region_id, name) values (460, 'Lem');
insert into city(region_id, name) values (460, 'Lemvig');
insert into city(region_id, name) values (460, 'Lind');
insert into city(region_id, name) values (460, 'Lnborg');
insert into city(region_id, name) values (460, 'Mborg');
insert into city(region_id, name) values (460, 'rnhj');
insert into city(region_id, name) values (460, 'Ringkjbing');
insert into city(region_id, name) values (460, 'Ringkbing');
insert into city(region_id, name) values (460, 'Skern');
insert into city(region_id, name) values (460, 'Skjern');
insert into city(region_id, name) values (460, 'Struer');
insert into city(region_id, name) values (460, 'Tarm');
insert into city(region_id, name) values (460, 'Tim');
insert into city(region_id, name) values (460, 'Ulfborg');
insert into city(region_id, name) values (460, 'Videbk');
insert into city(region_id, name) values (460, 'Vilbjerg');
insert into city(region_id, name) values (460, 'Vildbjerg');
insert into city(region_id, name) values (460, 'Vinderup');
insert into city(region_id, name) values (475, 'Tanta');
insert into city(region_id, name) values (482, 'Harish');
insert into city(region_id, name) values (482, 'Kacir');
insert into region(id, country_id, name) values (490, 70, 'Bangla');
insert into region(id, country_id, name) values (491, 70, 'Chhattisgarh');
insert into region(id, country_id, name) values (492, 70, 'Karnataka');
insert into region(id, country_id, name) values (493, 70, 'Andhra-Pradesh');
insert into region(id, country_id, name) values (494, 70, 'Assam');
insert into region(id, country_id, name) values (495, 70, 'Bihar');
insert into region(id, country_id, name) values (496, 70, 'Gudjarat');
insert into region(id, country_id, name) values (497, 70, 'Djammu i Kashmir');
insert into region(id, country_id, name) values (498, 70, 'Indiya');
insert into region(id, country_id, name) values (499, 70, 'Kerala');
insert into region(id, country_id, name) values (500, 70, 'Madhya-Pradesh');
insert into region(id, country_id, name) values (501, 70, 'Manipur');
insert into region(id, country_id, name) values (502, 70, 'Maharashtra');
insert into region(id, country_id, name) values (503, 70, 'Orissa');
insert into region(id, country_id, name) values (504, 70, 'Pendjab');
insert into region(id, country_id, name) values (505, 70, 'Pondisheri');
insert into region(id, country_id, name) values (506, 70, 'Radjasthan');
insert into region(id, country_id, name) values (507, 70, 'Tamilnad');
insert into region(id, country_id, name) values (508, 70, 'Tripura');
insert into region(id, country_id, name) values (509, 70, 'Uttar-Pradesh');
insert into region(id, country_id, name) values (510, 70, 'Haryana');
insert into region(id, country_id, name) values (511, 70, 'CHandigarh');
insert into city(region_id, name) values (70, 'Agapovka');
insert into city(region_id, name) values (70, 'Argayash');
insert into city(region_id, name) values (70, 'Asha');
insert into city(region_id, name) values (70, 'Bakal');
insert into city(region_id, name) values (70, 'Bredy');
insert into city(region_id, name) values (70, 'Varna');
insert into city(region_id, name) values (70, 'Verhneuralsk');
insert into city(region_id, name) values (70, 'Verhnii Ufalei');
insert into city(region_id, name) values (70, 'Emanjelinsk');
insert into city(region_id, name) values (70, 'Zlatoust');
insert into city(region_id, name) values (70, 'Karabash');
insert into city(region_id, name) values (70, 'Kartaly');
insert into city(region_id, name) values (70, 'Kasli');
insert into city(region_id, name) values (70, 'Katav-Ivanovsk');
insert into city(region_id, name) values (70, 'Kopeisk');
insert into city(region_id, name) values (70, 'Korkino');
insert into city(region_id, name) values (70, 'Krasnogorskii');
insert into city(region_id, name) values (70, 'Kunashak');
insert into city(region_id, name) values (70, 'Kusa');
insert into city(region_id, name) values (70, 'Kyshtym');
insert into city(region_id, name) values (70, 'Magnitogorsk');
insert into city(region_id, name) values (70, 'Miass');
insert into city(region_id, name) values (70, 'Minyar');
insert into city(region_id, name) values (70, 'Ozersk(CHelyabinskaya obl.)');
insert into city(region_id, name) values (70, 'Oktyabrskoe (CHelyabinskaya obl.)');
insert into city(region_id, name) values (70, 'Plast');
insert into city(region_id, name) values (70, 'Satka');
insert into city(region_id, name) values (70, 'Sim');
insert into city(region_id, name) values (70, 'Snejinsk (CHelyabinskaya obl.)');
insert into city(region_id, name) values (70, 'Trehgornyi');
insert into city(region_id, name) values (70, 'Troick');
insert into city(region_id, name) values (70, 'Uvelskii');
insert into city(region_id, name) values (70, 'Uiskoe');
insert into city(region_id, name) values (70, 'Ust-Katav');
insert into city(region_id, name) values (70, 'Fershampenuaz');
insert into city(region_id, name) values (70, 'CHebarkul');
insert into city(region_id, name) values (70, 'CHelyabinsk');
insert into city(region_id, name) values (70, 'CHesma');
insert into city(region_id, name) values (70, 'YUjno-Uralsk');
insert into city(region_id, name) values (70, 'YUryuzan');
insert into city(region_id, name) values (410, 'Flrina');
insert into city(region_id, name) values (410, 'Nvista');
insert into city(region_id, name) values (410, 'Opa');
insert into city(region_id, name) values (410, 'Plorina');
insert into city(region_id, name) values (410, 'Vvani');
insert into city(region_id, name) values (461, 'Algestrup');
insert into city(region_id, name) values (461, 'Assendlse');
insert into city(region_id, name) values (461, 'Gadstrup');
insert into city(region_id, name) values (461, 'Hvals');
insert into city(region_id, name) values (461, 'Kirke Sonnerup');
insert into city(region_id, name) values (461, 'Kge');
insert into city(region_id, name) values (461, 'Lidemark');
insert into city(region_id, name) values (461, 'Lyngby');
insert into city(region_id, name) values (461, 'Roskilde');
insert into city(region_id, name) values (461, 'Solrd Strand');
insert into city(region_id, name) values (461, 'Viby');
insert into city(region_id, name) values (476, 'Dumiyat');
insert into city(region_id, name) values (483, 'Beit-shemesh');
insert into city(region_id, name) values (483, 'Ierusalim');
insert into city(region_id, name) values (483, 'Modiin');
insert into city(region_id, name) values (490, 'Asansol');
insert into city(region_id, name) values (490, 'Baidyabati');
insert into city(region_id, name) values (490, 'Darjiling');
insert into city(region_id, name) values (490, 'Dum-Dum');
insert into city(region_id, name) values (490, 'Krishnanagar');
insert into region(id, country_id, name) values (512, 71, 'Indoneziya');
insert into city(region_id, name) values (71, 'Argun');
insert into city(region_id, name) values (71, 'Groznyi');
insert into city(region_id, name) values (71, 'Gudermes');
insert into city(region_id, name) values (71, 'Znamenskoe');
insert into city(region_id, name) values (71, 'Malgobek');
insert into city(region_id, name) values (71, 'Nazran');
insert into city(region_id, name) values (71, 'Naurskaya');
insert into city(region_id, name) values (71, 'Nojai-YUrt');
insert into city(region_id, name) values (71, 'Ordjonikidzevskaya');
insert into city(region_id, name) values (71, 'Sovetskoe (CHecheno-Ingushetiya)');
insert into city(region_id, name) values (71, 'Urus-Martan');
insert into city(region_id, name) values (71, 'SHali');
insert into city(region_id, name) values (411, 'Atalnti');
insert into city(region_id, name) values (411, 'Lama');
insert into city(region_id, name) values (462, 'Aabenraa');
insert into city(region_id, name) values (462, 'benr');
insert into city(region_id, name) values (462, 'Aller');
insert into city(region_id, name) values (462, 'Ballum');
insert into city(region_id, name) values (462, 'Bevtoft');
insert into city(region_id, name) values (462, 'Branderup');
insert into city(region_id, name) values (462, 'Bredebro');
insert into city(region_id, name) values (462, 'Drengsted');
insert into city(region_id, name) values (462, 'Grsten');
insert into city(region_id, name) values (462, 'Haderslev');
insert into city(region_id, name) values (462, 'Hjrup');
insert into city(region_id, name) values (462, 'Kliplev');
insert into city(region_id, name) values (462, 'Magstrup');
insert into city(region_id, name) values (462, 'Nordborg');
insert into city(region_id, name) values (462, 'Padborg');
insert into city(region_id, name) values (462, 'Randerup');
insert into city(region_id, name) values (462, 'Rangstrup');
insert into city(region_id, name) values (462, 'Rdding');
insert into city(region_id, name) values (462, 'Rdekro');
insert into city(region_id, name) values (462, 'Snderborg');
insert into city(region_id, name) values (462, 'Tinglev');
insert into city(region_id, name) values (462, 'Toftlund');
insert into city(region_id, name) values (462, 'Tnder');
insert into city(region_id, name) values (462, 'Visby');
insert into city(region_id, name) values (462, 'Vojens');
insert into city(region_id, name) values (477, 'Aleksandriya');
insert into city(region_id, name) values (477, 'Hurgada');
insert into city(region_id, name) values (484, 'Nevve-Ativ');
insert into city(region_id, name) values (491, 'Bilaspur');
insert into city(region_id, name) values (491, 'Raipur');
insert into city(region_id, name) values (512, 'Djakarta');
insert into region(id, country_id, name) values (513, 72, 'Iordaniya');
insert into city(region_id, name) values (72, 'Aginskoe');
insert into city(region_id, name) values (72, 'Aksenovo-Zilovskoe');
insert into city(region_id, name) values (72, 'Aksha');
insert into city(region_id, name) values (72, 'Arbagar');
insert into city(region_id, name) values (72, 'Atamanovka');
insert into city(region_id, name) values (72, 'Balei');
insert into city(region_id, name) values (72, 'Borzya');
insert into city(region_id, name) values (72, 'Bukachacha');
insert into city(region_id, name) values (72, 'Gazimurskii Zavod');
insert into city(region_id, name) values (72, 'Davenda');
insert into city(region_id, name) values (72, 'Darasun');
insert into city(region_id, name) values (72, 'Domna');
insert into city(region_id, name) values (72, 'Drovyanaya');
insert into city(region_id, name) values (72, 'Duldurga');
insert into city(region_id, name) values (72, 'Zabaikalsk');
insert into city(region_id, name) values (72, 'Karymskoe');
insert into city(region_id, name) values (72, 'Klyuchevskii');
insert into city(region_id, name) values (72, 'Kokui');
insert into city(region_id, name) values (72, 'Krasnokamensk');
insert into city(region_id, name) values (72, 'Krasnyi CHikoi');
insert into city(region_id, name) values (72, 'Kyra');
insert into city(region_id, name) values (72, 'Mogotui');
insert into city(region_id, name) values (72, 'Mogocha');
insert into city(region_id, name) values (72, 'Nerchinsk');
insert into city(region_id, name) values (72, 'Nerchinskii Zavod');
insert into city(region_id, name) values (72, 'Nijnii Casuchei');
insert into city(region_id, name) values (72, 'Olovyannaya');
insert into city(region_id, name) values (72, 'Pervomaiskii (CHitinskaya obl.)');
insert into city(region_id, name) values (72, 'Petrovsk-Zabaikalskii');
insert into city(region_id, name) values (72, 'Priargunsk');
insert into city(region_id, name) values (72, 'Sretensk');
insert into city(region_id, name) values (72, 'Tupik');
insert into city(region_id, name) values (72, 'Ulety');
insert into city(region_id, name) values (72, 'Hilok');
insert into city(region_id, name) values (72, 'CHara');
insert into city(region_id, name) values (72, 'CHernyshevsk');
insert into city(region_id, name) values (72, 'CHita');
insert into city(region_id, name) values (72, 'SHelopugino');
insert into city(region_id, name) values (72, 'SHilka');
insert into city(region_id, name) values (412, 'Arpi');
insert into city(region_id, name) values (412, 'Georgtsa');
insert into city(region_id, name) values (412, 'Greven');
insert into city(region_id, name) values (463, 'Amager Flled');
insert into city(region_id, name) values (463, 'Amagerbro');
insert into city(region_id, name) values (463, 'Copenhagen');
insert into city(region_id, name) values (463, 'Kjobenhavn');
insert into city(region_id, name) values (463, 'Kbenhavn');
insert into city(region_id, name) values (463, 'Vanlse');
insert into city(region_id, name) values (478, 'Dahab');
insert into city(region_id, name) values (478, 'SHarm el sheih');
insert into city(region_id, name) values (485, 'Bat-YAm');
insert into city(region_id, name) values (485, 'Gerceliya');
insert into city(region_id, name) values (485, 'Givataim');
insert into city(region_id, name) values (485, 'Kiryat-Ono');
insert into city(region_id, name) values (485, 'Lod');
insert into city(region_id, name) values (485, 'Petah Tikva');
insert into city(region_id, name) values (485, 'Ramat-Gan');
insert into city(region_id, name) values (485, 'Ramat-Hasharon');
insert into city(region_id, name) values (485, 'Tel-Aviv');
insert into city(region_id, name) values (485, 'Holon');
insert into city(region_id, name) values (492, 'Bagalkot');
insert into city(region_id, name) values (492, 'Banglori');
insert into city(region_id, name) values (492, 'Mangalor');
insert into city(region_id, name) values (513, 'Amman');
insert into region(id, country_id, name) values (514, 73, 'Bagdad');
insert into region(id, country_id, name) values (515, 73, 'Basra');
insert into region(id, country_id, name) values (516, 73, 'Mosul');
insert into city(region_id, name) values (73, 'Alatyr');
insert into city(region_id, name) values (73, 'Alikovo');
insert into city(region_id, name) values (73, 'Batyreva');
insert into city(region_id, name) values (73, 'Buinsk');
insert into city(region_id, name) values (73, 'Vurnary');
insert into city(region_id, name) values (73, 'Ibresi');
insert into city(region_id, name) values (73, 'Kanash');
insert into city(region_id, name) values (73, 'Kirya');
insert into city(region_id, name) values (73, 'Komsomolskoe');
insert into city(region_id, name) values (73, 'Krasnoarmeiskoe (CHuvashiya)');
insert into city(region_id, name) values (73, 'Krasnye CHetai');
insert into city(region_id, name) values (73, 'Kugesi');
insert into city(region_id, name) values (73, 'Mariinskii Posad');
insert into city(region_id, name) values (73, 'Morgaushi');
insert into city(region_id, name) values (73, 'Novocheboksarsk');
insert into city(region_id, name) values (73, 'Poreckoe');
insert into city(region_id, name) values (73, 'Urmary');
insert into city(region_id, name) values (73, 'Civilsk');
insert into city(region_id, name) values (73, 'CHeboksary');
insert into city(region_id, name) values (73, 'SHemursha');
insert into city(region_id, name) values (73, 'SHumerlya');
insert into city(region_id, name) values (73, 'YAdrin');
insert into city(region_id, name) values (73, 'YAlchiki');
insert into city(region_id, name) values (73, 'YAntikovo');
insert into city(region_id, name) values (413, 'Amalida');
insert into city(region_id, name) values (413, 'no Manols');
insert into city(region_id, name) values (413, 'Katkolon');
insert into city(region_id, name) values (413, 'Killni');
insert into city(region_id, name) values (413, 'Kyllni');
insert into city(region_id, name) values (413, 'Manolda');
insert into city(region_id, name) values (413, 'Prgos');
insert into city(region_id, name) values (464, 'geby');
insert into city(region_id, name) values (464, 'Dannemare');
insert into city(region_id, name) values (464, 'Eskilstrup');
insert into city(region_id, name) values (464, 'Maribo');
insert into city(region_id, name) values (464, 'Nakskov');
insert into city(region_id, name) values (464, 'Nstved');
insert into city(region_id, name) values (464, 'Nrre Alslev');
insert into city(region_id, name) values (464, 'Nykjobing');
insert into city(region_id, name) values (464, 'Nykbing');
insert into city(region_id, name) values (464, 'Stege');
insert into city(region_id, name) values (464, 'Stokkemarke');
insert into city(region_id, name) values (464, 'Vinderup');
insert into city(region_id, name) values (464, 'Vordingborg');
insert into city(region_id, name) values (486, 'Arad');
insert into city(region_id, name) values (486, 'Ashdod');
insert into city(region_id, name) values (486, 'Ashkelon');
insert into city(region_id, name) values (486, 'Beer-SHeva');
insert into city(region_id, name) values (486, 'Dimona');
insert into city(region_id, name) values (486, 'Kiryat-Gat');
insert into city(region_id, name) values (486, 'Kiryat-Malahi');
insert into city(region_id, name) values (486, 'Netivot');
insert into city(region_id, name) values (486, 'Sderot');
insert into city(region_id, name) values (486, 'Eilat');
insert into city(region_id, name) values (493, 'Anakapal');
insert into city(region_id, name) values (493, 'Anantapur');
insert into city(region_id, name) values (493, 'Vizianagaram');
insert into city(region_id, name) values (493, 'Viyaiavada');
insert into city(region_id, name) values (493, 'Guntur');
insert into city(region_id, name) values (493, 'Eluru');
insert into city(region_id, name) values (514, 'Bagdad');
insert into region(id, country_id, name) values (517, 74, 'Azarbayjan-e Khavari');
insert into region(id, country_id, name) values (518, 74, 'Esfahan');
insert into region(id, country_id, name) values (519, 74, 'Hamadan');
insert into region(id, country_id, name) values (520, 74, 'Kordestan');
insert into region(id, country_id, name) values (521, 74, 'Yazd');
insert into region(id, country_id, name) values (522, 74, 'Kerman');
insert into region(id, country_id, name) values (523, 74, 'Kermanshahan');
insert into region(id, country_id, name) values (524, 74, 'Mazenderan');
insert into region(id, country_id, name) values (525, 74, 'Tegeran');
insert into region(id, country_id, name) values (526, 74, 'Fars');
insert into region(id, country_id, name) values (527, 74, 'Horasan');
insert into region(id, country_id, name) values (528, 74, 'Huzistan');
insert into city(region_id, name) values (74, 'Anadyr (CHukotskii AO)');
insert into city(region_id, name) values (74, 'Bilibino');
insert into city(region_id, name) values (74, 'PEVEK');
insert into city(region_id, name) values (414, 'Alexndreia');
insert into city(region_id, name) values (414, 'Alexndria');
insert into city(region_id, name) values (414, 'rachos');
insert into city(region_id, name) values (414, 'Kra Vrsi');
insert into city(region_id, name) values (414, 'Makrokhri');
insert into city(region_id, name) values (414, 'Nousa');
insert into city(region_id, name) values (414, 'Veria');
insert into city(region_id, name) values (414, 'Vroia');
insert into city(region_id, name) values (465, 'Aadal');
insert into city(region_id, name) values (465, 'Aagaard');
insert into city(region_id, name) values (465, 'Agtrup');
insert into city(region_id, name) values (465, 'Barrit');
insert into city(region_id, name) values (465, 'Blling');
insert into city(region_id, name) values (465, 'Brkop');
insert into city(region_id, name) values (465, 'Brunde');
insert into city(region_id, name) values (465, 'Egtved');
insert into city(region_id, name) values (465, 'Ejstrupholm');
insert into city(region_id, name) values (465, 'Fredericia');
insert into city(region_id, name) values (465, 'Give');
insert into city(region_id, name) values (465, 'Herslev');
insert into city(region_id, name) values (465, 'Horsens');
insert into city(region_id, name) values (465, 'Hosby');
insert into city(region_id, name) values (465, 'Jelling');
insert into city(region_id, name) values (465, 'Kolding');
insert into city(region_id, name) values (465, 'Thyregod');
insert into city(region_id, name) values (465, 'Vamdrup');
insert into city(region_id, name) values (465, 'Vejle');
insert into city(region_id, name) values (465, 'Viv');
insert into city(region_id, name) values (487, 'Daliyat-El-Karmel');
insert into city(region_id, name) values (487, 'Zihron-YAakov');
insert into city(region_id, name) values (487, 'Kiryat-Byalik');
insert into city(region_id, name) values (487, 'Kiryat-Mockin');
insert into city(region_id, name) values (487, 'Kiryat-YAm');
insert into city(region_id, name) values (487, 'Naariya');
insert into city(region_id, name) values (487, 'Nesher');
insert into city(region_id, name) values (487, 'Or-Akiva');
insert into city(region_id, name) values (487, 'Pardes-Hanna');
insert into city(region_id, name) values (487, 'Tirat-Karmel');
insert into city(region_id, name) values (487, 'Haifa');
insert into city(region_id, name) values (487, 'Hefa-Harish');
insert into city(region_id, name) values (487, 'Hedera');
insert into city(region_id, name) values (494, 'Dibrugarh');
insert into city(region_id, name) values (494, 'Silchar');
insert into city(region_id, name) values (515, 'Basra');
insert into city(region_id, name) values (517, 'Marageh');
insert into city(region_id, name) values (517, 'Tebriz');
insert into region(id, country_id, name) values (529, 75, 'Carlow');
insert into region(id, country_id, name) values (530, 75, 'Cavan');
insert into region(id, country_id, name) values (531, 75, 'Clare');
insert into region(id, country_id, name) values (532, 75, 'Cork');
insert into region(id, country_id, name) values (533, 75, 'Donegal');
insert into region(id, country_id, name) values (534, 75, 'Dublin');
insert into region(id, country_id, name) values (535, 75, 'Galway');
insert into region(id, country_id, name) values (536, 75, 'Kerry');
insert into region(id, country_id, name) values (537, 75, 'Kildare');
insert into region(id, country_id, name) values (538, 75, 'Kilkenny');
insert into region(id, country_id, name) values (539, 75, 'Laois');
insert into region(id, country_id, name) values (540, 75, 'Leitrim');
insert into region(id, country_id, name) values (541, 75, 'Limerick');
insert into region(id, country_id, name) values (542, 75, 'Longford');
insert into region(id, country_id, name) values (543, 75, 'Louth');
insert into region(id, country_id, name) values (544, 75, 'Mayo');
insert into region(id, country_id, name) values (545, 75, 'Meath');
insert into region(id, country_id, name) values (546, 75, 'Monaghan');
insert into region(id, country_id, name) values (547, 75, 'Offaly');
insert into region(id, country_id, name) values (548, 75, 'Roscommon');
insert into region(id, country_id, name) values (549, 75, 'Sligo');
insert into region(id, country_id, name) values (550, 75, 'Tipperary');
insert into region(id, country_id, name) values (551, 75, 'Waterford');
insert into region(id, country_id, name) values (552, 75, 'Westmeath');
insert into region(id, country_id, name) values (553, 75, 'Wexford');
insert into region(id, country_id, name) values (554, 75, 'Wicklow');
insert into city(region_id, name) values (75, 'Gubkinskii (YAmalo-Neneckii AO)');
insert into city(region_id, name) values (75, 'Zapolyarnyi (YAmalo-Neneckii AO)');
insert into city(region_id, name) values (75, 'Muravlenko');
insert into city(region_id, name) values (75, 'Nadym');
insert into city(region_id, name) values (75, 'Novyi Urengoi');
insert into city(region_id, name) values (75, 'Noyabrsk');
insert into city(region_id, name) values (75, 'Pangody');
insert into city(region_id, name) values (75, 'Purovsk');
insert into city(region_id, name) values (75, 'Salehard');
insert into city(region_id, name) values (75, 'Tazovskii');
insert into city(region_id, name) values (75, 'Tarko-Sale');
insert into city(region_id, name) values (415, 'Iliokhrion');
insert into city(region_id, name) values (415, 'Ionnina');
insert into city(region_id, name) values (466, 'Dalby');
insert into city(region_id, name) values (466, 'Godthaab');
insert into city(region_id, name) values (466, 'Holbk');
insert into city(region_id, name) values (466, 'Hollbk');
insert into city(region_id, name) values (466, 'Hng');
insert into city(region_id, name) values (466, 'Jyderup');
insert into city(region_id, name) values (466, 'Kallundborg');
insert into city(region_id, name) values (466, 'Kalundborg');
insert into city(region_id, name) values (466, 'Kastrup');
insert into city(region_id, name) values (466, 'Korsr');
insert into city(region_id, name) values (466, 'rslev');
insert into city(region_id, name) values (466, 'Ringsted');
insert into city(region_id, name) values (466, 'Slagelse');
insert into city(region_id, name) values (466, 'Sor');
insert into city(region_id, name) values (466, 'Uglerup');
insert into city(region_id, name) values (488, 'Ariel');
insert into city(region_id, name) values (488, 'Bnei-Brak');
insert into city(region_id, name) values (488, 'Gedera');
insert into city(region_id, name) values (488, 'Kfar Saba');
insert into city(region_id, name) values (488, 'Lod');
insert into city(region_id, name) values (488, 'Nataniya');
insert into city(region_id, name) values (488, 'Nes-Ciona');
insert into city(region_id, name) values (488, 'Od-a SHaron');
insert into city(region_id, name) values (488, 'Petah-Tikva');
insert into city(region_id, name) values (488, 'Raanana');
insert into city(region_id, name) values (488, 'Ramla');
insert into city(region_id, name) values (488, 'Rehovot');
insert into city(region_id, name) values (488, 'Rishon-LeCion');
insert into city(region_id, name) values (488, 'Rosh-ha-Ain');
insert into city(region_id, name) values (488, 'YAvne');
insert into city(region_id, name) values (495, 'Patna');
insert into city(region_id, name) values (516, 'Mosul');
insert into city(region_id, name) values (518, 'Kashan');
insert into city(region_id, name) values (529, 'Carlow');
insert into city(region_id, name) values (529, 'Muine Bheag');
insert into city(region_id, name) values (529, 'Tullow');
insert into region(id, country_id, name) values (555, 76, 'Arnessysla');
insert into region(id, country_id, name) values (556, 76, 'Austur-Hunavatnssysla');
insert into region(id, country_id, name) values (557, 76, 'Borgarfjardarsysla');
insert into region(id, country_id, name) values (558, 76, 'Eyjafjardarsysla');
insert into region(id, country_id, name) values (559, 76, 'Gullbringusysla');
insert into region(id, country_id, name) values (560, 76, 'Myrasysla');
insert into region(id, country_id, name) values (561, 76, 'None');
insert into region(id, country_id, name) values (562, 76, 'Nordur-Tingeyjarsysla');
insert into region(id, country_id, name) values (563, 76, 'Strandasysla');
insert into region(id, country_id, name) values (564, 76, 'Sudur-Mulasysla');
insert into region(id, country_id, name) values (565, 76, 'Vestur-Bardastrandarsysla');
insert into city(region_id, name) values (76, 'Andropov');
insert into city(region_id, name) values (76, 'Berendeevo');
insert into city(region_id, name) values (76, 'Bolshoe Selo');
insert into city(region_id, name) values (76, 'Borisoglebskii');
insert into city(region_id, name) values (76, 'Breitovo');
insert into city(region_id, name) values (76, 'Burmakino');
insert into city(region_id, name) values (76, 'Varegovo');
insert into city(region_id, name) values (76, 'Volga');
insert into city(region_id, name) values (76, 'Gavrilov YAm');
insert into city(region_id, name) values (76, 'Danilov');
insert into city(region_id, name) values (76, 'Lyubim');
insert into city(region_id, name) values (76, 'Myshkin');
insert into city(region_id, name) values (76, 'Nekrasovskoe');
insert into city(region_id, name) values (76, 'Novyi Nekouz');
insert into city(region_id, name) values (76, 'Pereslavl-Zalesskii');
insert into city(region_id, name) values (76, 'Poshehone-Volodarsk');
insert into city(region_id, name) values (76, 'Rostov');
insert into city(region_id, name) values (76, 'Rybinsk');
insert into city(region_id, name) values (76, 'Tutaev');
insert into city(region_id, name) values (76, 'Uglich');
insert into city(region_id, name) values (76, 'YAroslavl');
insert into city(region_id, name) values (416, 'Alikarnasss');
insert into city(region_id, name) values (416, 'Erakleion');
insert into city(region_id, name) values (416, 'Govai');
insert into city(region_id, name) values (416, 'Herkleion');
insert into city(region_id, name) values (416, 'Heraklion');
insert into city(region_id, name) values (416, 'Iraclion');
insert into city(region_id, name) values (416, 'Irkleio');
insert into city(region_id, name) values (416, 'Irkleion');
insert into city(region_id, name) values (416, 'Irklion');
insert into city(region_id, name) values (416, 'Mores');
insert into city(region_id, name) values (467, 'Agerskov');
insert into city(region_id, name) values (467, 'lestrup');
insert into city(region_id, name) values (467, 'Balling');
insert into city(region_id, name) values (467, 'Bjerregrav');
insert into city(region_id, name) values (467, 'Bjerringbro');
insert into city(region_id, name) values (467, 'Bodum');
insert into city(region_id, name) values (467, 'Dover');
insert into city(region_id, name) values (467, 'Durup');
insert into city(region_id, name) values (467, 'Foulum');
insert into city(region_id, name) values (467, 'Frederiks');
insert into city(region_id, name) values (467, 'Frstrup');
insert into city(region_id, name) values (467, 'Glyngre');
insert into city(region_id, name) values (467, 'Grnhj');
insert into city(region_id, name) values (467, 'Hvidding');
insert into city(region_id, name) values (467, 'Jebjerg');
insert into city(region_id, name) values (467, 'Karup');
insert into city(region_id, name) values (467, 'Kjellerup');
insert into city(region_id, name) values (467, 'Lvskal');
insert into city(region_id, name) values (467, 'Nykbing');
insert into city(region_id, name) values (467, 'Nykbing Mors');
insert into city(region_id, name) values (467, 'Oddense');
insert into city(region_id, name) values (467, 'ster Assels');
insert into city(region_id, name) values (467, 'Ravnstrup');
insert into city(region_id, name) values (467, 'Simested');
insert into city(region_id, name) values (467, 'Sjrup');
insert into city(region_id, name) values (467, 'Skals');
insert into city(region_id, name) values (467, 'Skive');
insert into city(region_id, name) values (467, 'Solbjerg');
insert into city(region_id, name) values (467, 'Stoholm');
insert into city(region_id, name) values (467, 'Thisted');
insert into city(region_id, name) values (467, 'Tisted');
insert into city(region_id, name) values (467, 'Ulstrup');
insert into city(region_id, name) values (467, 'Vellev');
insert into city(region_id, name) values (467, 'Viborg');
insert into city(region_id, name) values (489, 'Akko');
insert into city(region_id, name) values (489, 'Akko (port)');
insert into city(region_id, name) values (489, 'Afula');
insert into city(region_id, name) values (489, 'Karmiel');
insert into city(region_id, name) values (489, 'Kacrin');
insert into city(region_id, name) values (489, 'Kiryat-Ata');
insert into city(region_id, name) values (489, 'Kiryat-Ata');
insert into city(region_id, name) values (489, 'Kiryat-Tivon');
insert into city(region_id, name) values (489, 'Kiryat-SHmona');
insert into city(region_id, name) values (489, 'Migdal aEmek');
insert into city(region_id, name) values (489, 'Nagariya');
insert into city(region_id, name) values (489, 'Naceret');
insert into city(region_id, name) values (489, 'Sahnin');
insert into city(region_id, name) values (489, 'Tveriya');
insert into city(region_id, name) values (489, 'Hadera');
insert into city(region_id, name) values (489, 'Haifa');
insert into city(region_id, name) values (489, 'Cfat');
insert into city(region_id, name) values (496, 'Ahmadabad');
insert into city(region_id, name) values (496, 'Surat');
insert into city(region_id, name) values (496, 'Surendranagar');
insert into city(region_id, name) values (519, 'Hamadan');
insert into city(region_id, name) values (530, 'Bailieborough');
insert into city(region_id, name) values (530, 'Belturbet');
insert into city(region_id, name) values (530, 'Cavan');
insert into city(region_id, name) values (530, 'Cootehill');
insert into city(region_id, name) values (530, 'Kingscourt');
insert into city(region_id, name) values (555, 'Brfell');
insert into city(region_id, name) values (555, 'Selfoss');
insert into region(id, country_id, name) values (566, 77, 'A Corua');
insert into region(id, country_id, name) values (567, 77, 'lava');
insert into region(id, country_id, name) values (568, 77, 'Albacete');
insert into region(id, country_id, name) values (569, 77, 'Alicante/Alacant');
insert into region(id, country_id, name) values (570, 77, 'Almera');
insert into region(id, country_id, name) values (571, 77, 'Asturias');
insert into region(id, country_id, name) values (572, 77, 'vila');
insert into region(id, country_id, name) values (573, 77, 'Badajoz');
insert into region(id, country_id, name) values (574, 77, 'Barcelona');
insert into region(id, country_id, name) values (575, 77, 'Burgos');
insert into region(id, country_id, name) values (576, 77, 'Cceres');
insert into region(id, country_id, name) values (577, 77, 'Cdiz');
insert into region(id, country_id, name) values (578, 77, 'Cantabria');
insert into region(id, country_id, name) values (579, 77, 'Castelln/Castell');
insert into region(id, country_id, name) values (580, 77, 'Ceuta');
insert into region(id, country_id, name) values (581, 77, 'Ciudad Real');
insert into region(id, country_id, name) values (582, 77, 'Crdoba');
insert into region(id, country_id, name) values (583, 77, 'Cuenca');
insert into region(id, country_id, name) values (584, 77, 'Girona');
insert into region(id, country_id, name) values (585, 77, 'Granada');
insert into region(id, country_id, name) values (586, 77, 'Guadalajara');
insert into region(id, country_id, name) values (587, 77, 'Guipzcoa');
insert into region(id, country_id, name) values (588, 77, 'Huelva');
insert into region(id, country_id, name) values (589, 77, 'Huesca');
insert into region(id, country_id, name) values (590, 77, 'Illes Balears');
insert into region(id, country_id, name) values (591, 77, 'Jan');
insert into region(id, country_id, name) values (592, 77, 'La Rioja');
insert into region(id, country_id, name) values (593, 77, 'Las Palmas');
insert into region(id, country_id, name) values (594, 77, 'Len');
insert into region(id, country_id, name) values (595, 77, 'Lleida');
insert into region(id, country_id, name) values (596, 77, 'Lugo');
insert into region(id, country_id, name) values (597, 77, 'Madrid');
insert into region(id, country_id, name) values (598, 77, 'Mlaga');
insert into region(id, country_id, name) values (599, 77, 'Melilla');
insert into region(id, country_id, name) values (600, 77, 'Murcia');
insert into region(id, country_id, name) values (601, 77, 'Navarra');
insert into region(id, country_id, name) values (602, 77, 'Ourense');
insert into region(id, country_id, name) values (603, 77, 'Palencia');
insert into region(id, country_id, name) values (604, 77, 'Pontevedra');
insert into region(id, country_id, name) values (605, 77, 'Salamanca');
insert into region(id, country_id, name) values (606, 77, 'Santa Cruz de Tenerife');
insert into region(id, country_id, name) values (607, 77, 'Segovia');
insert into region(id, country_id, name) values (608, 77, 'Sevilla');
insert into region(id, country_id, name) values (609, 77, 'Soria');
insert into region(id, country_id, name) values (610, 77, 'Tarragona');
insert into region(id, country_id, name) values (611, 77, 'Teruel');
insert into region(id, country_id, name) values (612, 77, 'Toledo');
insert into region(id, country_id, name) values (613, 77, 'Valncia');
insert into region(id, country_id, name) values (614, 77, 'Valladolid');
insert into region(id, country_id, name) values (615, 77, 'Vizcaya');
insert into region(id, country_id, name) values (616, 77, 'Zamora');
insert into region(id, country_id, name) values (617, 77, 'Zaragoza');
insert into city(region_id, name) values (77, 'CHerkessk');
insert into city(region_id, name) values (417, 'Kardtsa');
insert into city(region_id, name) values (417, 'Kotsouron');
insert into city(region_id, name) values (497, 'Ranchi');
insert into city(region_id, name) values (497, 'Srinagar');
insert into city(region_id, name) values (497, 'YAmmu');
insert into city(region_id, name) values (497, 'YAmshedpur');
insert into city(region_id, name) values (520, 'Sanandai');
insert into city(region_id, name) values (531, 'Ennis');
insert into city(region_id, name) values (531, 'Shannon');
insert into city(region_id, name) values (556, 'Hof');
insert into city(region_id, name) values (566, 'A Baa');
insert into city(region_id, name) values (566, 'A Barqueira');
insert into city(region_id, name) values (566, 'A Brea');
insert into city(region_id, name) values (566, 'A Corua');
insert into city(region_id, name) values (566, 'A Via');
insert into city(region_id, name) values (566, 'Carballo');
insert into city(region_id, name) values (566, 'Cario');
insert into city(region_id, name) values (566, 'Ferrol');
insert into city(region_id, name) values (566, 'Padrn');
insert into city(region_id, name) values (566, 'Rois');
insert into city(region_id, name) values (566, 'San Marcos');
insert into city(region_id, name) values (566, 'Santiago de Compostela');
insert into city(region_id, name) values (566, 'Vigo');
insert into city(region_id, name) values (566, 'Vimianzo');
insert into region(id, country_id, name) values (618, 78, 'Abruzzo - Chieti');
insert into region(id, country_id, name) values (619, 78, 'Abruzzo - L''''Aquila');
insert into region(id, country_id, name) values (620, 78, 'Abruzzo - Pescara');
insert into region(id, country_id, name) values (621, 78, 'Abruzzo - Teramo');
insert into region(id, country_id, name) values (622, 78, 'Basilicata - Matera');
insert into region(id, country_id, name) values (623, 78, 'Basilicata - Potenza');
insert into region(id, country_id, name) values (624, 78, 'Calabria - Catanzaro');
insert into region(id, country_id, name) values (625, 78, 'Calabria - Cosenza');
insert into region(id, country_id, name) values (626, 78, 'Calabria - Crotone');
insert into region(id, country_id, name) values (627, 78, 'Calabria - Reggio Calabria');
insert into region(id, country_id, name) values (628, 78, 'Calabria - Vibo Valentia');
insert into region(id, country_id, name) values (629, 78, 'Campania - Avellino');
insert into region(id, country_id, name) values (630, 78, 'Campania - Benevento');
insert into region(id, country_id, name) values (631, 78, 'Campania - Caserta');
insert into region(id, country_id, name) values (632, 78, 'Campania - Napoli');
insert into region(id, country_id, name) values (633, 78, 'Campania - Salerno');
insert into region(id, country_id, name) values (634, 78, 'Emilia Romagna - Bologna');
insert into region(id, country_id, name) values (635, 78, 'Emilia Romagna - Ferrara');
insert into region(id, country_id, name) values (636, 78, 'Emilia Romagna - Forl-Cesena');
insert into region(id, country_id, name) values (637, 78, 'Emilia Romagna - Modena');
insert into region(id, country_id, name) values (638, 78, 'Emilia Romagna - Parma');
insert into region(id, country_id, name) values (639, 78, 'Emilia Romagna - Piacenza');
insert into region(id, country_id, name) values (640, 78, 'Emilia Romagna - Ravenna');
insert into region(id, country_id, name) values (641, 78, 'Emilia Romagna - Reggio Emilia');
insert into region(id, country_id, name) values (642, 78, 'Emilia Romagna - Rimini');
insert into region(id, country_id, name) values (643, 78, 'Friuli Venezia Giulia - Gorizia');
insert into region(id, country_id, name) values (644, 78, 'Friuli Venezia Giulia - Pordenone');
insert into region(id, country_id, name) values (645, 78, 'Friuli Venezia Giulia - Trieste');
insert into region(id, country_id, name) values (646, 78, 'Friuli Venezia Giulia - Udine');
insert into region(id, country_id, name) values (647, 78, 'Lazio - Frosinone');
insert into region(id, country_id, name) values (648, 78, 'Lazio - Latina');
insert into region(id, country_id, name) values (649, 78, 'Lazio - Rieti');
insert into region(id, country_id, name) values (650, 78, 'Lazio - Roma');
insert into region(id, country_id, name) values (651, 78, 'Lazio - Viterbo');
insert into region(id, country_id, name) values (652, 78, 'Liguria - Genova');
insert into region(id, country_id, name) values (653, 78, 'Liguria - Imperia');
insert into region(id, country_id, name) values (654, 78, 'Liguria - La Spezia');
insert into region(id, country_id, name) values (655, 78, 'Liguria - Savona');
insert into region(id, country_id, name) values (656, 78, 'Lombardia - Bergamo');
insert into region(id, country_id, name) values (657, 78, 'Lombardia - Brescia');
insert into region(id, country_id, name) values (658, 78, 'Lombardia - Como');
insert into region(id, country_id, name) values (659, 78, 'Lombardia - Cremona');
insert into region(id, country_id, name) values (660, 78, 'Lombardia - Lecco');
insert into region(id, country_id, name) values (661, 78, 'Lombardia - Lodi');
insert into region(id, country_id, name) values (662, 78, 'Lombardia - Mantova');
insert into region(id, country_id, name) values (663, 78, 'Lombardia - Milano');
insert into region(id, country_id, name) values (664, 78, 'Lombardia - Pavia');
insert into region(id, country_id, name) values (665, 78, 'Lombardia - Sondrio');
insert into region(id, country_id, name) values (666, 78, 'Lombardia - Varese');
insert into region(id, country_id, name) values (667, 78, 'Marche - Ancona');
insert into region(id, country_id, name) values (668, 78, 'Marche - Ascoli Piceno');
insert into region(id, country_id, name) values (669, 78, 'Marche - Macerata');
insert into region(id, country_id, name) values (670, 78, 'Marche - Pesaro - Urbino');
insert into region(id, country_id, name) values (671, 78, 'Molise - Campobasso');
insert into region(id, country_id, name) values (672, 78, 'Molise - Isernia');
insert into region(id, country_id, name) values (673, 78, 'Piemonte - Alessandria');
insert into region(id, country_id, name) values (674, 78, 'Piemonte - Biella');
insert into region(id, country_id, name) values (675, 78, 'Piemonte - Cuneo');
insert into region(id, country_id, name) values (676, 78, 'Piemonte - Novara');
insert into region(id, country_id, name) values (677, 78, 'Piemonte - Torino');
insert into region(id, country_id, name) values (678, 78, 'Piemonte - Verbania');
insert into region(id, country_id, name) values (679, 78, 'Piemonte - Vercelli');
insert into region(id, country_id, name) values (680, 78, 'Puglia - Bari');
insert into region(id, country_id, name) values (681, 78, 'Puglia - Brindisi');
insert into region(id, country_id, name) values (682, 78, 'Puglia - Foggia');
insert into region(id, country_id, name) values (683, 78, 'Puglia - Lecce');
insert into region(id, country_id, name) values (684, 78, 'Puglia - Taranto');
insert into region(id, country_id, name) values (685, 78, 'Sardegna - Cagliari');
insert into region(id, country_id, name) values (686, 78, 'Sardegna - Nuoro');
insert into region(id, country_id, name) values (687, 78, 'Sardegna - Oristano');
insert into region(id, country_id, name) values (688, 78, 'Sardegna - Sassari');
insert into region(id, country_id, name) values (689, 78, 'Sicilia - Agrigento');
insert into region(id, country_id, name) values (690, 78, 'Sicilia - Catania');
insert into region(id, country_id, name) values (691, 78, 'Sicilia - Messina');
insert into region(id, country_id, name) values (692, 78, 'Sicilia - Palermo');
insert into region(id, country_id, name) values (693, 78, 'Sicilia - Ragusa');
insert into region(id, country_id, name) values (694, 78, 'Sicilia - Siracusa');
insert into region(id, country_id, name) values (695, 78, 'Sicilia - Trapani');
insert into region(id, country_id, name) values (696, 78, 'Toscana - Arezzo');
insert into region(id, country_id, name) values (697, 78, 'Toscana - Firenze');
insert into region(id, country_id, name) values (698, 78, 'Toscana - Grosseto');
insert into region(id, country_id, name) values (699, 78, 'Toscana - Livorno');
insert into region(id, country_id, name) values (700, 78, 'Toscana - Lucca');
insert into region(id, country_id, name) values (701, 78, 'Toscana - Massa Carrara');
insert into region(id, country_id, name) values (702, 78, 'Toscana - Pisa');
insert into region(id, country_id, name) values (703, 78, 'Toscana - Pistoia');
insert into region(id, country_id, name) values (704, 78, 'Toscana - Prato');
insert into region(id, country_id, name) values (705, 78, 'Toscana - Siena');
insert into region(id, country_id, name) values (706, 78, 'Trentino Alto Adige - Bolzano');
insert into region(id, country_id, name) values (707, 78, 'Trentino Alto Adige - Trento');
insert into region(id, country_id, name) values (708, 78, 'Umbria - Perugia');
insert into region(id, country_id, name) values (709, 78, 'Umbria - Terni');
insert into region(id, country_id, name) values (710, 78, 'Valle d''''Aosta - Aosta');
insert into region(id, country_id, name) values (711, 78, 'Veneto - Belluno');
insert into region(id, country_id, name) values (712, 78, 'Veneto - Padova');
insert into region(id, country_id, name) values (713, 78, 'Veneto - Rovigo');
insert into region(id, country_id, name) values (714, 78, 'Veneto - Treviso');
insert into region(id, country_id, name) values (715, 78, 'Veneto - Venezia');
insert into region(id, country_id, name) values (716, 78, 'Veneto - Verona');
insert into region(id, country_id, name) values (717, 78, 'Veneto - Vicenza');
insert into city(region_id, name) values (418, 'Aga nna');
insert into city(region_id, name) values (418, 'Fteli');
insert into city(region_id, name) values (418, 'Kastori');
insert into city(region_id, name) values (418, 'Nki');
insert into city(region_id, name) values (498, 'Bangalor');
insert into city(region_id, name) values (498, 'Bombei');
insert into city(region_id, name) values (498, 'Deli');
insert into city(region_id, name) values (498, 'Kalkutta');
insert into city(region_id, name) values (498, 'Madras');
insert into city(region_id, name) values (498, 'Puna');
insert into city(region_id, name) values (498, 'Haidarabad');
insert into city(region_id, name) values (521, 'Iezd');
insert into city(region_id, name) values (532, 'Bandon');
insert into city(region_id, name) values (532, 'Bantry');
insert into city(region_id, name) values (532, 'Blarney');
insert into city(region_id, name) values (532, 'Clonakilty');
insert into city(region_id, name) values (532, 'Cork');
insert into city(region_id, name) values (532, 'Dunmanway');
insert into city(region_id, name) values (532, 'Fermoy');
insert into city(region_id, name) values (532, 'Kinsale');
insert into city(region_id, name) values (532, 'Mallow');
insert into city(region_id, name) values (532, 'Midleton');
insert into city(region_id, name) values (532, 'Mitchelstown');
insert into city(region_id, name) values (532, 'Skibbereen');
insert into city(region_id, name) values (532, 'Youghal');
insert into city(region_id, name) values (557, 'Akranes');
insert into city(region_id, name) values (567, 'Abechuco');
insert into city(region_id, name) values (567, 'Llodio');
insert into city(region_id, name) values (567, 'Salvatierra');
insert into city(region_id, name) values (567, 'Viloria');
insert into city(region_id, name) values (567, 'Vitoria');
insert into city(region_id, name) values (618, 'Altino');
insert into city(region_id, name) values (618, 'Archi');
insert into city(region_id, name) values (618, 'Ari');
insert into city(region_id, name) values (618, 'Atessa');
insert into city(region_id, name) values (618, 'Borrello');
insert into city(region_id, name) values (618, 'Casalincontrada');
insert into city(region_id, name) values (618, 'Casoli');
insert into city(region_id, name) values (618, 'Chieti');
insert into city(region_id, name) values (618, 'Lanciano');
insert into city(region_id, name) values (618, 'Rosello');
insert into city(region_id, name) values (618, 'San Buono');
insert into city(region_id, name) values (618, 'San Salvo');
insert into city(region_id, name) values (618, 'Vasto');
insert into region(id, country_id, name) values (718, 79, 'Iemen');
insert into city(region_id, name) values (419, 'Agasma');
insert into city(region_id, name) values (419, 'Cavalla');
insert into city(region_id, name) values (419, 'Chrysopoli');
insert into city(region_id, name) values (419, 'Kaballa');
insert into city(region_id, name) values (419, 'Kalvai');
insert into city(region_id, name) values (419, 'Kavla');
insert into city(region_id, name) values (419, 'Kavlla');
insert into city(region_id, name) values (419, 'Na Pramos');
insert into city(region_id, name) values (419, 'Thsos');
insert into city(region_id, name) values (499, 'Kojikod');
insert into city(region_id, name) values (499, 'Kotteiam');
insert into city(region_id, name) values (522, 'Kerman');
insert into city(region_id, name) values (533, 'Ballybofey');
insert into city(region_id, name) values (533, 'Ballyshannon');
insert into city(region_id, name) values (533, 'Buncrana');
insert into city(region_id, name) values (533, 'Carndonagh');
insert into city(region_id, name) values (533, 'Donegal');
insert into city(region_id, name) values (533, 'Killybegs');
insert into city(region_id, name) values (533, 'Letterkenny');
insert into city(region_id, name) values (533, 'Lifford');
insert into city(region_id, name) values (558, 'Akureyri');
insert into city(region_id, name) values (558, 'Migarar');
insert into city(region_id, name) values (568, 'Aguas Nuevas');
insert into city(region_id, name) values (568, 'Albacete');
insert into city(region_id, name) values (568, 'Almansa');
insert into city(region_id, name) values (568, 'Helln');
insert into city(region_id, name) values (568, 'Turilla');
insert into city(region_id, name) values (568, 'Villamalea');
insert into city(region_id, name) values (568, 'Villarrobledo');
insert into city(region_id, name) values (619, 'Avezzano');
insert into city(region_id, name) values (619, 'Canistro');
insert into city(region_id, name) values (619, 'Celano');
insert into city(region_id, name) values (619, 'L''''Aquila');
insert into city(region_id, name) values (718, 'Aden');
insert into city(region_id, name) values (718, 'Sana');
insert into region(id, country_id, name) values (719, 80, 'Kabo-Verde');
insert into city(region_id, name) values (420, 'Argostli');
insert into city(region_id, name) values (420, 'Argostlion');
insert into city(region_id, name) values (500, 'Bhopal');
insert into city(region_id, name) values (500, 'Mau');
insert into city(region_id, name) values (523, 'Kermanshah');
insert into city(region_id, name) values (534, 'Balbriggan');
insert into city(region_id, name) values (534, 'Dublin');
insert into city(region_id, name) values (534, 'Dun Laoghaire');
insert into city(region_id, name) values (534, 'Lucan');
insert into city(region_id, name) values (534, 'Lusk');
insert into city(region_id, name) values (534, 'Malahide');
insert into city(region_id, name) values (534, 'Newcastle');
insert into city(region_id, name) values (534, 'Portmarnock');
insert into city(region_id, name) values (534, 'Rush');
insert into city(region_id, name) values (534, 'Skerries');
insert into city(region_id, name) values (534, 'Swords');
insert into city(region_id, name) values (559, 'Kpavogur');
insert into city(region_id, name) values (559, 'Reykjavk');
insert into city(region_id, name) values (569, 'Abio');
insert into city(region_id, name) values (569, 'Agost');
insert into city(region_id, name) values (569, 'Agres');
insert into city(region_id, name) values (569, 'Albatera');
insert into city(region_id, name) values (569, 'Albir');
insert into city(region_id, name) values (569, 'Alborada');
insert into city(region_id, name) values (569, 'Albufereta');
insert into city(region_id, name) values (569, 'Alcoy');
insert into city(region_id, name) values (569, 'Alicante');
insert into city(region_id, name) values (569, 'Almorad');
insert into city(region_id, name) values (569, 'Altabix');
insert into city(region_id, name) values (569, 'Altea');
insert into city(region_id, name) values (569, 'Aspe');
insert into city(region_id, name) values (569, 'Benejzar');
insert into city(region_id, name) values (569, 'Benidorm');
insert into city(region_id, name) values (569, 'Benitachell');
insert into city(region_id, name) values (569, 'Calpe');
insert into city(region_id, name) values (569, 'Casas del Seor');
insert into city(region_id, name) values (569, 'Castalla');
insert into city(region_id, name) values (569, 'Dnia');
insert into city(region_id, name) values (569, 'Dolores');
insert into city(region_id, name) values (569, 'Elche');
insert into city(region_id, name) values (569, 'Elda');
insert into city(region_id, name) values (569, 'Guardamar del Segura');
insert into city(region_id, name) values (569, 'Jvea');
insert into city(region_id, name) values (569, 'La Zenia');
insert into city(region_id, name) values (569, 'Los Montesinos');
insert into city(region_id, name) values (569, 'Ondara');
insert into city(region_id, name) values (569, 'Onil');
insert into city(region_id, name) values (569, 'Orihuela');
insert into city(region_id, name) values (569, 'Pilar de la Horadada');
insert into city(region_id, name) values (569, 'San Juan de Alicante');
insert into city(region_id, name) values (569, 'Santa Pola');
insert into city(region_id, name) values (569, 'Torrevieja');
insert into city(region_id, name) values (620, 'Abbateggio');
insert into city(region_id, name) values (620, 'Citt Sant''''Angelo');
insert into city(region_id, name) values (620, 'Cugnoli');
insert into city(region_id, name) values (620, 'Loreto Aprutino');
insert into city(region_id, name) values (620, 'Montesilvano');
insert into city(region_id, name) values (620, 'Penne');
insert into city(region_id, name) values (620, 'Pescara');
insert into city(region_id, name) values (620, 'Pianella');
insert into city(region_id, name) values (719, 'Praya');
insert into region(id, country_id, name) values (720, 81, 'Akmolinskaya obl. (Celinogradskaya obl.)');
insert into region(id, country_id, name) values (721, 81, 'Aktyubinskaya obl.');
insert into region(id, country_id, name) values (722, 81, 'Alma-Atinskaya obl.');
insert into region(id, country_id, name) values (723, 81, 'Vostochno-Kazahstanskaya obl.');
insert into region(id, country_id, name) values (724, 81, 'Gurevskaya obl.');
insert into region(id, country_id, name) values (725, 81, 'Djezkazganskaya obl.');
insert into region(id, country_id, name) values (726, 81, 'Jambylskaya obl. (Djambulskaya obl.)');
insert into region(id, country_id, name) values (727, 81, 'Zapadno-Kazahstanskaya obl.');
insert into region(id, country_id, name) values (728, 81, 'Kazahstan');
insert into region(id, country_id, name) values (729, 81, 'Karagandinskaya obl.');
insert into region(id, country_id, name) values (730, 81, 'Kzylordinskaya obl.');
insert into region(id, country_id, name) values (731, 81, 'Kokchetavskaya obl.');
insert into region(id, country_id, name) values (732, 81, 'Kustanaiskaya obl.');
insert into region(id, country_id, name) values (733, 81, 'Mangystauskaya (Mangyshlakskaya obl.)');
insert into region(id, country_id, name) values (734, 81, 'Pavlodarskaya obl.');
insert into region(id, country_id, name) values (735, 81, 'Severo-Kazahstanskaya obl.');
insert into region(id, country_id, name) values (736, 81, 'Taldy-Kurganskaya obl.');
insert into region(id, country_id, name) values (737, 81, 'Turgaiskaya obl.');
insert into region(id, country_id, name) values (738, 81, 'CHimkentskaya obl.');
insert into city(region_id, name) values (421, 'Achlleion');
insert into city(region_id, name) values (421, 'fra');
insert into city(region_id, name) values (421, 'Athinio');
insert into city(region_id, name) values (421, 'Corfu');
insert into city(region_id, name) values (421, 'Krkira');
insert into city(region_id, name) values (421, 'Krkyra');
insert into city(region_id, name) values (421, 'Korfu');
insert into city(region_id, name) values (501, 'Imfal');
insert into city(region_id, name) values (524, 'Babol');
insert into city(region_id, name) values (524, 'Sari');
insert into city(region_id, name) values (535, 'Athenry');
insert into city(region_id, name) values (535, 'Ballinasloe');
insert into city(region_id, name) values (535, 'Galway');
insert into city(region_id, name) values (535, 'Gort');
insert into city(region_id, name) values (535, 'Oranmore');
insert into city(region_id, name) values (535, 'Tuam');
insert into city(region_id, name) values (560, 'Alttanes');
insert into city(region_id, name) values (570, 'Adra');
insert into city(region_id, name) values (570, 'Aguadulce');
insert into city(region_id, name) values (570, 'Albox');
insert into city(region_id, name) values (570, 'Alcaudique');
insert into city(region_id, name) values (570, 'Alhama de Almera');
insert into city(region_id, name) values (570, 'Almera');
insert into city(region_id, name) values (570, 'Almerimar');
insert into city(region_id, name) values (570, 'Arboleas');
insert into city(region_id, name) values (570, 'Balanegra');
insert into city(region_id, name) values (570, 'Balerma');
insert into city(region_id, name) values (570, 'Campohermoso');
insert into city(region_id, name) values (570, 'Cuevas de Almanzora');
insert into city(region_id, name) values (570, 'El Alquian');
insert into city(region_id, name) values (570, 'El Cabo de Gata');
insert into city(region_id, name) values (570, 'El Ejido');
insert into city(region_id, name) values (570, 'El Parador');
insert into city(region_id, name) values (570, 'Garrucha');
insert into city(region_id, name) values (570, 'La Caada de San Urbano');
insert into city(region_id, name) values (570, 'Mojcar');
insert into city(region_id, name) values (570, 'Olula del Ro');
insert into city(region_id, name) values (570, 'Roquetas de Mar');
insert into city(region_id, name) values (570, 'San Isidro de Njar');
insert into city(region_id, name) values (570, 'Vera');
insert into city(region_id, name) values (570, 'Vcar');
insert into city(region_id, name) values (621, 'Alba Adriatica');
insert into city(region_id, name) values (621, 'Ancarano');
insert into city(region_id, name) values (621, 'Bellante');
insert into city(region_id, name) values (621, 'Castellalto');
insert into city(region_id, name) values (621, 'Giulianova');
insert into city(region_id, name) values (621, 'Martinsicuro');
insert into city(region_id, name) values (621, 'Montefino');
insert into city(region_id, name) values (621, 'Nereto');
insert into city(region_id, name) values (621, 'Silvi');
insert into city(region_id, name) values (621, 'Teramo');
insert into city(region_id, name) values (621, 'Tortoreto');
insert into city(region_id, name) values (720, 'Akbeit');
insert into city(region_id, name) values (720, 'Aksu');
insert into city(region_id, name) values (720, 'Alekseevka');
insert into city(region_id, name) values (720, 'Astana');
insert into city(region_id, name) values (720, 'Astrahanka');
insert into city(region_id, name) values (720, 'Atbasar');
insert into city(region_id, name) values (720, 'Balkashino');
insert into city(region_id, name) values (720, 'Bestobe');
insert into city(region_id, name) values (720, 'Vishnevka');
insert into city(region_id, name) values (720, 'Ermentau');
insert into city(region_id, name) values (720, 'Jaltyr');
insert into city(region_id, name) values (720, 'Jolymbet');
insert into city(region_id, name) values (720, 'Kurgaldjinskii');
insert into city(region_id, name) values (720, 'Makinsk');
insert into city(region_id, name) values (720, 'Stepnogorsk');
insert into city(region_id, name) values (720, 'SHortandy');
insert into region(id, country_id, name) values (739, 82, 'Kambodja');
insert into city(region_id, name) values (422, 'Arnaa');
insert into city(region_id, name) values (422, 'Dfni');
insert into city(region_id, name) values (422, 'Hierissos');
insert into city(region_id, name) values (422, 'Laringvi');
insert into city(region_id, name) values (422, 'Pilyiros');
insert into city(region_id, name) values (422, 'Polyiros');
insert into city(region_id, name) values (422, 'Polgyros');
insert into city(region_id, name) values (502, 'Akola');
insert into city(region_id, name) values (502, 'Ahmadnagar');
insert into city(region_id, name) values (502, 'Vardha');
insert into city(region_id, name) values (502, 'Kolhapur');
insert into city(region_id, name) values (502, 'Nagpur');
insert into city(region_id, name) values (502, 'Tana');
insert into city(region_id, name) values (525, 'Tegeran');
insert into city(region_id, name) values (536, 'Ballybunion');
insert into city(region_id, name) values (536, 'Dingle');
insert into city(region_id, name) values (536, 'Killarney');
insert into city(region_id, name) values (536, 'Killorglin');
insert into city(region_id, name) values (536, 'Listowel');
insert into city(region_id, name) values (536, 'Tralee');
insert into city(region_id, name) values (561, 'br');
insert into city(region_id, name) values (561, 'gur');
insert into city(region_id, name) values (571, 'Armada');
insert into city(region_id, name) values (571, 'Avils');
insert into city(region_id, name) values (571, 'Cedemonio');
insert into city(region_id, name) values (571, 'Gijn');
insert into city(region_id, name) values (571, 'Luanco');
insert into city(region_id, name) values (571, 'Lugones');
insert into city(region_id, name) values (571, 'Mieres');
insert into city(region_id, name) values (571, 'Oviedo');
insert into city(region_id, name) values (571, 'Pravia');
insert into city(region_id, name) values (571, 'Villaviciosa');
insert into city(region_id, name) values (622, 'Colobraro');
insert into city(region_id, name) values (622, 'Ferrandina');
insert into city(region_id, name) values (622, 'Matera');
insert into city(region_id, name) values (622, 'Policoro');
insert into city(region_id, name) values (622, 'Salandra');
insert into city(region_id, name) values (721, 'Aktobe (Aktyubinsk)');
insert into city(region_id, name) values (721, 'Aksham');
insert into city(region_id, name) values (721, 'Alga');
insert into city(region_id, name) values (721, 'Baiganin');
insert into city(region_id, name) values (721, 'Batamshinskii');
insert into city(region_id, name) values (721, 'Irgiz');
insert into city(region_id, name) values (721, 'Karabutak');
insert into city(region_id, name) values (721, 'Martuk');
insert into city(region_id, name) values (721, 'Novoalekseevka');
insert into city(region_id, name) values (721, 'Oktyabrsk');
insert into city(region_id, name) values (721, 'Uil');
insert into city(region_id, name) values (721, 'Hromtau');
insert into city(region_id, name) values (721, 'CHelkar');
insert into city(region_id, name) values (721, 'SHubarkuduk');
insert into city(region_id, name) values (721, 'Emba');
insert into city(region_id, name) values (739, 'Pnompen');
insert into region(id, country_id, name) values (740, 83, 'Littoral');
insert into region(id, country_id, name) values (741, 83, 'Sudouest');
insert into region(id, country_id, name) values (742, 83, 'Severnaya');
insert into region(id, country_id, name) values (743, 83, 'Centralnaya');
insert into city(region_id, name) values (423, 'Canea');
insert into city(region_id, name) values (423, 'Chani');
insert into city(region_id, name) values (423, 'Khani');
insert into city(region_id, name) values (423, 'Kssamos');
insert into city(region_id, name) values (423, 'Loutr');
insert into city(region_id, name) values (423, 'Palaiochra');
insert into city(region_id, name) values (423, 'Sphinari');
insert into city(region_id, name) values (503, 'Puri');
insert into city(region_id, name) values (503, 'Raurkela');
insert into city(region_id, name) values (526, 'Abadan');
insert into city(region_id, name) values (526, 'SHiraz');
insert into city(region_id, name) values (537, 'Athy');
insert into city(region_id, name) values (537, 'Celbridge');
insert into city(region_id, name) values (537, 'Clane');
insert into city(region_id, name) values (537, 'Kilcullen');
insert into city(region_id, name) values (537, 'Kildare');
insert into city(region_id, name) values (537, 'Leixlip');
insert into city(region_id, name) values (537, 'Maynooth');
insert into city(region_id, name) values (537, 'Naas');
insert into city(region_id, name) values (537, 'Newbridge');
insert into city(region_id, name) values (562, 'Saudhanes');
insert into city(region_id, name) values (572, 'vila');
insert into city(region_id, name) values (572, 'El Tiemblo');
insert into city(region_id, name) values (623, 'Baragiano');
insert into city(region_id, name) values (623, 'Bella');
insert into city(region_id, name) values (623, 'Calvera');
insert into city(region_id, name) values (623, 'Maratea');
insert into city(region_id, name) values (623, 'Melfi');
insert into city(region_id, name) values (623, 'Potenza');
insert into city(region_id, name) values (623, 'Rapolla');
insert into city(region_id, name) values (623, 'Sant''''Arcangelo');
insert into city(region_id, name) values (623, 'Venosa');
insert into city(region_id, name) values (722, 'Almaty (Alma-Ata)');
insert into city(region_id, name) values (722, 'Bakanas');
insert into city(region_id, name) values (722, 'Burundai');
insert into city(region_id, name) values (722, 'Issyk');
insert into city(region_id, name) values (722, 'Kapchagai');
insert into city(region_id, name) values (722, 'Kaskelen');
insert into city(region_id, name) values (722, 'Narynkol');
insert into city(region_id, name) values (722, 'Talgar');
insert into city(region_id, name) values (722, 'Uzunagach');
insert into city(region_id, name) values (722, 'CHilik');
insert into city(region_id, name) values (722, 'CHundja');
insert into city(region_id, name) values (740, 'Duala');
insert into region(id, country_id, name) values (744, 84, 'Alberta');
insert into region(id, country_id, name) values (745, 84, 'British Columbia');
insert into region(id, country_id, name) values (746, 84, 'Manitoba');
insert into region(id, country_id, name) values (747, 84, 'New Brunswick');
insert into region(id, country_id, name) values (748, 84, 'Newfoundland');
insert into region(id, country_id, name) values (749, 84, 'Northwest Territories');
insert into region(id, country_id, name) values (750, 84, 'Nova Scotia');
insert into region(id, country_id, name) values (751, 84, 'Nunavut');
insert into region(id, country_id, name) values (752, 84, 'Ontario');
insert into region(id, country_id, name) values (753, 84, 'Prince Edward Island');
insert into region(id, country_id, name) values (754, 84, 'Quebec');
insert into region(id, country_id, name) values (755, 84, 'Saskatchewan');
insert into region(id, country_id, name) values (756, 84, 'Yukon Territory');
insert into city(region_id, name) values (424, 'Afrodsia');
insert into city(region_id, name) values (424, 'Chalkein');
insert into city(region_id, name) values (424, 'Hios');
insert into city(region_id, name) values (424, 'Karfs');
insert into city(region_id, name) values (424, 'Karia');
insert into city(region_id, name) values (504, 'Amritsar');
insert into city(region_id, name) values (504, 'Ludhiana');
insert into city(region_id, name) values (527, 'Bender-Abbas');
insert into city(region_id, name) values (538, 'Kilkenny');
insert into city(region_id, name) values (563, 'rnes');
insert into city(region_id, name) values (563, 'Norurfjrur');
insert into city(region_id, name) values (563, 'Reykjarnes');
insert into city(region_id, name) values (573, 'Almendralejo');
insert into city(region_id, name) values (573, 'Badajoz');
insert into city(region_id, name) values (573, 'Don Benito');
insert into city(region_id, name) values (573, 'Mrida');
insert into city(region_id, name) values (573, 'Talarrubias');
insert into city(region_id, name) values (624, 'Amaroni');
insert into city(region_id, name) values (624, 'Catanzaro');
insert into city(region_id, name) values (624, 'Jacurso');
insert into city(region_id, name) values (624, 'Lamezia Terme');
insert into city(region_id, name) values (624, 'Satriano');
insert into city(region_id, name) values (624, 'Soverato');
insert into city(region_id, name) values (624, 'Taverna');
insert into city(region_id, name) values (723, 'Akjar');
insert into city(region_id, name) values (723, 'Aksuat');
insert into city(region_id, name) values (723, 'Asubulak');
insert into city(region_id, name) values (723, 'Auezov');
insert into city(region_id, name) values (723, 'Ayaguz');
insert into city(region_id, name) values (723, 'Barshatas');
insert into city(region_id, name) values (723, 'Belogorskii');
insert into city(region_id, name) values (723, 'Boko');
insert into city(region_id, name) values (723, 'Bolshaya Vladimirovka');
insert into city(region_id, name) values (723, 'Boroduliha');
insert into city(region_id, name) values (723, 'Verhneberezovskii');
insert into city(region_id, name) values (723, 'Georgievka');
insert into city(region_id, name) values (723, 'Glubokoe');
insert into city(region_id, name) values (723, 'Jangiztobe');
insert into city(region_id, name) values (723, 'Jarma');
insert into city(region_id, name) values (723, 'Jezkent');
insert into city(region_id, name) values (723, 'Zaisan');
insert into city(region_id, name) values (723, 'Zyryanovsk');
insert into city(region_id, name) values (723, 'Katon-Karagai');
insert into city(region_id, name) values (723, 'Kokpekty');
insert into city(region_id, name) values (723, 'Kurchum');
insert into city(region_id, name) values (723, 'Makanchi');
insert into city(region_id, name) values (723, 'Novaya SHulba');
insert into city(region_id, name) values (723, 'Ridder (Leninogorsk)');
insert into city(region_id, name) values (723, 'Samarskoe');
insert into city(region_id, name) values (723, 'Semipalatinsk');
insert into city(region_id, name) values (723, 'Serebryansk');
insert into city(region_id, name) values (723, 'Taskesken');
insert into city(region_id, name) values (723, 'Urdjar');
insert into city(region_id, name) values (723, 'Ust-Kamenogorsk');
insert into city(region_id, name) values (723, 'CHarsk');
insert into city(region_id, name) values (723, 'SHemonaiha');
insert into city(region_id, name) values (723, 'SHulbinsk');
insert into city(region_id, name) values (741, 'Viktoriya');
insert into city(region_id, name) values (744, 'Abee');
insert into city(region_id, name) values (744, 'Acadia Valley');
insert into city(region_id, name) values (744, 'Acme');
insert into city(region_id, name) values (744, 'Aden');
insert into city(region_id, name) values (744, 'Airdrie');
insert into city(region_id, name) values (744, 'Alberta Beach');
insert into city(region_id, name) values (744, 'Alix');
insert into city(region_id, name) values (744, 'Alliance');
insert into city(region_id, name) values (744, 'Andrew');
insert into city(region_id, name) values (744, 'Athabasca');
insert into city(region_id, name) values (744, 'Atikameg');
insert into city(region_id, name) values (744, 'Atmore');
insert into city(region_id, name) values (744, 'Balzac');
insert into city(region_id, name) values (744, 'Barrhead');
insert into city(region_id, name) values (744, 'Blueberry Mountain');
insert into city(region_id, name) values (744, 'Brooks');
insert into city(region_id, name) values (744, 'Buffalo');
insert into city(region_id, name) values (744, 'Calgary');
insert into city(region_id, name) values (744, 'Camrose');
insert into city(region_id, name) values (744, 'Edmonton');
insert into city(region_id, name) values (744, 'Eureka River');
insert into city(region_id, name) values (744, 'Fort Mackay');
insert into city(region_id, name) values (744, 'Fort McMurray');
insert into city(region_id, name) values (744, 'Grande Prairie');
insert into city(region_id, name) values (744, 'Hinton');
insert into city(region_id, name) values (744, 'Jasper');
insert into city(region_id, name) values (744, 'Leduc');
insert into city(region_id, name) values (744, 'Lethbridge');
insert into city(region_id, name) values (744, 'Medicine Hat');
insert into city(region_id, name) values (744, 'Monarch');
insert into city(region_id, name) values (744, 'Nevis');
insert into city(region_id, name) values (744, 'Oyen');
insert into city(region_id, name) values (744, 'Red Deer');
insert into city(region_id, name) values (744, 'Robb');
insert into city(region_id, name) values (744, 'Sherwood Park');
insert into city(region_id, name) values (744, 'Torrington');
insert into city(region_id, name) values (744, 'Vegreville');
insert into region(id, country_id, name) values (757, 85, 'Doha');
insert into city(region_id, name) values (425, 'Admas');
insert into city(region_id, name) values (425, 'Fir');
insert into city(region_id, name) values (425, 'Mkonos');
insert into city(region_id, name) values (425, 'Mlos');
insert into city(region_id, name) values (425, 'Mkonos');
insert into city(region_id, name) values (425, 'Nxos');
insert into city(region_id, name) values (425, 'Pros');
insert into city(region_id, name) values (425, 'Thra');
insert into city(region_id, name) values (505, 'Pondicherri');
insert into city(region_id, name) values (528, 'Ahvaz');
insert into city(region_id, name) values (528, 'Horramshahr');
insert into city(region_id, name) values (539, 'Abbeyleix');
insert into city(region_id, name) values (539, 'Mountmellick');
insert into city(region_id, name) values (539, 'Mountrath');
insert into city(region_id, name) values (539, 'Portarlington');
insert into city(region_id, name) values (539, 'Portlaoise');
insert into city(region_id, name) values (539, 'Rathdowney');
insert into city(region_id, name) values (539, 'Stradbally');
insert into city(region_id, name) values (564, 'Reyarfjrur');
insert into city(region_id, name) values (574, 'Abrera');
insert into city(region_id, name) values (574, 'Aiguafreda (1)');
insert into city(region_id, name) values (574, 'Alou');
insert into city(region_id, name) values (574, 'Antius');
insert into city(region_id, name) values (574, 'Arenys de Munt');
insert into city(region_id, name) values (574, 'Avi');
insert into city(region_id, name) values (574, 'Badalona');
insert into city(region_id, name) values (574, 'Balsareny');
insert into city(region_id, name) values (574, 'Barcelona');
insert into city(region_id, name) values (574, 'Begues');
insert into city(region_id, name) values (574, 'Berga');
insert into city(region_id, name) values (574, 'Bergus');
insert into city(region_id, name) values (574, 'Bonavista');
insert into city(region_id, name) values (574, 'Cabrils');
insert into city(region_id, name) values (574, 'Calaf');
insert into city(region_id, name) values (574, 'Calella');
insert into city(region_id, name) values (574, 'Camps');
insert into city(region_id, name) values (574, 'Cardona');
insert into city(region_id, name) values (574, 'Castellar de n''''hug');
insert into city(region_id, name) values (574, 'Castelldefels');
insert into city(region_id, name) values (574, 'Cerdanyola');
insert into city(region_id, name) values (574, 'Clint el');
insert into city(region_id, name) values (574, 'Granollers');
insert into city(region_id, name) values (574, 'L'''' Hospitalet de Llobregat');
insert into city(region_id, name) values (574, 'La Molina');
insert into city(region_id, name) values (574, 'La Panadella');
insert into city(region_id, name) values (574, 'Malgrat de Mar');
insert into city(region_id, name) values (574, 'Manresa');
insert into city(region_id, name) values (574, 'Matar');
insert into city(region_id, name) values (574, 'Mollet');
insert into city(region_id, name) values (574, 'Montcada i Reixac');
insert into city(region_id, name) values (574, 'Poliny');
insert into city(region_id, name) values (574, 'Sabadell');
insert into city(region_id, name) values (574, 'Sant Boi de Llobregat');
insert into city(region_id, name) values (574, 'Sant Juli de Vilatorta');
insert into city(region_id, name) values (574, 'Sant Pol de Mar');
insert into city(region_id, name) values (574, 'Santa Susanna');
insert into city(region_id, name) values (574, 'Sitges');
insert into city(region_id, name) values (574, 'Terrassa');
insert into city(region_id, name) values (574, 'Vic');
insert into city(region_id, name) values (574, 'Vilafranca del Peneds');
insert into city(region_id, name) values (574, 'Vilanova i la Geltr');
insert into city(region_id, name) values (574, 'Viver');
insert into city(region_id, name) values (625, 'Acquappesa');
insert into city(region_id, name) values (625, 'Acri');
insert into city(region_id, name) values (625, 'Amantea');
insert into city(region_id, name) values (625, 'Belvedere Marittimo');
insert into city(region_id, name) values (625, 'Bocchigliero');
insert into city(region_id, name) values (625, 'Cariati');
insert into city(region_id, name) values (625, 'Corigliano Calabro');
insert into city(region_id, name) values (625, 'Cosenza');
insert into city(region_id, name) values (625, 'Crosia');
insert into city(region_id, name) values (625, 'Fuscaldo');
insert into city(region_id, name) values (625, 'Rende');
insert into city(region_id, name) values (625, 'Rossano');
insert into city(region_id, name) values (625, 'San Lucido');
insert into city(region_id, name) values (625, 'San Vincenzo La Costa');
insert into city(region_id, name) values (625, 'Santa Maria del Cedro');
insert into city(region_id, name) values (625, 'Scalea');
insert into city(region_id, name) values (625, 'Tortora');
insert into city(region_id, name) values (724, 'Atyrau(Gurev)');
insert into city(region_id, name) values (724, 'Baichunas');
insert into city(region_id, name) values (724, 'Balykshi');
insert into city(region_id, name) values (724, 'Ganyushkino');
insert into city(region_id, name) values (724, 'Dossor');
insert into city(region_id, name) values (724, 'Inderborskii');
insert into city(region_id, name) values (724, 'Karaton');
insert into city(region_id, name) values (724, 'Kulsary');
insert into city(region_id, name) values (724, 'Makat');
insert into city(region_id, name) values (724, 'Miyaly');
insert into city(region_id, name) values (742, 'Garua');
insert into city(region_id, name) values (745, '100 Mile House');
insert into city(region_id, name) values (745, 'Abbotsford');
insert into city(region_id, name) values (745, 'Altona');
insert into city(region_id, name) values (745, 'Anahim Lake');
insert into city(region_id, name) values (745, 'Argenta');
insert into city(region_id, name) values (745, 'Armstrong');
insert into city(region_id, name) values (745, 'Belcarra');
insert into city(region_id, name) values (745, 'Bella Bella');
insert into city(region_id, name) values (745, 'Boston Bar');
insert into city(region_id, name) values (745, 'Burnaby');
insert into city(region_id, name) values (745, 'Burns Lake');
insert into city(region_id, name) values (745, 'Campbell River');
insert into city(region_id, name) values (745, 'Coquitlam');
insert into city(region_id, name) values (745, 'Cranbrook');
insert into city(region_id, name) values (745, 'Duncan');
insert into city(region_id, name) values (745, 'Egmont');
insert into city(region_id, name) values (745, 'Falkland');
insert into city(region_id, name) values (745, 'Fort St John');
insert into city(region_id, name) values (745, 'Kamloops');
insert into city(region_id, name) values (745, 'Kelowna');
insert into city(region_id, name) values (745, 'Kitimat');
insert into city(region_id, name) values (745, 'Madeira Park');
insert into city(region_id, name) values (745, 'Nanaimo');
insert into city(region_id, name) values (745, 'Penticton');
insert into city(region_id, name) values (745, 'Prince George');
insert into city(region_id, name) values (745, 'Radium Hot Springs');
insert into city(region_id, name) values (745, 'Revelstoke');
insert into city(region_id, name) values (745, 'Richmond');
insert into city(region_id, name) values (745, 'Sidney');
insert into city(region_id, name) values (745, 'Surrey');
insert into city(region_id, name) values (745, 'Tofino');
insert into city(region_id, name) values (745, 'Vancouver');
insert into city(region_id, name) values (745, 'Victoria');
insert into city(region_id, name) values (745, 'West Vancouver');
insert into city(region_id, name) values (745, 'Whistler');
insert into city(region_id, name) values (757, 'Doha');
insert into region(id, country_id, name) values (758, 86, 'Central');
insert into region(id, country_id, name) values (759, 86, 'Coast');
insert into region(id, country_id, name) values (760, 86, 'Nairobi Area');
insert into region(id, country_id, name) values (761, 86, 'North-Eastern');
insert into region(id, country_id, name) values (762, 86, 'Western');
insert into city(region_id, name) values (426, 'Atl');
insert into city(region_id, name) values (426, 'Axiopoli');
insert into city(region_id, name) values (426, 'Galliks');
insert into city(region_id, name) values (426, 'Kalndhria');
insert into city(region_id, name) values (426, 'Kilks');
insert into city(region_id, name) values (426, 'Libhovon');
insert into city(region_id, name) values (426, 'Polkastro');
insert into city(region_id, name) values (426, 'Skhovon');
insert into city(region_id, name) values (506, 'Aimer');
insert into city(region_id, name) values (506, 'Alvar');
insert into city(region_id, name) values (506, 'Kota');
insert into city(region_id, name) values (506, 'Udaipur');
insert into city(region_id, name) values (540, 'Carrick on Shannon');
insert into city(region_id, name) values (565, 'Vatneyri');
insert into city(region_id, name) values (575, 'Ages');
insert into city(region_id, name) values (575, 'Alba');
insert into city(region_id, name) values (575, 'Alcocero de mola');
insert into city(region_id, name) values (575, 'Aranda de Duero');
insert into city(region_id, name) values (575, 'Burgos');
insert into city(region_id, name) values (575, 'Caizar de amaya');
insert into city(region_id, name) values (575, 'Covarrubias');
insert into city(region_id, name) values (575, 'Miranda de Ebro');
insert into city(region_id, name) values (626, 'Crotone');
insert into city(region_id, name) values (626, 'Crucoli');
insert into city(region_id, name) values (626, 'Isola di Capo Rizzuto');
insert into city(region_id, name) values (626, 'Melissa');
insert into city(region_id, name) values (725, 'Agadyr');
insert into city(region_id, name) values (725, 'Akjal');
insert into city(region_id, name) values (725, 'Atasu');
insert into city(region_id, name) values (725, 'Balhash');
insert into city(region_id, name) values (725, 'Gulshad');
insert into city(region_id, name) values (725, 'Darinskii');
insert into city(region_id, name) values (725, 'Djambul');
insert into city(region_id, name) values (725, 'Djezdy');
insert into city(region_id, name) values (725, 'Djezkazgan');
insert into city(region_id, name) values (725, 'Jaryk');
insert into city(region_id, name) values (725, 'Karajal');
insert into city(region_id, name) values (725, 'Priozersk');
insert into city(region_id, name) values (725, 'Satpaev (Nikolskii)');
insert into city(region_id, name) values (725, 'Taraz');
insert into city(region_id, name) values (725, 'Ulytau');
insert into city(region_id, name) values (743, 'YAunde');
insert into city(region_id, name) values (746, 'Alexander');
insert into city(region_id, name) values (746, 'Alonsa');
insert into city(region_id, name) values (746, 'Altona');
insert into city(region_id, name) values (746, 'Austin');
insert into city(region_id, name) values (746, 'Beaconia');
insert into city(region_id, name) values (746, 'Belmont');
insert into city(region_id, name) values (746, 'Brandon');
insert into city(region_id, name) values (746, 'Kenton');
insert into city(region_id, name) values (746, 'Manson');
insert into city(region_id, name) values (746, 'Minitonas');
insert into city(region_id, name) values (746, 'Morris');
insert into city(region_id, name) values (746, 'Neepawa');
insert into city(region_id, name) values (746, 'Roblin');
insert into city(region_id, name) values (746, 'Steinbach');
insert into city(region_id, name) values (746, 'Wanipigow');
insert into city(region_id, name) values (746, 'Winkler');
insert into city(region_id, name) values (746, 'Winnipeg');
insert into city(region_id, name) values (758, 'Fort Hall');
insert into city(region_id, name) values (758, 'Gatei');
insert into city(region_id, name) values (758, 'Gatunguru');
insert into region(id, country_id, name) values (763, 87, 'Government controlled area');
insert into region(id, country_id, name) values (764, 87, 'Turkish controlled area');
insert into city(region_id, name) values (427, 'Corinth');
insert into city(region_id, name) values (427, 'Kito');
insert into city(region_id, name) values (427, 'Kiton');
insert into city(region_id, name) values (427, 'Krinthos');
insert into city(region_id, name) values (507, 'Madurai');
insert into city(region_id, name) values (541, 'Croom');
insert into city(region_id, name) values (541, 'Limerick');
insert into city(region_id, name) values (541, 'Newcastle');
insert into city(region_id, name) values (541, 'Patrickswell');
insert into city(region_id, name) values (576, 'Cceres');
insert into city(region_id, name) values (576, 'Coria');
insert into city(region_id, name) values (627, 'Bianco');
insert into city(region_id, name) values (627, 'Calanna');
insert into city(region_id, name) values (627, 'Caulonia');
insert into city(region_id, name) values (627, 'Gioia Tauro');
insert into city(region_id, name) values (627, 'Gioiosa Ionica');
insert into city(region_id, name) values (627, 'Monasterace');
insert into city(region_id, name) values (627, 'Reggio di Calabria');
insert into city(region_id, name) values (627, 'Rizziconi');
insert into city(region_id, name) values (627, 'Roccella Ionica');
insert into city(region_id, name) values (627, 'Rosarno');
insert into city(region_id, name) values (627, 'Siderno');
insert into city(region_id, name) values (726, 'Akkol');
insert into city(region_id, name) values (726, 'Baikadam');
insert into city(region_id, name) values (726, 'Burnoe');
insert into city(region_id, name) values (726, 'Georgievka');
insert into city(region_id, name) values (726, 'Granitogorsk');
insert into city(region_id, name) values (726, 'Janatas');
insert into city(region_id, name) values (726, 'Karatau');
insert into city(region_id, name) values (726, 'Koktal');
insert into city(region_id, name) values (726, 'Lugovoe');
insert into city(region_id, name) values (726, 'Merke');
insert into city(region_id, name) values (726, 'Mihailovka');
insert into city(region_id, name) values (726, 'Novotroickoe');
insert into city(region_id, name) values (726, 'Otar');
insert into city(region_id, name) values (726, 'Taraz (Djambul)');
insert into city(region_id, name) values (726, 'Furmanovka');
insert into city(region_id, name) values (726, 'CHiganak');
insert into city(region_id, name) values (726, 'CHu');
insert into city(region_id, name) values (747, 'Acadieville');
insert into city(region_id, name) values (747, 'Allainville');
insert into city(region_id, name) values (747, 'Bas-Caraquet');
insert into city(region_id, name) values (747, 'Forest City');
insert into city(region_id, name) values (747, 'Moncton');
insert into city(region_id, name) values (747, 'Saint John');
insert into city(region_id, name) values (759, 'Balguda');
insert into city(region_id, name) values (759, 'Mombasa');
insert into city(region_id, name) values (759, 'Mombassa');
insert into city(region_id, name) values (763, 'Larnaka');
insert into city(region_id, name) values (763, 'Limassol');
insert into city(region_id, name) values (763, 'Pafos');
insert into region(id, country_id, name) values (765, 88, 'None');
insert into city(region_id, name) values (428, 'Kozni');
insert into city(region_id, name) values (428, 'Ptolemaida');
insert into city(region_id, name) values (508, 'Agartala');
insert into city(region_id, name) values (542, 'Granard');
insert into city(region_id, name) values (542, 'Longford');
insert into city(region_id, name) values (577, 'Algeciras');
insert into city(region_id, name) values (577, 'Cdiz');
insert into city(region_id, name) values (577, 'Chiclana de la Frontera');
insert into city(region_id, name) values (577, 'El Puerto de Santa Mara');
insert into city(region_id, name) values (577, 'Jerez de la Frontera');
insert into city(region_id, name) values (577, 'La Lnea de la Concepcin');
insert into city(region_id, name) values (577, 'Los Barrios');
insert into city(region_id, name) values (577, 'Palmones');
insert into city(region_id, name) values (577, 'Puerto Real');
insert into city(region_id, name) values (577, 'Rota');
insert into city(region_id, name) values (577, 'San Fernando');
insert into city(region_id, name) values (577, 'San Roque');
insert into city(region_id, name) values (577, 'Sanlcar de Barrameda');
insert into city(region_id, name) values (577, 'Sotogrande');
insert into city(region_id, name) values (577, 'Tarifa');
insert into city(region_id, name) values (628, 'Das');
insert into city(region_id, name) values (628, 'Fabrizia');
insert into city(region_id, name) values (628, 'Pizzo');
insert into city(region_id, name) values (628, 'Soriano Calabro');
insert into city(region_id, name) values (628, 'Vibo Valentia');
insert into city(region_id, name) values (727, 'Aksai');
insert into city(region_id, name) values (727, 'Uralsk');
insert into city(region_id, name) values (748, 'Benton');
insert into city(region_id, name) values (748, 'Churchill Falls');
insert into city(region_id, name) values (748, 'Elliston');
insert into city(region_id, name) values (748, 'St. John''''s');
insert into city(region_id, name) values (760, 'Harambee');
insert into city(region_id, name) values (760, 'Kilimani Estate');
insert into city(region_id, name) values (760, 'Nairobi');
insert into city(region_id, name) values (760, 'Shauri Moyo');
insert into city(region_id, name) values (764, 'Girne');
insert into city(region_id, name) values (764, 'Nikosiya');
insert into city(region_id, name) values (764, 'Famagusta');
insert into city(region_id, name) values (765, 'Aiaki');
insert into city(region_id, name) values (765, 'Bairiki');
insert into city(region_id, name) values (765, 'Baretoa');
insert into city(region_id, name) values (765, 'King');
insert into city(region_id, name) values (765, 'London');
insert into city(region_id, name) values (765, 'Ooma');
insert into city(region_id, name) values (765, 'Tenanoraoi');
insert into city(region_id, name) values (765, 'Terikai');
insert into city(region_id, name) values (765, 'Tetabuki');
insert into region(id, country_id, name) values (766, 89, 'Anhui');
insert into region(id, country_id, name) values (767, 89, 'Beijing');
insert into region(id, country_id, name) values (768, 89, 'Chongqing');
insert into region(id, country_id, name) values (769, 89, 'Fujian');
insert into region(id, country_id, name) values (770, 89, 'Gansu');
insert into region(id, country_id, name) values (771, 89, 'Guangdong');
insert into region(id, country_id, name) values (772, 89, 'Guangxi');
insert into region(id, country_id, name) values (773, 89, 'Guizhou');
insert into region(id, country_id, name) values (774, 89, 'Hainan');
insert into region(id, country_id, name) values (775, 89, 'Hebei');
insert into region(id, country_id, name) values (776, 89, 'Heilongjiang');
insert into region(id, country_id, name) values (777, 89, 'Henan');
insert into region(id, country_id, name) values (778, 89, 'Hubei');
insert into region(id, country_id, name) values (779, 89, 'Hunan');
insert into region(id, country_id, name) values (780, 89, 'Jiangsu');
insert into region(id, country_id, name) values (781, 89, 'Jiangxi');
insert into region(id, country_id, name) values (782, 89, 'Jilin');
insert into region(id, country_id, name) values (783, 89, 'Liaoning');
insert into region(id, country_id, name) values (784, 89, 'Nei Mongol');
insert into region(id, country_id, name) values (785, 89, 'Ningxia');
insert into region(id, country_id, name) values (786, 89, 'Qinghai');
insert into region(id, country_id, name) values (787, 89, 'Shaanxi');
insert into region(id, country_id, name) values (788, 89, 'Shandong');
insert into region(id, country_id, name) values (789, 89, 'Shanghai');
insert into region(id, country_id, name) values (790, 89, 'Shanxi');
insert into region(id, country_id, name) values (791, 89, 'Sichuan');
insert into region(id, country_id, name) values (792, 89, 'Tianjin');
insert into region(id, country_id, name) values (793, 89, 'Xinjiang');
insert into region(id, country_id, name) values (794, 89, 'Yunnan');
insert into region(id, country_id, name) values (795, 89, 'Zhejiang');
insert into city(region_id, name) values (429, 'Arepolis');
insert into city(region_id, name) values (429, 'Lacedaemon');
insert into city(region_id, name) values (429, 'Nepolis');
insert into city(region_id, name) values (429, 'Skla');
insert into city(region_id, name) values (429, 'Sparta');
insert into city(region_id, name) values (429, 'Sparte');
insert into city(region_id, name) values (429, 'Sprti');
insert into city(region_id, name) values (509, 'Agra');
insert into city(region_id, name) values (509, 'Allahabad');
insert into city(region_id, name) values (509, 'Varanasi');
insert into city(region_id, name) values (509, 'Ghaziabad');
insert into city(region_id, name) values (509, 'Kanpur');
insert into city(region_id, name) values (543, 'Ardee');
insert into city(region_id, name) values (543, 'Drogheda');
insert into city(region_id, name) values (543, 'Dundalk');
insert into city(region_id, name) values (543, 'Dunleer');
insert into city(region_id, name) values (578, 'Agsero');
insert into city(region_id, name) values (578, 'Ajanedo');
insert into city(region_id, name) values (578, 'Alcomba');
insert into city(region_id, name) values (578, 'Comillas');
insert into city(region_id, name) values (578, 'Ganzo');
insert into city(region_id, name) values (578, 'Lamedo');
insert into city(region_id, name) values (578, 'Laredo');
insert into city(region_id, name) values (578, 'Muriedas');
insert into city(region_id, name) values (578, 'Potes');
insert into city(region_id, name) values (578, 'Puente san miguel');
insert into city(region_id, name) values (578, 'Reinosa');
insert into city(region_id, name) values (578, 'San miguel');
insert into city(region_id, name) values (578, 'Santa Cruz de Bezana');
insert into city(region_id, name) values (578, 'Santander');
insert into city(region_id, name) values (578, 'Santoa');
insert into city(region_id, name) values (578, 'Solares');
insert into city(region_id, name) values (578, 'Torrelavega');
insert into city(region_id, name) values (629, 'Altavilla Irpina');
insert into city(region_id, name) values (629, 'Avella');
insert into city(region_id, name) values (629, 'Avellino');
insert into city(region_id, name) values (629, 'Calabritto');
insert into city(region_id, name) values (629, 'Fontanarosa');
insert into city(region_id, name) values (629, 'Forino');
insert into city(region_id, name) values (629, 'Frigento');
insert into city(region_id, name) values (629, 'Gesualdo');
insert into city(region_id, name) values (629, 'Lauro');
insert into city(region_id, name) values (629, 'Mercogliano');
insert into city(region_id, name) values (629, 'Mirabella Eclano');
insert into city(region_id, name) values (629, 'San Michele di Serino');
insert into city(region_id, name) values (728, 'Ak-Kol');
insert into city(region_id, name) values (728, 'Akshii');
insert into city(region_id, name) values (728, 'Arshaly');
insert into city(region_id, name) values (728, 'Atbasar');
insert into city(region_id, name) values (728, 'Baikonur');
insert into city(region_id, name) values (728, 'Balkashino');
insert into city(region_id, name) values (728, 'Jezkazgan');
insert into city(region_id, name) values (728, 'Kostanai');
insert into city(region_id, name) values (728, 'Kurchatov');
insert into city(region_id, name) values (728, 'Kyzylorda');
insert into city(region_id, name) values (728, 'Mahambet');
insert into city(region_id, name) values (749, 'Norman Wells');
insert into city(region_id, name) values (749, 'Rae Edzo');
insert into city(region_id, name) values (749, 'Yellowknife');
insert into city(region_id, name) values (761, 'Arda Dadaja');
insert into city(region_id, name) values (766, 'Aikou');
insert into city(region_id, name) values (766, 'Changfeng');
insert into city(region_id, name) values (766, 'Hefei');
insert into city(region_id, name) values (766, 'Quanjiao');
insert into city(region_id, name) values (766, 'Wuhu');
insert into region(id, country_id, name) values (796, 90, 'Amazonas');
insert into region(id, country_id, name) values (797, 90, 'Antioquia');
insert into region(id, country_id, name) values (798, 90, 'Atlntico');
insert into region(id, country_id, name) values (799, 90, 'Casanare');
insert into region(id, country_id, name) values (800, 90, 'Cauca');
insert into region(id, country_id, name) values (801, 90, 'Csar');
insert into region(id, country_id, name) values (802, 90, 'Choc');
insert into region(id, country_id, name) values (803, 90, 'Crdoba');
insert into region(id, country_id, name) values (804, 90, 'Cundinamarca');
insert into region(id, country_id, name) values (805, 90, 'Distrito Especial');
insert into region(id, country_id, name) values (806, 90, 'Huila');
insert into region(id, country_id, name) values (807, 90, 'La Guajira');
insert into region(id, country_id, name) values (808, 90, 'Meta');
insert into region(id, country_id, name) values (809, 90, 'Narino');
insert into region(id, country_id, name) values (810, 90, 'Norte de Santander');
insert into region(id, country_id, name) values (811, 90, 'Quindo');
insert into region(id, country_id, name) values (812, 90, 'Risaralda');
insert into region(id, country_id, name) values (813, 90, 'Santander');
insert into region(id, country_id, name) values (814, 90, 'Tolima');
insert into city(region_id, name) values (430, 'Anatol');
insert into city(region_id, name) values (430, 'Asarlk');
insert into city(region_id, name) values (430, 'Elassna');
insert into city(region_id, name) values (430, 'Frsala');
insert into city(region_id, name) values (430, 'Ita');
insert into city(region_id, name) values (430, 'Kypselochri');
insert into city(region_id, name) values (430, 'Lrisa');
insert into city(region_id, name) values (430, 'Lrissa');
insert into city(region_id, name) values (430, 'Livdi');
insert into city(region_id, name) values (510, 'Ambala');
insert into city(region_id, name) values (510, 'Gurgaon');
insert into city(region_id, name) values (544, 'Ballina');
insert into city(region_id, name) values (544, 'Ballinrobe');
insert into city(region_id, name) values (544, 'Castlebar');
insert into city(region_id, name) values (544, 'Claremorris');
insert into city(region_id, name) values (544, 'Crossmolina');
insert into city(region_id, name) values (544, 'Westport');
insert into city(region_id, name) values (579, 'Ahin');
insert into city(region_id, name) values (579, 'Albocacer');
insert into city(region_id, name) values (579, 'Benicarl');
insert into city(region_id, name) values (579, 'Castelln de la Plana');
insert into city(region_id, name) values (579, 'La Vall d''''Uix');
insert into city(region_id, name) values (579, 'Moncofar');
insert into city(region_id, name) values (579, 'Nules');
insert into city(region_id, name) values (579, 'Oropesa');
insert into city(region_id, name) values (579, 'Pescola');
insert into city(region_id, name) values (579, 'Segorbe');
insert into city(region_id, name) values (579, 'Villarreal');
insert into city(region_id, name) values (579, 'Vinars');
insert into city(region_id, name) values (630, 'Amorosi');
insert into city(region_id, name) values (630, 'Apice');
insert into city(region_id, name) values (630, 'Benevento');
insert into city(region_id, name) values (630, 'Calvi');
insert into city(region_id, name) values (630, 'Faicchio');
insert into city(region_id, name) values (630, 'San Giorgio La Molara');
insert into city(region_id, name) values (729, 'Abai');
insert into city(region_id, name) values (729, 'Aktas');
insert into city(region_id, name) values (729, 'Aktau');
insert into city(region_id, name) values (729, 'Egindybulak');
insert into city(region_id, name) values (729, 'Karagaily');
insert into city(region_id, name) values (729, 'Karaganda');
insert into city(region_id, name) values (729, 'Karkaralinsk');
insert into city(region_id, name) values (729, 'Kievka');
insert into city(region_id, name) values (729, 'Osakarovka');
insert into city(region_id, name) values (729, 'Saran');
insert into city(region_id, name) values (729, 'Temirtau');
insert into city(region_id, name) values (729, 'Tokarevka');
insert into city(region_id, name) values (729, 'Topar');
insert into city(region_id, name) values (729, 'Ulyanovskii');
insert into city(region_id, name) values (729, 'SHahtinsk');
insert into city(region_id, name) values (750, 'Arcadia');
insert into city(region_id, name) values (750, 'Arichat');
insert into city(region_id, name) values (750, 'Askilton');
insert into city(region_id, name) values (750, 'Baddeck');
insert into city(region_id, name) values (750, 'Barton');
insert into city(region_id, name) values (750, 'Dartmouth');
insert into city(region_id, name) values (750, 'Halifax');
insert into city(region_id, name) values (750, 'Mira Road');
insert into city(region_id, name) values (750, 'Sydney');
insert into city(region_id, name) values (750, 'Trenton');
insert into city(region_id, name) values (762, 'Busia');
insert into city(region_id, name) values (767, 'Anding');
insert into city(region_id, name) values (767, 'Anting');
insert into city(region_id, name) values (767, 'Badalingzhen');
insert into city(region_id, name) values (767, 'Badaohe');
insert into city(region_id, name) values (767, 'Banbidian');
insert into city(region_id, name) values (767, 'Banqiao');
insert into city(region_id, name) values (767, 'Beijian');
insert into city(region_id, name) values (767, 'Beijing');
insert into city(region_id, name) values (767, 'Beijing Shi');
insert into city(region_id, name) values (767, 'Beiling');
insert into city(region_id, name) values (767, 'Bujiaying');
insert into city(region_id, name) values (767, 'Fengtai');
insert into city(region_id, name) values (767, 'Haidian');
insert into city(region_id, name) values (767, 'Pekin');
insert into city(region_id, name) values (767, 'Peking');
insert into city(region_id, name) values (767, 'Shangyuan');
insert into city(region_id, name) values (767, 'Tongzhou');
insert into city(region_id, name) values (796, 'Abisinia');
insert into city(region_id, name) values (796, 'Amacocha');
insert into region(id, country_id, name) values (815, 91, 'Komorskie');
insert into city(region_id, name) values (431, 'gios Niklaos');
insert into city(region_id, name) values (431, 'Lntas');
insert into city(region_id, name) values (511, 'CHandigarh');
insert into city(region_id, name) values (545, 'Ashbourne');
insert into city(region_id, name) values (545, 'Athboy');
insert into city(region_id, name) values (545, 'Dunboyne');
insert into city(region_id, name) values (545, 'Julianstown');
insert into city(region_id, name) values (545, 'Kells');
insert into city(region_id, name) values (545, 'Navan');
insert into city(region_id, name) values (545, 'Trim');
insert into city(region_id, name) values (580, 'Ceuta');
insert into city(region_id, name) values (631, 'Aversa');
insert into city(region_id, name) values (631, 'Calvi Risorta');
insert into city(region_id, name) values (631, 'Capua');
insert into city(region_id, name) values (631, 'Casal di Principe');
insert into city(region_id, name) values (631, 'Casapesenna');
insert into city(region_id, name) values (631, 'Caserta');
insert into city(region_id, name) values (631, 'Castel Volturno');
insert into city(region_id, name) values (631, 'Cellole');
insert into city(region_id, name) values (631, 'Maddaloni');
insert into city(region_id, name) values (631, 'Mondragone');
insert into city(region_id, name) values (631, 'San Gregorio Matese');
insert into city(region_id, name) values (631, 'San Marcellino');
insert into city(region_id, name) values (631, 'Sant''''Arpino');
insert into city(region_id, name) values (631, 'Santa Maria Capua Vetere');
insert into city(region_id, name) values (730, 'Aralsk');
insert into city(region_id, name) values (730, 'Baikonur');
insert into city(region_id, name) values (730, 'Djalagash');
insert into city(region_id, name) values (730, 'Djusaly');
insert into city(region_id, name) values (730, 'Kazalinsk');
insert into city(region_id, name) values (730, 'Kzylorda');
insert into city(region_id, name) values (730, 'Novokazalinsk');
insert into city(region_id, name) values (730, 'Tasbuget');
insert into city(region_id, name) values (730, 'CHiili');
insert into city(region_id, name) values (730, 'YAnykurgan');
insert into city(region_id, name) values (751, 'Hall Beach');
insert into city(region_id, name) values (768, 'Aba');
insert into city(region_id, name) values (768, 'Anfuzhen');
insert into city(region_id, name) values (768, 'Baoshi');
insert into city(region_id, name) values (768, 'Chongning');
insert into city(region_id, name) values (768, 'Guoluo');
insert into city(region_id, name) values (768, 'Hanwangchang');
insert into city(region_id, name) values (768, 'Jiangbei');
insert into city(region_id, name) values (768, 'Luyang');
insert into city(region_id, name) values (797, 'Abejorral');
insert into city(region_id, name) values (797, 'Aguamuerta');
insert into city(region_id, name) values (797, 'Caucasia');
insert into city(region_id, name) values (797, 'La Mesenia');
insert into city(region_id, name) values (797, 'Medelln');
insert into city(region_id, name) values (797, 'Sabaneta');
insert into city(region_id, name) values (797, 'San Vicente');
insert into city(region_id, name) values (815, 'Moroni');
insert into region(id, country_id, name) values (816, 92, 'Kongo (Brazzaville)');
insert into city(region_id, name) values (432, 'Kallon');
insert into city(region_id, name) values (432, 'Loutr');
insert into city(region_id, name) values (432, 'Mrina');
insert into city(region_id, name) values (432, 'Mthymna');
insert into city(region_id, name) values (432, 'Mitilni');
insert into city(region_id, name) values (432, 'Mitylene');
insert into city(region_id, name) values (546, 'Ballybay');
insert into city(region_id, name) values (546, 'Carrickmacross');
insert into city(region_id, name) values (546, 'Castleblayney');
insert into city(region_id, name) values (546, 'Clones');
insert into city(region_id, name) values (546, 'Monaghan');
insert into city(region_id, name) values (581, 'Alczar de San Juan');
insert into city(region_id, name) values (581, 'Calzada de Calatrava');
insert into city(region_id, name) values (581, 'Ciudad Real');
insert into city(region_id, name) values (581, 'Puertollano');
insert into city(region_id, name) values (581, 'Socullamos');
insert into city(region_id, name) values (581, 'Tomelloso');
insert into city(region_id, name) values (581, 'Valdepeas');
insert into city(region_id, name) values (632, 'Acerra');
insert into city(region_id, name) values (632, 'Afragola');
insert into city(region_id, name) values (632, 'Bacoli');
insert into city(region_id, name) values (632, 'Boscoreale');
insert into city(region_id, name) values (632, 'Brusciano');
insert into city(region_id, name) values (632, 'Caivano');
insert into city(region_id, name) values (632, 'Camposano');
insert into city(region_id, name) values (632, 'Capri');
insert into city(region_id, name) values (632, 'Casalnuovo di Napoli');
insert into city(region_id, name) values (632, 'Casola di Napoli');
insert into city(region_id, name) values (632, 'Castellammare di Stabia');
insert into city(region_id, name) values (632, 'Forio');
insert into city(region_id, name) values (632, 'Ischia');
insert into city(region_id, name) values (632, 'Marano di Napoli');
insert into city(region_id, name) values (632, 'Marigliano');
insert into city(region_id, name) values (632, 'Meta');
insert into city(region_id, name) values (632, 'Monte di Procida');
insert into city(region_id, name) values (632, 'Mugnano di Napoli');
insert into city(region_id, name) values (632, 'Napoli');
insert into city(region_id, name) values (632, 'Nola');
insert into city(region_id, name) values (632, 'Ottaviano');
insert into city(region_id, name) values (632, 'Palma Campania');
insert into city(region_id, name) values (632, 'Poggiomarino');
insert into city(region_id, name) values (632, 'Pompei');
insert into city(region_id, name) values (632, 'Pozzuoli');
insert into city(region_id, name) values (632, 'San Gennaro Vesuviano');
insert into city(region_id, name) values (632, 'San Giuseppe Vesuviano');
insert into city(region_id, name) values (632, 'Sant''''Antonio Abate');
insert into city(region_id, name) values (632, 'Santa Maria la Carit');
insert into city(region_id, name) values (632, 'Saviano');
insert into city(region_id, name) values (632, 'Somma Vesuviana');
insert into city(region_id, name) values (632, 'Sorrento');
insert into city(region_id, name) values (632, 'Torre del Greco');
insert into city(region_id, name) values (632, 'Vico Equense');
insert into city(region_id, name) values (731, 'Aidabul');
insert into city(region_id, name) values (731, 'Alekseevka');
insert into city(region_id, name) values (731, 'Borovoe');
insert into city(region_id, name) values (731, 'Volodarskoe');
insert into city(region_id, name) values (731, 'Zerenda');
insert into city(region_id, name) values (731, 'Kellerovka');
insert into city(region_id, name) values (731, 'Kzyltu');
insert into city(region_id, name) values (731, 'Kokchetav');
insert into city(region_id, name) values (731, 'Krasnoarmeisk');
insert into city(region_id, name) values (731, 'Krasnyi YAr');
insert into city(region_id, name) values (731, 'Kuibyshevskii');
insert into city(region_id, name) values (731, 'Leningradskoe');
insert into city(region_id, name) values (731, 'Ruzaevka');
insert into city(region_id, name) values (731, 'Stepnyak');
insert into city(region_id, name) values (731, 'Talshik');
insert into city(region_id, name) values (731, 'CHistopole');
insert into city(region_id, name) values (731, 'CHkalovo');
insert into city(region_id, name) values (731, 'SCHuchinsk');
insert into city(region_id, name) values (752, 'Acton');
insert into city(region_id, name) values (752, 'Addison');
insert into city(region_id, name) values (752, 'Ajax');
insert into city(region_id, name) values (752, 'Alban');
insert into city(region_id, name) values (752, 'Alexandria');
insert into city(region_id, name) values (752, 'Alfred');
insert into city(region_id, name) values (752, 'Algoma Mills');
insert into city(region_id, name) values (752, 'Allenford');
insert into city(region_id, name) values (752, 'Alliston');
insert into city(region_id, name) values (752, 'Alma');
insert into city(region_id, name) values (752, 'Almonte');
insert into city(region_id, name) values (752, 'Alton');
insert into city(region_id, name) values (752, 'Alvinston');
insert into city(region_id, name) values (752, 'Ancaster');
insert into city(region_id, name) values (752, 'Angus');
insert into city(region_id, name) values (752, 'Annan');
insert into city(region_id, name) values (752, 'Arnprior');
insert into city(region_id, name) values (752, 'Astra');
insert into city(region_id, name) values (752, 'Aurora');
insert into city(region_id, name) values (752, 'Baden');
insert into city(region_id, name) values (752, 'Baltimore');
insert into city(region_id, name) values (752, 'Barrie');
insert into city(region_id, name) values (752, 'Barwick');
insert into city(region_id, name) values (752, 'Bearskin Lake');
insert into city(region_id, name) values (752, 'Belle Vallee');
insert into city(region_id, name) values (752, 'Brampton');
insert into city(region_id, name) values (752, 'Brockville');
insert into city(region_id, name) values (752, 'Burlington');
insert into city(region_id, name) values (752, 'Cambridge');
insert into city(region_id, name) values (752, 'Cannington');
insert into city(region_id, name) values (752, 'Concord');
insert into city(region_id, name) values (752, 'Courtland');
insert into city(region_id, name) values (752, 'Dundas');
insert into city(region_id, name) values (752, 'East York');
insert into city(region_id, name) values (752, 'Etobicoke');
insert into city(region_id, name) values (752, 'Fergus');
insert into city(region_id, name) values (752, 'Finch');
insert into city(region_id, name) values (752, 'Guelph');
insert into city(region_id, name) values (752, 'Hamilton');
insert into city(region_id, name) values (752, 'Kanata');
insert into city(region_id, name) values (752, 'Kingston');
insert into city(region_id, name) values (752, 'Kitchener');
insert into city(region_id, name) values (752, 'Lindsay');
insert into city(region_id, name) values (752, 'London');
insert into city(region_id, name) values (752, 'Mactier');
insert into city(region_id, name) values (752, 'Maple');
insert into city(region_id, name) values (752, 'Melbourne');
insert into city(region_id, name) values (752, 'Migisi Sahgaigan');
insert into city(region_id, name) values (752, 'Milton');
insert into city(region_id, name) values (752, 'Mississauga');
insert into city(region_id, name) values (752, 'Monkton');
insert into city(region_id, name) values (752, 'Montreal River Harbour');
insert into city(region_id, name) values (752, 'Nepean');
insert into city(region_id, name) values (752, 'Newmarket');
insert into city(region_id, name) values (752, 'Niagara Falls');
insert into city(region_id, name) values (752, 'North Bay');
insert into city(region_id, name) values (752, 'North York');
insert into city(region_id, name) values (752, 'Oakland');
insert into city(region_id, name) values (752, 'Oakville');
insert into city(region_id, name) values (752, 'Odessa');
insert into city(region_id, name) values (752, 'Oshawa');
insert into city(region_id, name) values (752, 'Ottawa');
insert into city(region_id, name) values (752, 'Owen Sound');
insert into city(region_id, name) values (752, 'Pembroke');
insert into city(region_id, name) values (752, 'Richmond Hill');
insert into city(region_id, name) values (752, 'Scarborough');
insert into city(region_id, name) values (752, 'St Catharines');
insert into city(region_id, name) values (752, 'Stoney Creek');
insert into city(region_id, name) values (752, 'Stouffville');
insert into city(region_id, name) values (752, 'Sudbury');
insert into city(region_id, name) values (752, 'Thornhill');
insert into city(region_id, name) values (752, 'Thornton');
insert into city(region_id, name) values (752, 'Toronto');
insert into city(region_id, name) values (752, 'Vaughan');
insert into city(region_id, name) values (752, 'Warsaw');
insert into city(region_id, name) values (752, 'Waterloo');
insert into city(region_id, name) values (752, 'Wawa');
insert into city(region_id, name) values (752, 'Welland');
insert into city(region_id, name) values (752, 'Wellington');
insert into city(region_id, name) values (752, 'Windsor');
insert into city(region_id, name) values (752, 'Woodbridge');
insert into city(region_id, name) values (752, 'Woodstock');
insert into city(region_id, name) values (752, 'York');
insert into city(region_id, name) values (769, 'Dalian');
insert into city(region_id, name) values (769, 'Fuzhou');
insert into city(region_id, name) values (769, 'Shishi');
insert into city(region_id, name) values (769, 'Xiamen');
insert into city(region_id, name) values (798, 'Alczar');
insert into city(region_id, name) values (798, 'Barranquilla');
insert into city(region_id, name) values (798, 'Colombia');
insert into city(region_id, name) values (816, 'Brazzavil');
insert into city(region_id, name) values (816, 'Kabinda');
insert into city(region_id, name) values (816, 'Puent-Nuar');
insert into region(id, country_id, name) values (817, 93, 'Kongo');
insert into city(region_id, name) values (433, 'Lefkda');
insert into city(region_id, name) values (433, 'Levks');
insert into city(region_id, name) values (547, 'Birr');
insert into city(region_id, name) values (547, 'Edenderry');
insert into city(region_id, name) values (547, 'Tullamore');
insert into city(region_id, name) values (582, 'Almedinilla');
insert into city(region_id, name) values (582, 'Aora');
insert into city(region_id, name) values (582, 'Azuel');
insert into city(region_id, name) values (582, 'Castellar el');
insert into city(region_id, name) values (582, 'Crdoba');
insert into city(region_id, name) values (582, 'Llanos de don juan');
insert into city(region_id, name) values (582, 'Lucena');
insert into city(region_id, name) values (582, 'Moriles');
insert into city(region_id, name) values (582, 'Palma del Ro');
insert into city(region_id, name) values (582, 'Pozoblanco');
insert into city(region_id, name) values (582, 'Puente Genil');
insert into city(region_id, name) values (582, 'Villa del Ro');
insert into city(region_id, name) values (582, 'Villarrubia');
insert into city(region_id, name) values (633, 'Agropoli');
insert into city(region_id, name) values (633, 'Amalfi');
insert into city(region_id, name) values (633, 'Angri');
insert into city(region_id, name) values (633, 'Atrani');
insert into city(region_id, name) values (633, 'Battipaglia');
insert into city(region_id, name) values (633, 'Bellizzi');
insert into city(region_id, name) values (633, 'Casal Velino');
insert into city(region_id, name) values (633, 'Castel San Giorgio');
insert into city(region_id, name) values (633, 'Cava de'''' Tirreni');
insert into city(region_id, name) values (633, 'Eboli');
insert into city(region_id, name) values (633, 'Felitto');
insert into city(region_id, name) values (633, 'Mercato San Severino');
insert into city(region_id, name) values (633, 'Nocera Inferiore');
insert into city(region_id, name) values (633, 'Palomonte');
insert into city(region_id, name) values (633, 'Positano');
insert into city(region_id, name) values (633, 'Salento');
insert into city(region_id, name) values (633, 'Salerno');
insert into city(region_id, name) values (633, 'San Valentino Torio');
insert into city(region_id, name) values (633, 'Sant''''Egidio del Monte Albino');
insert into city(region_id, name) values (633, 'Sapri');
insert into city(region_id, name) values (633, 'Sarno');
insert into city(region_id, name) values (633, 'Scafati');
insert into city(region_id, name) values (633, 'Stella Cilento');
insert into city(region_id, name) values (633, 'Teggiano');
insert into city(region_id, name) values (732, 'Borovskoi');
insert into city(region_id, name) values (732, 'Djetygara');
insert into city(region_id, name) values (732, 'Zatobolsk');
insert into city(region_id, name) values (732, 'Kamyshnoe');
insert into city(region_id, name) values (732, 'Karasu');
insert into city(region_id, name) values (732, 'Komsomolec');
insert into city(region_id, name) values (732, 'Kustanai');
insert into city(region_id, name) values (732, 'Kushmurun');
insert into city(region_id, name) values (732, 'Leninskoe');
insert into city(region_id, name) values (732, 'Lisakovsk');
insert into city(region_id, name) values (732, 'Ordjonikidze');
insert into city(region_id, name) values (732, 'Rudnyi');
insert into city(region_id, name) values (732, 'Semiozernoe');
insert into city(region_id, name) values (732, 'Tobol');
insert into city(region_id, name) values (732, 'Urickii');
insert into city(region_id, name) values (732, 'Uspenovka');
insert into city(region_id, name) values (753, 'Albany');
insert into city(region_id, name) values (753, 'Charlottetown');
insert into city(region_id, name) values (753, 'Elmira');
insert into city(region_id, name) values (753, 'Georgetown');
insert into city(region_id, name) values (753, 'Montague');
insert into city(region_id, name) values (753, 'Morell');
insert into city(region_id, name) values (753, 'Vernon Bridge');
insert into city(region_id, name) values (770, 'Aganzhen');
insert into city(region_id, name) values (770, 'Ankou');
insert into city(region_id, name) values (770, 'Daan');
insert into city(region_id, name) values (770, 'Lanzhou');
insert into city(region_id, name) values (770, 'Lanzhou Shi');
insert into city(region_id, name) values (770, 'Linxia');
insert into city(region_id, name) values (799, 'Cachiza');
insert into city(region_id, name) values (817, 'Kinshasa');
insert into region(id, country_id, name) values (818, 94, 'Alajuela');
insert into region(id, country_id, name) values (819, 94, 'Cartago');
insert into region(id, country_id, name) values (820, 94, 'Guanacaste');
insert into region(id, country_id, name) values (821, 94, 'Heredia');
insert into region(id, country_id, name) values (822, 94, 'Limn');
insert into region(id, country_id, name) values (823, 94, 'Puntarenas');
insert into region(id, country_id, name) values (824, 94, 'San Jos');
insert into city(region_id, name) values (434, 'Volo');
insert into city(region_id, name) values (434, 'Vlos');
insert into city(region_id, name) values (548, 'Boyle');
insert into city(region_id, name) values (548, 'Roscommon');
insert into city(region_id, name) values (583, 'Alarcon');
insert into city(region_id, name) values (583, 'Cuenca');
insert into city(region_id, name) values (583, 'Minglanilla');
insert into city(region_id, name) values (583, 'Tarancn');
insert into city(region_id, name) values (634, 'Bologna');
insert into city(region_id, name) values (634, 'Borgo Tossignano');
insert into city(region_id, name) values (634, 'Casalecchio di Reno');
insert into city(region_id, name) values (634, 'Castel Maggiore');
insert into city(region_id, name) values (634, 'Castel San Pietro Terme');
insert into city(region_id, name) values (634, 'Castello d''''Argile');
insert into city(region_id, name) values (634, 'Castello di Serravalle');
insert into city(region_id, name) values (634, 'Imola');
insert into city(region_id, name) values (634, 'San Giovanni in Persiceto');
insert into city(region_id, name) values (634, 'Vergato');
insert into city(region_id, name) values (634, 'Zola Predosa');
insert into city(region_id, name) values (733, 'Aktau (SHevchenko)');
insert into city(region_id, name) values (733, 'Bautino');
insert into city(region_id, name) values (733, 'Beineu');
insert into city(region_id, name) values (733, 'Novyi Uzen');
insert into city(region_id, name) values (733, 'Fort-SHevchenko');
insert into city(region_id, name) values (754, 'Abercorn');
insert into city(region_id, name) values (754, 'Alma');
insert into city(region_id, name) values (754, 'Ange-Gardien');
insert into city(region_id, name) values (754, 'Ascot Corner');
insert into city(region_id, name) values (754, 'Chelsea');
insert into city(region_id, name) values (754, 'Clermont');
insert into city(region_id, name) values (754, 'Dollard-des-Ormeaux');
insert into city(region_id, name) values (754, 'Gatineau');
insert into city(region_id, name) values (754, 'Laval');
insert into city(region_id, name) values (754, 'Longueuil');
insert into city(region_id, name) values (754, 'Matane');
insert into city(region_id, name) values (754, 'Mont-Royal');
insert into city(region_id, name) values (754, 'Mont-Tremblant');
insert into city(region_id, name) values (754, 'Montreal');
insert into city(region_id, name) values (754, 'Montreal-Est');
insert into city(region_id, name) values (754, 'Montreal-Nord');
insert into city(region_id, name) values (754, 'Montreal-Ouest');
insert into city(region_id, name) values (754, 'North Hatley');
insert into city(region_id, name) values (754, 'Ottawa');
insert into city(region_id, name) values (754, 'Pierrefonds');
insert into city(region_id, name) values (754, 'Quebec');
insert into city(region_id, name) values (754, 'Richmond');
insert into city(region_id, name) values (754, 'Saint-Adrien');
insert into city(region_id, name) values (754, 'Saint-Laurent');
insert into city(region_id, name) values (754, 'Sept-Iles');
insert into city(region_id, name) values (754, 'Sherbrooke');
insert into city(region_id, name) values (754, 'Sillery');
insert into city(region_id, name) values (754, 'Victoriaville');
insert into city(region_id, name) values (754, 'Westmount');
insert into city(region_id, name) values (754, 'Yamaska');
insert into city(region_id, name) values (771, 'Chaozhou');
insert into city(region_id, name) values (771, 'Dongguan');
insert into city(region_id, name) values (771, 'Foshan');
insert into city(region_id, name) values (771, 'Guangzhou');
insert into city(region_id, name) values (771, 'Guangzhou Shi');
insert into city(region_id, name) values (771, 'Guanzhuang');
insert into city(region_id, name) values (771, 'Jiangmen');
insert into city(region_id, name) values (771, 'Juncun');
insert into city(region_id, name) values (771, 'Qingyun');
insert into city(region_id, name) values (771, 'Shahezhen');
insert into city(region_id, name) values (771, 'Shantou');
insert into city(region_id, name) values (771, 'Shekou');
insert into city(region_id, name) values (771, 'Shenchen');
insert into city(region_id, name) values (771, 'Shenching');
insert into city(region_id, name) values (771, 'Shenzhen');
insert into city(region_id, name) values (771, 'Zhongshan');
insert into city(region_id, name) values (771, 'Zhuhai');
insert into city(region_id, name) values (800, 'Popayn');
insert into city(region_id, name) values (800, 'Santander de Quilichao');
insert into city(region_id, name) values (818, 'Alajuela');
insert into city(region_id, name) values (818, 'Ciudad Quesada');
insert into city(region_id, name) values (818, 'Fortuna');
insert into city(region_id, name) values (818, 'Grecia');
insert into region(id, country_id, name) values (825, 95, 'Kot-d''''Ivuar');
insert into city(region_id, name) values (435, 'Gargalinoi');
insert into city(region_id, name) values (435, 'Kalamta');
insert into city(region_id, name) values (435, 'Kalamatas');
insert into city(region_id, name) values (435, 'Kalmata');
insert into city(region_id, name) values (435, 'Messeni');
insert into city(region_id, name) values (549, 'Ballymote');
insert into city(region_id, name) values (549, 'Sligo');
insert into city(region_id, name) values (584, 'Banyoles');
insert into city(region_id, name) values (584, 'Bellcaire d''''emporda');
insert into city(region_id, name) values (584, 'Besal');
insert into city(region_id, name) values (584, 'Blanes');
insert into city(region_id, name) values (584, 'Calella');
insert into city(region_id, name) values (584, 'Calonge');
insert into city(region_id, name) values (584, 'Castell d''''Empries');
insert into city(region_id, name) values (584, 'Empuria brava');
insert into city(region_id, name) values (584, 'Figueres');
insert into city(region_id, name) values (584, 'Girona');
insert into city(region_id, name) values (584, 'L''''Escala');
insert into city(region_id, name) values (584, 'La Jonquera');
insert into city(region_id, name) values (584, 'Lloret de Mar');
insert into city(region_id, name) values (584, 'Olot');
insert into city(region_id, name) values (584, 'Palafrugell');
insert into city(region_id, name) values (584, 'Palams');
insert into city(region_id, name) values (584, 'Pals');
insert into city(region_id, name) values (584, 'Platja d''''haro');
insert into city(region_id, name) values (584, 'Puigcerd');
insert into city(region_id, name) values (584, 'Roses');
insert into city(region_id, name) values (584, 'Salt');
insert into city(region_id, name) values (584, 'Sant antoni de calonge');
insert into city(region_id, name) values (584, 'Sant Feliu de Guxols');
insert into city(region_id, name) values (584, 'Sant Juli de Ramis');
insert into city(region_id, name) values (584, 'Santa Coloma de Farners');
insert into city(region_id, name) values (584, 'Tossa de Mar');
insert into city(region_id, name) values (584, 'Vidrieres');
insert into city(region_id, name) values (635, 'Bondeno');
insert into city(region_id, name) values (635, 'Cento');
insert into city(region_id, name) values (635, 'Codigoro');
insert into city(region_id, name) values (635, 'Ferrara');
insert into city(region_id, name) values (635, 'Ro');
insert into city(region_id, name) values (635, 'Voghiera');
insert into city(region_id, name) values (734, 'Aksu (Ermak)');
insert into city(region_id, name) values (734, 'Bayanaul');
insert into city(region_id, name) values (734, 'Jelezinka');
insert into city(region_id, name) values (734, 'Irtyshsk');
insert into city(region_id, name) values (734, 'Kalkaman');
insert into city(region_id, name) values (734, 'Krasnokutsk');
insert into city(region_id, name) values (734, 'Lebyaje');
insert into city(region_id, name) values (734, 'Maikain');
insert into city(region_id, name) values (734, 'Pavlodar');
insert into city(region_id, name) values (734, 'Uspenka');
insert into city(region_id, name) values (734, 'SCHerbakty');
insert into city(region_id, name) values (734, 'Ekibastuz');
insert into city(region_id, name) values (755, 'Alameda');
insert into city(region_id, name) values (755, 'Estevan');
insert into city(region_id, name) values (755, 'Moose Jaw');
insert into city(region_id, name) values (755, 'North Battleford');
insert into city(region_id, name) values (755, 'Regina');
insert into city(region_id, name) values (755, 'Saskatoon');
insert into city(region_id, name) values (755, 'Tisdale');
insert into city(region_id, name) values (755, 'Warman');
insert into city(region_id, name) values (755, 'Weyburn');
insert into city(region_id, name) values (755, 'Windthorst');
insert into city(region_id, name) values (755, 'Yorkton');
insert into city(region_id, name) values (772, 'Guilin');
insert into city(region_id, name) values (772, 'Nanning');
insert into city(region_id, name) values (801, 'Arauca');
insert into city(region_id, name) values (801, 'Valledupar');
insert into city(region_id, name) values (819, 'Aragn');
insert into city(region_id, name) values (819, 'Arenilla');
insert into city(region_id, name) values (819, 'Cach');
insert into city(region_id, name) values (819, 'Cartago');
insert into city(region_id, name) values (825, 'Abidjan');
insert into city(region_id, name) values (825, 'YAmusukro');
insert into region(id, country_id, name) values (826, 96, 'Camaguey');
insert into region(id, country_id, name) values (827, 96, 'Ciego de Avila');
insert into region(id, country_id, name) values (828, 96, 'Ciudad de la Habana');
insert into region(id, country_id, name) values (829, 96, 'Granma');
insert into region(id, country_id, name) values (830, 96, 'Guantanamo');
insert into region(id, country_id, name) values (831, 96, 'Holguin');
insert into region(id, country_id, name) values (832, 96, 'Isla de la Juventud');
insert into region(id, country_id, name) values (833, 96, 'La Habana');
insert into region(id, country_id, name) values (834, 96, 'Las Tunas');
insert into region(id, country_id, name) values (835, 96, 'Matanzas');
insert into region(id, country_id, name) values (836, 96, 'None');
insert into region(id, country_id, name) values (837, 96, 'Pinar del Rio');
insert into region(id, country_id, name) values (838, 96, 'Sancti Spiritus');
insert into region(id, country_id, name) values (839, 96, 'Santiago de Cuba');
insert into region(id, country_id, name) values (840, 96, 'Villa Clara');
insert into city(region_id, name) values (436, 'Ads');
insert into city(region_id, name) values (436, 'Anaphi');
insert into city(region_id, name) values (436, 'Xina');
insert into city(region_id, name) values (436, 'Zaimi');
insert into city(region_id, name) values (550, 'Cahir');
insert into city(region_id, name) values (550, 'Cashel');
insert into city(region_id, name) values (550, 'Clonmel');
insert into city(region_id, name) values (550, 'Fethard');
insert into city(region_id, name) values (550, 'Nenagh');
insert into city(region_id, name) values (550, 'Roscrea');
insert into city(region_id, name) values (550, 'Thurles');
insert into city(region_id, name) values (550, 'Tipperary');
insert into city(region_id, name) values (585, 'Acula');
insert into city(region_id, name) values (585, 'Albolote');
insert into city(region_id, name) values (585, 'Aldeilla');
insert into city(region_id, name) values (585, 'Almucar');
insert into city(region_id, name) values (585, 'Armilla');
insert into city(region_id, name) values (585, 'Baza');
insert into city(region_id, name) values (585, 'Fuente Vaqueros');
insert into city(region_id, name) values (585, 'Gorafe');
insert into city(region_id, name) values (585, 'Granada');
insert into city(region_id, name) values (585, 'Maracena');
insert into city(region_id, name) values (585, 'Motril');
insert into city(region_id, name) values (585, 'Otura');
insert into city(region_id, name) values (585, 'Santa Fe');
insert into city(region_id, name) values (636, 'Bagno di Romagna');
insert into city(region_id, name) values (636, 'Borghi');
insert into city(region_id, name) values (636, 'Cesena');
insert into city(region_id, name) values (636, 'Cesenatico');
insert into city(region_id, name) values (636, 'Forl');
insert into city(region_id, name) values (636, 'Forlimpopoli');
insert into city(region_id, name) values (636, 'Predappio');
insert into city(region_id, name) values (636, 'Sarsina');
insert into city(region_id, name) values (636, 'Savignano sul Rubicone');
insert into city(region_id, name) values (735, 'Blagoveschenka');
insert into city(region_id, name) values (735, 'Bulaevo');
insert into city(region_id, name) values (735, 'Korneevka');
insert into city(region_id, name) values (735, 'Mamlyutka');
insert into city(region_id, name) values (735, 'Petropavlovsk');
insert into city(region_id, name) values (735, 'Presnovka');
insert into city(region_id, name) values (735, 'Sergeevka');
insert into city(region_id, name) values (735, 'Sokolovka');
insert into city(region_id, name) values (735, 'YAvlenka');
insert into city(region_id, name) values (756, 'Carcross');
insert into city(region_id, name) values (756, 'Dawson');
insert into city(region_id, name) values (756, 'Faro');
insert into city(region_id, name) values (756, 'Whitehorse');
insert into city(region_id, name) values (773, 'Chushui');
insert into city(region_id, name) values (773, 'Guandong');
insert into city(region_id, name) values (773, 'Guanzhou');
insert into city(region_id, name) values (773, 'Yecha');
insert into city(region_id, name) values (802, 'Acos');
insert into city(region_id, name) values (802, 'Las Hamacas');
insert into city(region_id, name) values (802, 'Quibd');
insert into city(region_id, name) values (820, 'Caas');
insert into city(region_id, name) values (820, 'Nicoya');
insert into city(region_id, name) values (826, 'Aguacatico');
insert into city(region_id, name) values (826, 'Camagey');
insert into city(region_id, name) values (826, 'Colonia');
insert into region(id, country_id, name) values (841, 97, 'al-Jahra');
insert into region(id, country_id, name) values (842, 97, 'al-Kuwayt');
insert into city(region_id, name) values (437, 'Aridea');
insert into city(region_id, name) values (437, 'dessa');
insert into city(region_id, name) values (437, 'dhessa');
insert into city(region_id, name) values (437, 'Giannits');
insert into city(region_id, name) values (437, 'Skdra');
insert into city(region_id, name) values (551, 'Dungarvan');
insert into city(region_id, name) values (551, 'Lismore');
insert into city(region_id, name) values (551, 'Waterford');
insert into city(region_id, name) values (586, 'Guadalajara');
insert into city(region_id, name) values (586, 'Villares de jadraque');
insert into city(region_id, name) values (637, 'Carpi');
insert into city(region_id, name) values (637, 'Castelvetro di Modena');
insert into city(region_id, name) values (637, 'Fiorano Modenese');
insert into city(region_id, name) values (637, 'Maranello');
insert into city(region_id, name) values (637, 'Mirandola');
insert into city(region_id, name) values (637, 'Modena');
insert into city(region_id, name) values (637, 'Montefiorino');
insert into city(region_id, name) values (637, 'Pavullo nel Frignano');
insert into city(region_id, name) values (637, 'Polinago');
insert into city(region_id, name) values (637, 'Ravarino');
insert into city(region_id, name) values (637, 'Sassuolo');
insert into city(region_id, name) values (637, 'Soliera');
insert into city(region_id, name) values (637, 'Vignola');
insert into city(region_id, name) values (736, 'Aktogai');
insert into city(region_id, name) values (736, 'Andreevka');
insert into city(region_id, name) values (736, 'Djansugurov');
insert into city(region_id, name) values (736, 'Kapal');
insert into city(region_id, name) values (736, 'Karabulak');
insert into city(region_id, name) values (736, 'Kirovskii');
insert into city(region_id, name) values (736, 'Panfilov');
insert into city(region_id, name) values (736, 'Sarkand');
insert into city(region_id, name) values (736, 'Saryozek');
insert into city(region_id, name) values (736, 'Taldy-Kurgan');
insert into city(region_id, name) values (736, 'Tekeli');
insert into city(region_id, name) values (736, 'Ucharal');
insert into city(region_id, name) values (736, 'Ushtobe');
insert into city(region_id, name) values (774, 'Baishacun');
insert into city(region_id, name) values (774, 'Haikou');
insert into city(region_id, name) values (774, 'Hainan');
insert into city(region_id, name) values (774, 'Juntian');
insert into city(region_id, name) values (774, 'Sanjia');
insert into city(region_id, name) values (774, 'Sanya');
insert into city(region_id, name) values (803, 'Aguas Claras');
insert into city(region_id, name) values (803, 'Montera');
insert into city(region_id, name) values (821, 'Heredia');
insert into city(region_id, name) values (821, 'San Antonio de Belen');
insert into city(region_id, name) values (821, 'San Juan Abajo');
insert into city(region_id, name) values (821, 'San Pablo');
insert into city(region_id, name) values (827, 'Adela');
insert into city(region_id, name) values (827, 'Alonzo');
insert into city(region_id, name) values (827, 'Baragu');
insert into city(region_id, name) values (827, 'Habana');
insert into city(region_id, name) values (827, 'Morn');
insert into city(region_id, name) values (841, 'Al-YAhra');
insert into region(id, country_id, name) values (843, 98, 'Avarua');
insert into city(region_id, name) values (438, 'Alnia');
insert into city(region_id, name) values (438, 'Kalitea');
insert into city(region_id, name) values (438, 'Katerina');
insert into city(region_id, name) values (438, 'Katerni');
insert into city(region_id, name) values (438, 'Leptokary');
insert into city(region_id, name) values (438, 'Parala');
insert into city(region_id, name) values (438, 'Ptra');
insert into city(region_id, name) values (552, 'Athlone');
insert into city(region_id, name) values (552, 'Moate');
insert into city(region_id, name) values (552, 'Mullingar');
insert into city(region_id, name) values (587, 'Andoain');
insert into city(region_id, name) values (587, 'Arrasate/Mondragn');
insert into city(region_id, name) values (587, 'Beasain');
insert into city(region_id, name) values (587, 'Hernani');
insert into city(region_id, name) values (587, 'Irun');
insert into city(region_id, name) values (587, 'Irura');
insert into city(region_id, name) values (587, 'Ormaiztegi');
insert into city(region_id, name) values (587, 'Renteria');
insert into city(region_id, name) values (587, 'San Sebastin');
insert into city(region_id, name) values (587, 'Tolosa');
insert into city(region_id, name) values (587, 'Txikierdi');
insert into city(region_id, name) values (638, 'Albareto');
insert into city(region_id, name) values (638, 'Collecchio');
insert into city(region_id, name) values (638, 'Colorno');
insert into city(region_id, name) values (638, 'Fidenza');
insert into city(region_id, name) values (638, 'Fontevivo');
insert into city(region_id, name) values (638, 'Fornovo di Taro');
insert into city(region_id, name) values (638, 'Parma');
insert into city(region_id, name) values (638, 'Salsomaggiore Terme');
insert into city(region_id, name) values (737, 'Amangeldy');
insert into city(region_id, name) values (737, 'Arkalyk');
insert into city(region_id, name) values (737, 'Derjavinsk');
insert into city(region_id, name) values (737, 'Esil');
insert into city(region_id, name) values (737, 'Jaksy');
insert into city(region_id, name) values (737, 'Oktyabrskoe');
insert into city(region_id, name) values (737, 'Turgai');
insert into city(region_id, name) values (775, 'Baoding');
insert into city(region_id, name) values (775, 'Changtai');
insert into city(region_id, name) values (775, 'Hengshui');
insert into city(region_id, name) values (775, 'Qinhuangdao');
insert into city(region_id, name) values (775, 'Shihjiazhuang');
insert into city(region_id, name) values (775, 'Shijiazhuang');
insert into city(region_id, name) values (775, 'Shijiazhuang Shi');
insert into city(region_id, name) values (804, 'Bogot');
insert into city(region_id, name) values (804, 'Cha');
insert into city(region_id, name) values (804, 'Funza');
insert into city(region_id, name) values (804, 'Fusagasuga');
insert into city(region_id, name) values (804, 'Girardot');
insert into city(region_id, name) values (804, 'Soacha');
insert into city(region_id, name) values (822, 'frica');
insert into city(region_id, name) values (822, 'Agbeta');
insert into city(region_id, name) values (822, 'Altos Herediana');
insert into city(region_id, name) values (822, 'Asuncin');
insert into city(region_id, name) values (822, 'Atlanta');
insert into city(region_id, name) values (822, 'Puerto Viejo');
insert into city(region_id, name) values (828, 'Habana');
insert into city(region_id, name) values (828, 'Havana');
insert into city(region_id, name) values (828, 'La Habana');
insert into city(region_id, name) values (828, 'Nuevo Vedado');
insert into city(region_id, name) values (828, 'Playa');
insert into city(region_id, name) values (842, 'El-Kuveit');
insert into city(region_id, name) values (843, 'Avarua');
insert into region(id, country_id, name) values (844, 99, 'Issyk-Kulskaya obl.');
insert into region(id, country_id, name) values (845, 99, 'Kyrgyzstan');
insert into region(id, country_id, name) values (846, 99, 'Narynskaya obl.');
insert into region(id, country_id, name) values (847, 99, 'Oshskaya obl.');
insert into region(id, country_id, name) values (848, 99, 'Talasskaya obl.');
insert into city(region_id, name) values (439, 'Prveza');
insert into city(region_id, name) values (553, 'Bunclody');
insert into city(region_id, name) values (553, 'Enniscorthy');
insert into city(region_id, name) values (553, 'Gorey');
insert into city(region_id, name) values (553, 'New Ross');
insert into city(region_id, name) values (553, 'Wexford');
insert into city(region_id, name) values (588, 'Aljaraque');
insert into city(region_id, name) values (588, 'Almonte');
insert into city(region_id, name) values (588, 'Alto de la mesa');
insert into city(region_id, name) values (588, 'Bollullos Par del Condado');
insert into city(region_id, name) values (588, 'Cartaya');
insert into city(region_id, name) values (588, 'Huelva');
insert into city(region_id, name) values (588, 'Lepe');
insert into city(region_id, name) values (588, 'Palos de la Frontera');
insert into city(region_id, name) values (588, 'Punta Umbra');
insert into city(region_id, name) values (639, 'Alseno');
insert into city(region_id, name) values (639, 'Besenzone');
insert into city(region_id, name) values (639, 'Farini');
insert into city(region_id, name) values (639, 'Lugagnano Val d''''Arda');
insert into city(region_id, name) values (639, 'Piacenza');
insert into city(region_id, name) values (639, 'Sarmato');
insert into city(region_id, name) values (738, 'Arys');
insert into city(region_id, name) values (738, 'Baijansai');
insert into city(region_id, name) values (738, 'Belye Vody');
insert into city(region_id, name) values (738, 'Vannovka');
insert into city(region_id, name) values (738, 'Djetysai');
insert into city(region_id, name) values (738, 'Kentau');
insert into city(region_id, name) values (738, 'Lenger');
insert into city(region_id, name) values (738, 'Myrzakent');
insert into city(region_id, name) values (738, 'Saryagach');
insert into city(region_id, name) values (738, 'Temirlanovka');
insert into city(region_id, name) values (738, 'Turkestan');
insert into city(region_id, name) values (738, 'CHardara');
insert into city(region_id, name) values (738, 'CHayan');
insert into city(region_id, name) values (738, 'CHulakkurgan');
insert into city(region_id, name) values (738, 'SHaulder');
insert into city(region_id, name) values (738, 'SHymkent (CHimkent)');
insert into city(region_id, name) values (776, 'Amuerkhechzhan');
insert into city(region_id, name) values (776, 'Daqing');
insert into city(region_id, name) values (776, 'Dongning');
insert into city(region_id, name) values (776, 'Fuhai');
insert into city(region_id, name) values (776, 'Haerhpin');
insert into city(region_id, name) values (776, 'Harbin');
insert into city(region_id, name) values (776, 'Harbin Shi');
insert into city(region_id, name) values (776, 'Heihe');
insert into city(region_id, name) values (776, 'Jiamusi');
insert into city(region_id, name) values (776, 'Jixi');
insert into city(region_id, name) values (776, 'Mudanjiang');
insert into city(region_id, name) values (776, 'Mutanchiangshih');
insert into city(region_id, name) values (776, 'Qiqihar');
insert into city(region_id, name) values (776, 'Suifenhe');
insert into city(region_id, name) values (776, 'Tongjiang');
insert into city(region_id, name) values (776, 'Tsitsihar');
insert into city(region_id, name) values (805, 'Barrio Boyac');
insert into city(region_id, name) values (805, 'Bravo Pez');
insert into city(region_id, name) values (823, 'Aro');
insert into city(region_id, name) values (823, 'Baja Moras');
insert into city(region_id, name) values (823, 'Jac');
insert into city(region_id, name) values (829, 'Arroz');
insert into city(region_id, name) values (829, 'Manzanillo');
insert into city(region_id, name) values (844, 'Ak-SHyirak');
insert into city(region_id, name) values (844, 'Ananevo');
insert into city(region_id, name) values (844, 'Bokonbaevskoe');
insert into city(region_id, name) values (844, 'Bosteri');
insert into city(region_id, name) values (844, 'Kadji-Sai');
insert into city(region_id, name) values (844, 'Kyzyl Tuu');
insert into city(region_id, name) values (844, 'Pokrovka');
insert into city(region_id, name) values (844, 'Prjevalsk');
insert into city(region_id, name) values (844, 'Rybache');
insert into city(region_id, name) values (844, 'Tyup');
insert into city(region_id, name) values (844, 'CHolpon-Ata');
insert into region(id, country_id, name) values (849, 100, 'Laos');
insert into city(region_id, name) values (440, 'Prama');
insert into city(region_id, name) values (440, 'Rthimnon');
insert into city(region_id, name) values (440, 'Rthymno');
insert into city(region_id, name) values (440, 'Rthymnon');
insert into city(region_id, name) values (554, 'Arklow');
insert into city(region_id, name) values (554, 'Blessington');
insert into city(region_id, name) values (554, 'Bray');
insert into city(region_id, name) values (554, 'Enniskerry');
insert into city(region_id, name) values (554, 'Wicklow');
insert into city(region_id, name) values (589, 'Fraga');
insert into city(region_id, name) values (589, 'Huesca');
insert into city(region_id, name) values (589, 'Jaca');
insert into city(region_id, name) values (589, 'Monzn');
insert into city(region_id, name) values (589, 'Zaidin');
insert into city(region_id, name) values (640, 'Alfonsine');
insert into city(region_id, name) values (640, 'Cervia');
insert into city(region_id, name) values (640, 'Conselice');
insert into city(region_id, name) values (640, 'Faenza');
insert into city(region_id, name) values (640, 'Lugo');
insert into city(region_id, name) values (640, 'Massa Lombarda');
insert into city(region_id, name) values (640, 'Ravenna');
insert into city(region_id, name) values (640, 'Russi');
insert into city(region_id, name) values (777, 'Caicao');
insert into city(region_id, name) values (777, 'Jiaozuo');
insert into city(region_id, name) values (777, 'Luoyang');
insert into city(region_id, name) values (777, 'Zhengzhou');
insert into city(region_id, name) values (806, 'Arabia');
insert into city(region_id, name) values (806, 'Bogot');
insert into city(region_id, name) values (806, 'Isnos');
insert into city(region_id, name) values (806, 'Mxico');
insert into city(region_id, name) values (806, 'Neiva');
insert into city(region_id, name) values (824, 'Alto');
insert into city(region_id, name) values (824, 'Barrio Escalante');
insert into city(region_id, name) values (824, 'Barrio Urea');
insert into city(region_id, name) values (824, 'Calle Blancos');
insert into city(region_id, name) values (824, 'Curridabat');
insert into city(region_id, name) values (824, 'Escaz');
insert into city(region_id, name) values (824, 'Morado');
insert into city(region_id, name) values (824, 'San Jos');
insert into city(region_id, name) values (824, 'San Pedro');
insert into city(region_id, name) values (830, 'Arena');
insert into city(region_id, name) values (830, 'Cabana');
insert into city(region_id, name) values (830, 'Guantnamo');
insert into city(region_id, name) values (830, 'Guatanamo');
insert into city(region_id, name) values (830, 'Santa Mara');
insert into city(region_id, name) values (845, 'Ak-Suu');
insert into city(region_id, name) values (845, 'Aravan');
insert into city(region_id, name) values (845, 'Balykchi');
insert into city(region_id, name) values (845, 'Belovodskoe');
insert into city(region_id, name) values (845, 'Bishkek');
insert into city(region_id, name) values (845, 'Bokonbaevskoe');
insert into city(region_id, name) values (845, 'Bystrovka');
insert into city(region_id, name) values (845, 'Jalal Abad');
insert into city(region_id, name) values (845, 'Ivanovka');
insert into city(region_id, name) values (845, 'Kaindy');
insert into city(region_id, name) values (845, 'Kant');
insert into city(region_id, name) values (845, 'Kara-Balta');
insert into city(region_id, name) values (845, 'Karavan');
insert into city(region_id, name) values (845, 'Karakol');
insert into city(region_id, name) values (845, 'Kemin');
insert into city(region_id, name) values (845, 'Kerben');
insert into city(region_id, name) values (845, 'Lebedinovka');
insert into city(region_id, name) values (845, 'Mailuu-Suu');
insert into city(region_id, name) values (845, 'Naryn');
insert into city(region_id, name) values (845, 'Osh');
insert into city(region_id, name) values (845, 'Pulgon');
insert into city(region_id, name) values (845, 'Sokoluk');
insert into city(region_id, name) values (845, 'Talas');
insert into city(region_id, name) values (845, 'Tash-Kumyr');
insert into city(region_id, name) values (845, 'Tokmak');
insert into city(region_id, name) values (845, 'CHolpon-Ata');
insert into city(region_id, name) values (845, 'CHui');
insert into city(region_id, name) values (845, 'Eski-Nookat');
insert into city(region_id, name) values (849, 'Ventyan');
insert into region(id, country_id, name) values (850, 101, 'Latviya');
insert into city(region_id, name) values (441, 'Gmlcine');
insert into city(region_id, name) values (441, 'Komotine');
insert into city(region_id, name) values (441, 'Komotin');
insert into city(region_id, name) values (441, 'Spes');
insert into city(region_id, name) values (590, 'Arenal s''''');
insert into city(region_id, name) values (590, 'Art');
insert into city(region_id, name) values (590, 'Binissalem');
insert into city(region_id, name) values (590, 'Can pastilla');
insert into city(region_id, name) values (590, 'Ciutadella de Menorca');
insert into city(region_id, name) values (590, 'Eivissa');
insert into city(region_id, name) values (590, 'Inca');
insert into city(region_id, name) values (590, 'Mahon');
insert into city(region_id, name) values (590, 'Muro');
insert into city(region_id, name) values (590, 'Palma de Mallorca');
insert into city(region_id, name) values (590, 'Palma nova');
insert into city(region_id, name) values (590, 'Sant antoni abat');
insert into city(region_id, name) values (590, 'Santa Eulalia des Riu');
insert into city(region_id, name) values (590, 'Santa pona');
insert into city(region_id, name) values (590, 'Talamanca');
insert into city(region_id, name) values (641, 'Albinea');
insert into city(region_id, name) values (641, 'Brescello');
insert into city(region_id, name) values (641, 'Cavriago');
insert into city(region_id, name) values (641, 'Correggio');
insert into city(region_id, name) values (641, 'Fabbrico');
insert into city(region_id, name) values (641, 'Guastalla');
insert into city(region_id, name) values (641, 'Reggio nell''''Emilia');
insert into city(region_id, name) values (641, 'San Martino in Rio');
insert into city(region_id, name) values (641, 'Viano');
insert into city(region_id, name) values (778, 'Bingying');
insert into city(region_id, name) values (778, 'Huiwan');
insert into city(region_id, name) values (778, 'Wuchang');
insert into city(region_id, name) values (778, 'Wuhan');
insert into city(region_id, name) values (778, 'Wuxue');
insert into city(region_id, name) values (807, 'Maicao');
insert into city(region_id, name) values (807, 'Rohacha');
insert into city(region_id, name) values (831, 'Cacocn');
insert into city(region_id, name) values (831, 'Holgun');
insert into city(region_id, name) values (846, 'At-Bashi');
insert into city(region_id, name) values (846, 'Dyurbeldjin');
insert into city(region_id, name) values (846, 'Kazarman');
insert into city(region_id, name) values (846, 'Kochkorka');
insert into city(region_id, name) values (846, 'Naryn');
insert into city(region_id, name) values (846, 'CHaek');
insert into city(region_id, name) values (850, 'Aizpute');
insert into city(region_id, name) values (850, 'Ainaji');
insert into city(region_id, name) values (850, 'Aloya');
insert into city(region_id, name) values (850, 'Alsunga');
insert into city(region_id, name) values (850, 'Aluksne');
insert into city(region_id, name) values (850, 'Ape');
insert into city(region_id, name) values (850, 'Auce');
insert into city(region_id, name) values (850, 'Balvi');
insert into city(region_id, name) values (850, 'Baldone');
insert into city(region_id, name) values (850, 'Baloji');
insert into city(region_id, name) values (850, 'Bauska');
insert into city(region_id, name) values (850, 'Bene');
insert into city(region_id, name) values (850, 'Broceny');
insert into city(region_id, name) values (850, 'Valka');
insert into city(region_id, name) values (850, 'Valmiera');
insert into city(region_id, name) values (850, 'Varaklyany');
insert into city(region_id, name) values (850, 'Ventspils');
insert into city(region_id, name) values (850, 'Vilyaka');
insert into city(region_id, name) values (850, 'Vilyany');
insert into city(region_id, name) values (850, 'Grobinya');
insert into city(region_id, name) values (850, 'Gulbene');
insert into city(region_id, name) values (850, 'Gulbene');
insert into city(region_id, name) values (850, 'Daugavpils');
insert into city(region_id, name) values (850, 'Dobele');
insert into city(region_id, name) values (850, 'Dundaga');
insert into city(region_id, name) values (850, 'Durbe');
insert into city(region_id, name) values (850, 'Ekabpils');
insert into city(region_id, name) values (850, 'Elgava');
insert into city(region_id, name) values (850, 'Zilupe');
insert into city(region_id, name) values (850, 'Iecava');
insert into city(region_id, name) values (850, 'Ilukste');
insert into city(region_id, name) values (850, 'Kalnciems');
insert into city(region_id, name) values (850, 'Kandava');
insert into city(region_id, name) values (850, 'Karsava');
insert into city(region_id, name) values (850, 'Kegums');
insert into city(region_id, name) values (850, 'Koknese');
insert into city(region_id, name) values (850, 'Kolka');
insert into city(region_id, name) values (850, 'Kraslava');
insert into city(region_id, name) values (850, 'Kuldiga');
insert into city(region_id, name) values (850, 'Livany');
insert into city(region_id, name) values (850, 'Liepaya');
insert into city(region_id, name) values (850, 'Limbaji');
insert into city(region_id, name) values (850, 'Ludza');
insert into city(region_id, name) values (850, 'Madona');
insert into city(region_id, name) values (850, 'Ogre');
insert into city(region_id, name) values (850, 'Plyavinyas');
insert into city(region_id, name) values (850, 'Preili');
insert into city(region_id, name) values (850, 'Rezekne');
insert into city(region_id, name) values (850, 'Riga');
insert into city(region_id, name) values (850, 'Saldus');
insert into city(region_id, name) values (850, 'Sigulda');
insert into city(region_id, name) values (850, 'Stuchka');
insert into city(region_id, name) values (850, 'Talsi');
insert into city(region_id, name) values (850, 'Tukums');
insert into city(region_id, name) values (850, 'Cesis');
insert into city(region_id, name) values (850, 'Eleya');
insert into city(region_id, name) values (850, 'YUrmala');
insert into region(id, country_id, name) values (851, 102, 'Lesoto');
insert into city(region_id, name) values (442, 'Aga Kyriak');
insert into city(region_id, name) values (442, 'Rva');
insert into city(region_id, name) values (442, 'Smos');
insert into city(region_id, name) values (442, 'Vath');
insert into city(region_id, name) values (591, 'Arroyo del Ojanco');
insert into city(region_id, name) values (591, 'Aulabar');
insert into city(region_id, name) values (591, 'Baeza');
insert into city(region_id, name) values (591, 'Coto rios');
insert into city(region_id, name) values (591, 'Jan');
insert into city(region_id, name) values (591, 'Linares');
insert into city(region_id, name) values (591, 'Mengbar');
insert into city(region_id, name) values (591, 'Torres');
insert into city(region_id, name) values (591, 'beda');
insert into city(region_id, name) values (642, 'Bellaria-Igea Marina');
insert into city(region_id, name) values (642, 'Cattolica');
insert into city(region_id, name) values (642, 'Mondaino');
insert into city(region_id, name) values (642, 'Morciano di Romagna');
insert into city(region_id, name) values (642, 'Riccione');
insert into city(region_id, name) values (642, 'Rimini');
insert into city(region_id, name) values (642, 'Santarcangelo di Romagna');
insert into city(region_id, name) values (779, 'Anle');
insert into city(region_id, name) values (779, 'Changsha');
insert into city(region_id, name) values (779, 'Hengnan');
insert into city(region_id, name) values (779, 'Huaihua');
insert into city(region_id, name) values (779, 'Sanyi');
insert into city(region_id, name) values (808, 'Berln');
insert into city(region_id, name) values (808, 'Villavicencio');
insert into city(region_id, name) values (832, 'La Palma');
insert into city(region_id, name) values (832, 'Santa Brbara');
insert into city(region_id, name) values (847, 'Ak-Tam');
insert into city(region_id, name) values (847, 'Ala-Buka');
insert into city(region_id, name) values (847, 'Aravan');
insert into city(region_id, name) values (847, 'Bazar-Kurgan');
insert into city(region_id, name) values (847, 'Batken');
insert into city(region_id, name) values (847, 'Gulcha');
insert into city(region_id, name) values (847, 'Djalal-Abad');
insert into city(region_id, name) values (847, 'Isfana');
insert into city(region_id, name) values (847, 'Kara-Kuldja');
insert into city(region_id, name) values (847, 'Kara-Suu');
insert into city(region_id, name) values (847, 'Karavan');
insert into city(region_id, name) values (847, 'Kok-YAngak');
insert into city(region_id, name) values (847, 'Kyzyl-Kiya');
insert into city(region_id, name) values (847, 'Maili-Sai');
insert into city(region_id, name) values (847, 'Osh');
insert into city(region_id, name) values (847, 'Sary-Tash');
insert into city(region_id, name) values (847, 'Sulyukta');
insert into city(region_id, name) values (847, 'Tash-Kumyr');
insert into city(region_id, name) values (847, 'Uzgen');
insert into city(region_id, name) values (847, 'Frunze');
insert into city(region_id, name) values (847, 'Haidarken');
insert into city(region_id, name) values (851, 'Maseru');
insert into region(id, country_id, name) values (852, 103, 'Liberiya');
insert into city(region_id, name) values (443, 'Rodpoli');
insert into city(region_id, name) values (443, 'Seres');
insert into city(region_id, name) values (443, 'Srres');
insert into city(region_id, name) values (443, 'Sidhirkastron');
insert into city(region_id, name) values (443, 'Sidirkastro');
insert into city(region_id, name) values (592, 'Arnedo');
insert into city(region_id, name) values (592, 'Calahorra');
insert into city(region_id, name) values (592, 'Logroo');
insert into city(region_id, name) values (643, 'Farra d''''Isonzo');
insert into city(region_id, name) values (643, 'Gorizia');
insert into city(region_id, name) values (643, 'Gradisca d''''Isonzo');
insert into city(region_id, name) values (643, 'Grado');
insert into city(region_id, name) values (643, 'Monfalcone');
insert into city(region_id, name) values (643, 'Ronchi dei Legionari');
insert into city(region_id, name) values (643, 'San Lorenzo Isontino');
insert into city(region_id, name) values (780, 'Changzhou');
insert into city(region_id, name) values (780, 'Dinggang');
insert into city(region_id, name) values (780, 'Jinzhuang');
insert into city(region_id, name) values (780, 'Nanjing');
insert into city(region_id, name) values (780, 'Nantong');
insert into city(region_id, name) values (780, 'Suzhou');
insert into city(region_id, name) values (780, 'Tai');
insert into city(region_id, name) values (780, 'Taizhou');
insert into city(region_id, name) values (780, 'Wuxi');
insert into city(region_id, name) values (780, 'Xuzhou');
insert into city(region_id, name) values (780, 'Yangzhou');
insert into city(region_id, name) values (780, 'Zhangjiagang');
insert into city(region_id, name) values (780, 'Zhangjiagang Shi');
insert into city(region_id, name) values (809, 'Bolvar');
insert into city(region_id, name) values (809, 'Tumaco');
insert into city(region_id, name) values (833, 'Abajo');
insert into city(region_id, name) values (833, 'Amistad');
insert into city(region_id, name) values (833, 'Andres');
insert into city(region_id, name) values (833, 'Antiguo Central de Santa Luca');
insert into city(region_id, name) values (833, 'Ave Mara');
insert into city(region_id, name) values (833, 'Buenos Aires');
insert into city(region_id, name) values (833, 'Cardona');
insert into city(region_id, name) values (833, 'Carmen');
insert into city(region_id, name) values (833, 'Casa Blanca');
insert into city(region_id, name) values (833, 'Cervantes');
insert into city(region_id, name) values (833, 'Coca');
insert into city(region_id, name) values (833, 'Habana Libre');
insert into city(region_id, name) values (833, 'La Molina');
insert into city(region_id, name) values (833, 'La Rosa');
insert into city(region_id, name) values (833, 'Los Cocos');
insert into city(region_id, name) values (833, 'Zorrilla');
insert into city(region_id, name) values (848, 'Kara-Kul');
insert into city(region_id, name) values (848, 'Kirovskoe');
insert into city(region_id, name) values (848, 'Leninpol');
insert into city(region_id, name) values (848, 'Pokrovka');
insert into city(region_id, name) values (848, 'Talas');
insert into city(region_id, name) values (848, 'Toktogul');
insert into city(region_id, name) values (848, 'Toluk');
insert into city(region_id, name) values (852, 'Monroviya');
insert into region(id, country_id, name) values (853, 104, 'Beirut');
insert into city(region_id, name) values (444, 'gios Dimtrios');
insert into city(region_id, name) values (444, 'Trikrifon');
insert into city(region_id, name) values (593, 'Agaete');
insert into city(region_id, name) values (593, 'Arrecife');
insert into city(region_id, name) values (593, 'Arucas');
insert into city(region_id, name) values (593, 'Casillas del angel');
insert into city(region_id, name) values (593, 'Corralejo');
insert into city(region_id, name) values (593, 'Jinamar');
insert into city(region_id, name) values (593, 'Las Palmas');
insert into city(region_id, name) values (593, 'Maspalomas');
insert into city(region_id, name) values (593, 'Mogn');
insert into city(region_id, name) values (593, 'Puerto del Rosario');
insert into city(region_id, name) values (593, 'San Bartolom');
insert into city(region_id, name) values (593, 'San Bartolom de Tirajana');
insert into city(region_id, name) values (593, 'Santa Luca');
insert into city(region_id, name) values (593, 'Tafira alta');
insert into city(region_id, name) values (593, 'Yaiza');
insert into city(region_id, name) values (644, 'Aviano');
insert into city(region_id, name) values (644, 'Azzano Decimo');
insert into city(region_id, name) values (644, 'Montereale Valcellina');
insert into city(region_id, name) values (644, 'Porcia');
insert into city(region_id, name) values (644, 'Pordenone');
insert into city(region_id, name) values (644, 'Pravisdomini');
insert into city(region_id, name) values (644, 'Sacile');
insert into city(region_id, name) values (644, 'San Vito al Tagliamento');
insert into city(region_id, name) values (644, 'Spilimbergo');
insert into city(region_id, name) values (644, 'Travesio');
insert into city(region_id, name) values (644, 'Zoppola');
insert into city(region_id, name) values (781, '.Wanjialing');
insert into city(region_id, name) values (781, 'Fuzhou');
insert into city(region_id, name) values (781, 'Nanchang');
insert into city(region_id, name) values (810, 'Apartadero');
insert into city(region_id, name) values (810, 'Ccuta');
insert into city(region_id, name) values (834, 'La Rosa');
insert into city(region_id, name) values (853, 'Beirut');
insert into city(region_id, name) values (853, 'Beirut');
insert into region(id, country_id, name) values (854, 105, 'Tarabulus');
insert into region(id, country_id, name) values (855, 105, 'Bengazi');
insert into city(region_id, name) values (445, 'dendro');
insert into city(region_id, name) values (445, 'dendron');
insert into city(region_id, name) values (445, 'Aga Trida');
insert into city(region_id, name) values (445, 'gios Athansios');
insert into city(region_id, name) values (445, 'gios Pvlos');
insert into city(region_id, name) values (445, 'Avtion');
insert into city(region_id, name) values (445, 'Ampeln');
insert into city(region_id, name) values (445, 'Anatolik');
insert into city(region_id, name) values (445, 'Angelokhri');
insert into city(region_id, name) values (445, 'Angelokhrion');
insert into city(region_id, name) values (445, 'Ankhalos');
insert into city(region_id, name) values (445, 'Arapl');
insert into city(region_id, name) values (445, 'Asprvrysi');
insert into city(region_id, name) values (445, 'Bal');
insert into city(region_id, name) values (445, 'Dhiavat');
insert into city(region_id, name) values (445, 'Diavat');
insert into city(region_id, name) values (445, 'Efkarpa');
insert into city(region_id, name) values (445, 'Evkarpa');
insert into city(region_id, name) values (445, 'vosmo');
insert into city(region_id, name) values (445, 'vosmon');
insert into city(region_id, name) values (445, 'Galni');
insert into city(region_id, name) values (445, 'Gfyra');
insert into city(region_id, name) values (445, 'Kalamari');
insert into city(region_id, name) values (445, 'Kalochri');
insert into city(region_id, name) values (445, 'Kamra');
insert into city(region_id, name) values (445, 'Kardi');
insert into city(region_id, name) values (445, 'Kastani');
insert into city(region_id, name) values (445, 'Kerasi');
insert into city(region_id, name) values (445, 'Kordhelin');
insert into city(region_id, name) values (445, 'Lagkads');
insert into city(region_id, name) values (445, 'Lagyn');
insert into city(region_id, name) values (445, 'Menemni');
insert into city(region_id, name) values (445, 'Na Ioni');
insert into city(region_id, name) values (445, 'Na Michanina');
insert into city(region_id, name) values (445, 'Na Mikhanina');
insert into city(region_id, name) values (445, 'Na Zo');
insert into city(region_id, name) values (445, 'Non Kordelin');
insert into city(region_id, name) values (445, 'Non Kordhelin');
insert into city(region_id, name) values (445, 'Oraikastro');
insert into city(region_id, name) values (445, 'Palikastro');
insert into city(region_id, name) values (445, 'Palikastron');
insert into city(region_id, name) values (445, 'Peraa');
insert into city(region_id, name) values (445, 'Polchni');
insert into city(region_id, name) values (445, 'Salonica');
insert into city(region_id, name) values (445, 'Salonika');
insert into city(region_id, name) values (445, 'Salonki');
insert into city(region_id, name) values (445, 'Selanik');
insert into city(region_id, name) values (445, 'Sikai');
insert into city(region_id, name) values (445, 'Sndos');
insert into city(region_id, name) values (445, 'Stavropoli');
insert into city(region_id, name) values (445, 'Sykai');
insert into city(region_id, name) values (445, 'Thessalonike');
insert into city(region_id, name) values (445, 'Thessalonki');
insert into city(region_id, name) values (445, 'Xirokhrion');
insert into city(region_id, name) values (594, 'Cubillos del sil');
insert into city(region_id, name) values (594, 'Len');
insert into city(region_id, name) values (645, 'Duino-Aurisina');
insert into city(region_id, name) values (645, 'Trieste');
insert into city(region_id, name) values (782, 'Anguan');
insert into city(region_id, name) values (782, 'Antuzhan');
insert into city(region_id, name) values (782, 'Changanpu');
insert into city(region_id, name) values (782, 'Changchuan');
insert into city(region_id, name) values (782, 'Changchun');
insert into city(region_id, name) values (782, 'Changchun Shi');
insert into city(region_id, name) values (782, 'Changchunshih');
insert into city(region_id, name) values (782, 'Huichun');
insert into city(region_id, name) values (782, 'Hunchun');
insert into city(region_id, name) values (782, 'Jilin');
insert into city(region_id, name) values (782, 'Siping');
insert into city(region_id, name) values (782, 'Xukedi');
insert into city(region_id, name) values (782, 'Yanji');
insert into city(region_id, name) values (811, 'Armenia');
insert into city(region_id, name) values (811, 'Crdoba');
insert into city(region_id, name) values (835, 'Amador');
insert into city(region_id, name) values (835, 'Perico');
insert into city(region_id, name) values (835, 'Varadero');
insert into city(region_id, name) values (854, 'Tripoli');
insert into region(id, country_id, name) values (856, 106, 'Litva');
insert into city(region_id, name) values (446, 'Achladi');
insert into city(region_id, name) values (446, 'Apostolaka');
insert into city(region_id, name) values (446, 'Borovkos');
insert into city(region_id, name) values (446, 'Kalampka');
insert into city(region_id, name) values (446, 'Trkala');
insert into city(region_id, name) values (595, 'Balaguer');
insert into city(region_id, name) values (595, 'Castellas');
insert into city(region_id, name) values (595, 'Cervera');
insert into city(region_id, name) values (595, 'El Pont de Suert');
insert into city(region_id, name) values (595, 'Guissona');
insert into city(region_id, name) values (595, 'La Seu d''''Urgell');
insert into city(region_id, name) values (595, 'Lleida');
insert into city(region_id, name) values (595, 'Poal el');
insert into city(region_id, name) values (595, 'Sidamon');
insert into city(region_id, name) values (595, 'Trrega');
insert into city(region_id, name) values (646, 'Aquileia');
insert into city(region_id, name) values (646, 'Latisana');
insert into city(region_id, name) values (646, 'Paularo');
insert into city(region_id, name) values (646, 'Pavia di Udine');
insert into city(region_id, name) values (646, 'Pozzuolo del Friuli');
insert into city(region_id, name) values (646, 'San Daniele del Friuli');
insert into city(region_id, name) values (646, 'San Giovanni al Natisone');
insert into city(region_id, name) values (646, 'Tolmezzo');
insert into city(region_id, name) values (646, 'Treppo Grande');
insert into city(region_id, name) values (646, 'Udine');
insert into city(region_id, name) values (783, 'Anshan');
insert into city(region_id, name) values (783, 'Beijing');
insert into city(region_id, name) values (783, 'Dalian');
insert into city(region_id, name) values (783, 'Dandong');
insert into city(region_id, name) values (783, 'Jinzhou');
insert into city(region_id, name) values (783, 'Langtou');
insert into city(region_id, name) values (783, 'Lshun');
insert into city(region_id, name) values (783, 'Panshan');
insert into city(region_id, name) values (783, 'Shenyang');
insert into city(region_id, name) values (783, 'Shenyang Shi');
insert into city(region_id, name) values (812, 'Belmonte');
insert into city(region_id, name) values (812, 'Boquern');
insert into city(region_id, name) values (812, 'Cartago Viejo');
insert into city(region_id, name) values (812, 'Pereira');
insert into city(region_id, name) values (836, 'Brisas del Mar');
insert into city(region_id, name) values (836, 'Monicas Mora');
insert into city(region_id, name) values (855, 'Bengazi');
insert into city(region_id, name) values (856, 'Adutishkis');
insert into city(region_id, name) values (856, 'Alitus');
insert into city(region_id, name) values (856, 'Anikschchyai');
insert into city(region_id, name) values (856, 'Ariogala');
insert into city(region_id, name) values (856, 'Baltoii-Voke');
insert into city(region_id, name) values (856, 'Balberishkis');
insert into city(region_id, name) values (856, 'Birjai');
insert into city(region_id, name) values (856, 'Birshtonas');
insert into city(region_id, name) values (856, 'Vabalninkas');
insert into city(region_id, name) values (856, 'Vandjiogala');
insert into city(region_id, name) values (856, 'Varena');
insert into city(region_id, name) values (856, 'Vievis');
insert into city(region_id, name) values (856, 'Vilkavishkis');
insert into city(region_id, name) values (856, 'Vilkiya');
insert into city(region_id, name) values (856, 'Vilno');
insert into city(region_id, name) values (856, 'Vilnyus');
insert into city(region_id, name) values (856, 'Virbalis');
insert into city(region_id, name) values (856, 'Visaginas');
insert into city(region_id, name) values (856, 'Gargjdai');
insert into city(region_id, name) values (856, 'Garlyava');
insert into city(region_id, name) values (856, 'Daugai');
insert into city(region_id, name) values (856, 'Druskininkai');
insert into city(region_id, name) values (856, 'Dukshtas');
insert into city(region_id, name) values (856, 'Dusetos');
insert into city(region_id, name) values (856, 'Eishishes');
insert into city(region_id, name) values (856, 'Jagare');
insert into city(region_id, name) values (856, 'Zarasai');
insert into city(region_id, name) values (856, 'Ignalina');
insert into city(region_id, name) values (856, 'Ionishkis');
insert into city(region_id, name) values (856, 'Ionava');
insert into city(region_id, name) values (856, 'Kazlu-Ruda');
insert into city(region_id, name) values (856, 'Kaishyadoris');
insert into city(region_id, name) values (856, 'Kaunas');
insert into city(region_id, name) values (856, 'Kachergine');
insert into city(region_id, name) values (856, 'Kedainyai');
insert into city(region_id, name) values (856, 'Kelme');
insert into city(region_id, name) values (856, 'Kibartai');
insert into city(region_id, name) values (856, 'Klaipeda');
insert into city(region_id, name) values (856, 'Kovno');
insert into city(region_id, name) values (856, 'Kretinga');
insert into city(region_id, name) values (856, 'Kulautuva');
insert into city(region_id, name) values (856, 'kuodas');
insert into city(region_id, name) values (856, 'Kurshenai');
insert into city(region_id, name) values (856, 'Lazdiyai');
insert into city(region_id, name) values (856, 'Lentvaris');
insert into city(region_id, name) values (856, 'Majeikyai');
insert into city(region_id, name) values (856, 'Maryampole (Kapsukas)');
insert into city(region_id, name) values (856, 'Merkine');
insert into city(region_id, name) values (856, 'Moletai');
insert into city(region_id, name) values (856, 'Nauioii-Akmyane');
insert into city(region_id, name) values (856, 'Nida');
insert into city(region_id, name) values (856, 'Pabrade');
insert into city(region_id, name) values (856, 'Pagegyai');
insert into city(region_id, name) values (856, 'Pakruois');
insert into city(region_id, name) values (856, 'Palanga');
insert into city(region_id, name) values (856, 'Panevejis');
insert into city(region_id, name) values (856, 'Pasvalis');
insert into city(region_id, name) values (856, 'Plunge');
insert into city(region_id, name) values (856, 'Prienai');
insert into city(region_id, name) values (856, 'Radvilishkis');
insert into city(region_id, name) values (856, 'Raseinyai');
insert into city(region_id, name) values (856, 'Rietavas');
insert into city(region_id, name) values (856, 'Rokishkis');
insert into city(region_id, name) values (856, 'Simnas');
insert into city(region_id, name) values (856, 'Skaudvile');
insert into city(region_id, name) values (856, 'Taurage');
insert into city(region_id, name) values (856, 'Telshyai');
insert into city(region_id, name) values (856, 'Trakai');
insert into city(region_id, name) values (856, 'Ukmerge');
insert into city(region_id, name) values (856, 'Utena');
insert into city(region_id, name) values (856, 'SHakyai');
insert into city(region_id, name) values (856, 'SHalchininkai');
insert into city(region_id, name) values (856, 'SHvenchenelyai');
insert into city(region_id, name) values (856, 'SHvenchionis');
insert into city(region_id, name) values (856, 'SHeta');
insert into city(region_id, name) values (856, 'SHilale');
insert into city(region_id, name) values (856, 'SHilute');
insert into city(region_id, name) values (856, 'SHirvintos');
insert into city(region_id, name) values (856, 'SHyaulyai');
insert into city(region_id, name) values (856, 'Ejyarelis');
insert into city(region_id, name) values (856, 'YUrbarkas');
insert into region(id, country_id, name) values (857, 107, 'Balzers');
insert into region(id, country_id, name) values (858, 107, 'Eschen');
insert into region(id, country_id, name) values (859, 107, 'Ruggell');
insert into region(id, country_id, name) values (860, 107, 'Schellenberg');
insert into region(id, country_id, name) values (861, 107, 'Triesen');
insert into region(id, country_id, name) values (862, 107, 'Vaduz');
insert into city(region_id, name) values (447, 'Levdeia');
insert into city(region_id, name) values (447, 'Livadei');
insert into city(region_id, name) values (447, 'Thva');
insert into city(region_id, name) values (596, 'A Pobra do Brolln');
insert into city(region_id, name) values (596, 'Lugo');
insert into city(region_id, name) values (596, 'Rabade');
insert into city(region_id, name) values (596, 'Ribadeo');
insert into city(region_id, name) values (647, 'Cassino');
insert into city(region_id, name) values (647, 'Frosinone');
insert into city(region_id, name) values (647, 'Sant''''Elia Fiumerapido');
insert into city(region_id, name) values (647, 'Sora');
insert into city(region_id, name) values (784, 'Abag Qi');
insert into city(region_id, name) values (784, 'Ayulhai');
insert into city(region_id, name) values (784, 'Baotou');
insert into city(region_id, name) values (784, 'Hailar');
insert into city(region_id, name) values (784, 'Hohhot');
insert into city(region_id, name) values (784, 'Huhe Hoter');
insert into city(region_id, name) values (784, 'Huhehot');
insert into city(region_id, name) values (784, 'Huhohaote');
insert into city(region_id, name) values (784, 'Manchouli');
insert into city(region_id, name) values (784, 'Manchuria');
insert into city(region_id, name) values (784, 'Manchzhuriya');
insert into city(region_id, name) values (784, 'Manzhouli');
insert into city(region_id, name) values (784, 'Mongol Us');
insert into city(region_id, name) values (784, 'Wuhai');
insert into city(region_id, name) values (813, 'Aguas Claras');
insert into city(region_id, name) values (813, 'Bucaramanga');
insert into city(region_id, name) values (813, 'Floridablanca');
insert into city(region_id, name) values (813, 'San Gil');
insert into city(region_id, name) values (837, 'Aida');
insert into city(region_id, name) values (837, 'Antunes');
insert into city(region_id, name) values (837, 'Bardallo');
insert into city(region_id, name) values (837, 'Buena Vista');
insert into city(region_id, name) values (837, 'Santa Mara');
insert into city(region_id, name) values (857, 'Balzers');
insert into region(id, country_id, name) values (863, 108, 'Diekirch');
insert into region(id, country_id, name) values (864, 108, 'Grevenmacher');
insert into region(id, country_id, name) values (865, 108, 'Luxembourg');
insert into region(id, country_id, name) values (866, 108, 'None');
insert into city(region_id, name) values (448, 'Nomos Ksanti');
insert into city(region_id, name) values (448, 'Xanthe');
insert into city(region_id, name) values (448, 'Xnthi');
insert into city(region_id, name) values (597, 'Ajalvir');
insert into city(region_id, name) values (597, 'Alcal de Henares');
insert into city(region_id, name) values (597, 'Alcobendas');
insert into city(region_id, name) values (597, 'Alcorcn');
insert into city(region_id, name) values (597, 'Anchuelo');
insert into city(region_id, name) values (597, 'Barajas');
insert into city(region_id, name) values (597, 'Berzosa del Lozoya');
insert into city(region_id, name) values (597, 'Carabaa');
insert into city(region_id, name) values (597, 'Collado Villalba');
insert into city(region_id, name) values (597, 'Colmenar Viejo');
insert into city(region_id, name) values (597, 'El Escorial');
insert into city(region_id, name) values (597, 'El Molar');
insert into city(region_id, name) values (597, 'Fuenlabrada');
insert into city(region_id, name) values (597, 'Galapagar');
insert into city(region_id, name) values (597, 'Getafe');
insert into city(region_id, name) values (597, 'Humanes de Madrid');
insert into city(region_id, name) values (597, 'Las Rozas');
insert into city(region_id, name) values (597, 'Legans');
insert into city(region_id, name) values (597, 'Madarcos');
insert into city(region_id, name) values (597, 'Madrid');
insert into city(region_id, name) values (597, 'Manjiron');
insert into city(region_id, name) values (597, 'Mejorada del Campo');
insert into city(region_id, name) values (597, 'Mstoles');
insert into city(region_id, name) values (597, 'Navacerrada');
insert into city(region_id, name) values (597, 'Perales del Ro');
insert into city(region_id, name) values (597, 'Rozas de Puerto Real');
insert into city(region_id, name) values (597, 'San Agustn de Guadalix');
insert into city(region_id, name) values (597, 'Torrejn de Ardoz');
insert into city(region_id, name) values (597, 'Torrejn de la Calzada');
insert into city(region_id, name) values (597, 'Valdemoro');
insert into city(region_id, name) values (597, 'Vallecas');
insert into city(region_id, name) values (597, 'Villa del Prado');
insert into city(region_id, name) values (597, 'Villanueva de la Caada');
insert into city(region_id, name) values (597, 'Villaviciosa de Odn');
insert into city(region_id, name) values (597, 'Zarzalejo');
insert into city(region_id, name) values (648, 'Cisterna di Latina');
insert into city(region_id, name) values (648, 'Fondi');
insert into city(region_id, name) values (648, 'Formia');
insert into city(region_id, name) values (648, 'Gaeta');
insert into city(region_id, name) values (648, 'Latina');
insert into city(region_id, name) values (648, 'Maenza');
insert into city(region_id, name) values (648, 'Minturno');
insert into city(region_id, name) values (648, 'Ponza');
insert into city(region_id, name) values (785, 'Yinchuan');
insert into city(region_id, name) values (814, 'Ibagu');
insert into city(region_id, name) values (838, 'Campana');
insert into city(region_id, name) values (838, 'Sancti Spritus');
insert into city(region_id, name) values (858, 'Eschen');
insert into city(region_id, name) values (863, 'Allerborn');
insert into city(region_id, name) values (863, 'Baraques de Troine');
insert into city(region_id, name) values (863, 'Diekirch');
insert into city(region_id, name) values (863, 'Esch');
insert into region(id, country_id, name) values (867, 109, 'Mavrikii');
insert into city(region_id, name) values (449, 'yios Niklaos');
insert into city(region_id, name) values (449, 'Zkinthos');
insert into city(region_id, name) values (449, 'Zkynthos');
insert into city(region_id, name) values (449, 'Zante');
insert into city(region_id, name) values (598, 'Alameda');
insert into city(region_id, name) values (598, 'Alhaurn de la Torre');
insert into city(region_id, name) values (598, 'Arenas');
insert into city(region_id, name) values (598, 'Benalmdena');
insert into city(region_id, name) values (598, 'Con');
insert into city(region_id, name) values (598, 'Estepona');
insert into city(region_id, name) values (598, 'Fuengirola');
insert into city(region_id, name) values (598, 'Mlaga');
insert into city(region_id, name) values (598, 'Manilva');
insert into city(region_id, name) values (598, 'Marbella');
insert into city(region_id, name) values (598, 'Mijas');
insert into city(region_id, name) values (598, 'Nerja');
insert into city(region_id, name) values (598, 'Nueva andalucia');
insert into city(region_id, name) values (598, 'Rincn de la Victoria');
insert into city(region_id, name) values (598, 'Riogordo');
insert into city(region_id, name) values (598, 'San pedro de alcantara');
insert into city(region_id, name) values (598, 'Torre del mar');
insert into city(region_id, name) values (598, 'Torremolinos');
insert into city(region_id, name) values (598, 'Vlez-Mlaga');
insert into city(region_id, name) values (649, 'Frasso Sabino');
insert into city(region_id, name) values (649, 'Rieti');
insert into city(region_id, name) values (786, 'Adoi');
insert into city(region_id, name) values (786, 'Jangsib');
insert into city(region_id, name) values (786, 'Qinghaihu');
insert into city(region_id, name) values (839, 'Alto del Villaln');
insert into city(region_id, name) values (839, 'Amelia');
insert into city(region_id, name) values (839, 'Campana');
insert into city(region_id, name) values (839, 'Colonia Nmero 7');
insert into city(region_id, name) values (839, 'Cristo');
insert into city(region_id, name) values (839, 'Dulce Nombre');
insert into city(region_id, name) values (839, 'Guaninao');
insert into city(region_id, name) values (839, 'Quintero');
insert into city(region_id, name) values (839, 'Santiago de Cuba');
insert into city(region_id, name) values (859, 'Ruggell');
insert into city(region_id, name) values (864, 'Assel');
insert into city(region_id, name) values (864, 'Berg-sur-Syre');
insert into city(region_id, name) values (864, 'Lenningen');
insert into city(region_id, name) values (864, 'Remich');
insert into city(region_id, name) values (864, 'Wormeldange');
insert into city(region_id, name) values (867, 'Port-Lui');
insert into region(id, country_id, name) values (868, 110, 'Mavritaniya');
insert into city(region_id, name) values (599, 'Melilla');
insert into city(region_id, name) values (650, 'Affile');
insert into city(region_id, name) values (650, 'Allumiere');
insert into city(region_id, name) values (650, 'Anzio');
insert into city(region_id, name) values (650, 'Ardea');
insert into city(region_id, name) values (650, 'Ariccia');
insert into city(region_id, name) values (650, 'Arsoli');
insert into city(region_id, name) values (650, 'Bracciano');
insert into city(region_id, name) values (650, 'Casape');
insert into city(region_id, name) values (650, 'Castel Gandolfo');
insert into city(region_id, name) values (650, 'Castel San Pietro Romano');
insert into city(region_id, name) values (650, 'Cervara di Roma');
insert into city(region_id, name) values (650, 'Ciampino');
insert into city(region_id, name) values (650, 'Cineto Romano');
insert into city(region_id, name) values (650, 'Civitavecchia');
insert into city(region_id, name) values (650, 'Colleferro');
insert into city(region_id, name) values (650, 'Colonna');
insert into city(region_id, name) values (650, 'Fiumicino');
insert into city(region_id, name) values (650, 'Gallicano nel Lazio');
insert into city(region_id, name) values (650, 'Genzano di Roma');
insert into city(region_id, name) values (650, 'Grottaferrata');
insert into city(region_id, name) values (650, 'Licenza');
insert into city(region_id, name) values (650, 'Marino');
insert into city(region_id, name) values (650, 'Monte Porzio Catone');
insert into city(region_id, name) values (650, 'Poli');
insert into city(region_id, name) values (650, 'Pomezia');
insert into city(region_id, name) values (650, 'Ponzano Romano');
insert into city(region_id, name) values (650, 'Roma');
insert into city(region_id, name) values (650, 'Roviano');
insert into city(region_id, name) values (650, 'Santa Marinella');
insert into city(region_id, name) values (650, 'Tivoli');
insert into city(region_id, name) values (650, 'Velletri');
insert into city(region_id, name) values (650, 'Zagarolo');
insert into city(region_id, name) values (787, 'Andin');
insert into city(region_id, name) values (787, 'Xian');
insert into city(region_id, name) values (787, 'Xian Shi');
insert into city(region_id, name) values (840, 'Aguada de Carillo');
insert into city(region_id, name) values (840, 'Anita');
insert into city(region_id, name) values (840, 'Antonia Rosa');
insert into city(region_id, name) values (840, 'Buena Vista');
insert into city(region_id, name) values (840, 'Calabazar de Sagua');
insert into city(region_id, name) values (840, 'La Fortuna');
insert into city(region_id, name) values (840, 'Santa Clara');
insert into city(region_id, name) values (860, 'Schellenberg');
insert into city(region_id, name) values (865, 'Airsain');
insert into city(region_id, name) values (865, 'Angelsberg');
insert into city(region_id, name) values (865, 'Ansembourg');
insert into city(region_id, name) values (865, 'Beggen');
insert into city(region_id, name) values (865, 'Belval');
insert into city(region_id, name) values (865, 'Breldange');
insert into city(region_id, name) values (865, 'Berg');
insert into city(region_id, name) values (865, 'Bertrange');
insert into city(region_id, name) values (865, 'Bettembourg');
insert into city(region_id, name) values (865, 'Bihl');
insert into city(region_id, name) values (865, 'Bivange');
insert into city(region_id, name) values (865, 'Dudelange');
insert into city(region_id, name) values (865, 'Esch');
insert into city(region_id, name) values (865, 'Gaichel');
insert into city(region_id, name) values (865, 'Gras');
insert into city(region_id, name) values (865, 'Italie');
insert into city(region_id, name) values (865, 'Lampertsberg');
insert into city(region_id, name) values (865, 'Limpertsberg');
insert into city(region_id, name) values (865, 'Luxembourg');
insert into city(region_id, name) values (865, 'Luxemburg');
insert into city(region_id, name) values (865, 'Mersch');
insert into city(region_id, name) values (865, 'Neudorf');
insert into city(region_id, name) values (865, 'Schifflange');
insert into city(region_id, name) values (865, 'Schouweiler');
insert into city(region_id, name) values (865, 'Walferdange');
insert into city(region_id, name) values (868, 'Nuakshot');
insert into region(id, country_id, name) values (869, 111, 'Madagaskar');
insert into city(region_id, name) values (600, 'Abarn');
insert into city(region_id, name) values (600, 'guilas');
insert into city(region_id, name) values (600, 'Alberca la');
insert into city(region_id, name) values (600, 'Alcantarilla');
insert into city(region_id, name) values (600, 'Aledo');
insert into city(region_id, name) values (600, 'Archena');
insert into city(region_id, name) values (600, 'Beniel');
insert into city(region_id, name) values (600, 'Cabo de palos');
insert into city(region_id, name) values (600, 'Caravaca de la Cruz');
insert into city(region_id, name) values (600, 'Cartagena');
insert into city(region_id, name) values (600, 'Cehegn');
insert into city(region_id, name) values (600, 'Cieza');
insert into city(region_id, name) values (600, 'El Palmar');
insert into city(region_id, name) values (600, 'Esparragal');
insert into city(region_id, name) values (600, 'Espinardo');
insert into city(region_id, name) values (600, 'Lorca');
insert into city(region_id, name) values (600, 'Lorqu');
insert into city(region_id, name) values (600, 'Los Alczares');
insert into city(region_id, name) values (600, 'Molina de Segura');
insert into city(region_id, name) values (600, 'Mula');
insert into city(region_id, name) values (600, 'Murcia');
insert into city(region_id, name) values (600, 'Puerto de mazarron');
insert into city(region_id, name) values (600, 'San Pedro del Pinatar');
insert into city(region_id, name) values (600, 'Santiago de la ribera');
insert into city(region_id, name) values (600, 'Torreaguera');
insert into city(region_id, name) values (600, 'Totana');
insert into city(region_id, name) values (651, 'Acquapendente');
insert into city(region_id, name) values (651, 'Bagnoregio');
insert into city(region_id, name) values (651, 'Montefiascone');
insert into city(region_id, name) values (651, 'Soriano nel Cimino');
insert into city(region_id, name) values (651, 'Vetralla');
insert into city(region_id, name) values (651, 'Viterbo');
insert into city(region_id, name) values (788, 'Baijiadian');
insert into city(region_id, name) values (788, 'Dongying');
insert into city(region_id, name) values (788, 'Jiaoqiao');
insert into city(region_id, name) values (788, 'Jinan');
insert into city(region_id, name) values (788, 'Linyi');
insert into city(region_id, name) values (788, 'Longkou');
insert into city(region_id, name) values (788, 'Qiandao');
insert into city(region_id, name) values (788, 'Qingdao');
insert into city(region_id, name) values (788, 'Qingdao Shi');
insert into city(region_id, name) values (788, 'Shidao');
insert into city(region_id, name) values (788, 'Shouguang');
insert into city(region_id, name) values (788, 'Taian');
insert into city(region_id, name) values (788, 'Weifang');
insert into city(region_id, name) values (788, 'Weihai');
insert into city(region_id, name) values (788, 'Yantai');
insert into city(region_id, name) values (788, 'Zibo');
insert into city(region_id, name) values (861, 'Triesen');
insert into city(region_id, name) values (866, 'Acirie');
insert into city(region_id, name) values (866, 'Berg');
insert into city(region_id, name) values (866, 'Birel');
insert into city(region_id, name) values (866, 'Bischenrech');
insert into city(region_id, name) values (869, 'Antananarivu');
insert into city(region_id, name) values (869, 'Anceranana');
insert into city(region_id, name) values (869, 'Ancirabe');
insert into city(region_id, name) values (869, 'Manakara');
insert into city(region_id, name) values (869, 'Tuamasina');
insert into city(region_id, name) values (869, 'Fianarancura');
insert into region(id, country_id, name) values (870, 112, 'Aracinovo');
insert into region(id, country_id, name) values (871, 112, 'Berovo');
insert into region(id, country_id, name) values (872, 112, 'Bitola');
insert into region(id, country_id, name) values (873, 112, 'Bosilovo');
insert into region(id, country_id, name) values (874, 112, 'Dolna Banjica');
insert into region(id, country_id, name) values (875, 112, 'Drugovo');
insert into region(id, country_id, name) values (876, 112, 'Gevgelija');
insert into region(id, country_id, name) values (877, 112, 'Gostivar');
insert into region(id, country_id, name) values (878, 112, 'Karpos');
insert into region(id, country_id, name) values (879, 112, 'Kavadarci');
insert into region(id, country_id, name) values (880, 112, 'Kisela Voda');
insert into region(id, country_id, name) values (881, 112, 'Kumanovo');
insert into region(id, country_id, name) values (882, 112, 'Makedonska Kamenica');
insert into region(id, country_id, name) values (883, 112, 'Negotino');
insert into region(id, country_id, name) values (884, 112, 'Ohrid');
insert into region(id, country_id, name) values (885, 112, 'Prilep');
insert into region(id, country_id, name) values (886, 112, 'Radovis');
insert into region(id, country_id, name) values (887, 112, 'Saraj');
insert into region(id, country_id, name) values (888, 112, 'Star Dojran');
insert into region(id, country_id, name) values (889, 112, 'Struga');
insert into region(id, country_id, name) values (890, 112, 'Strumica');
insert into region(id, country_id, name) values (891, 112, 'Sveti Nikole');
insert into region(id, country_id, name) values (892, 112, 'Tetovo');
insert into region(id, country_id, name) values (893, 112, 'Veles');
insert into city(region_id, name) values (601, 'Ansoin');
insert into city(region_id, name) values (601, 'Aurizberri espinal');
insert into city(region_id, name) values (601, 'Baraain');
insert into city(region_id, name) values (601, 'Buuel');
insert into city(region_id, name) values (601, 'Burlada/Burlata');
insert into city(region_id, name) values (601, 'Corella');
insert into city(region_id, name) values (601, 'Elizondo');
insert into city(region_id, name) values (601, 'Estella/Lizarra');
insert into city(region_id, name) values (601, 'Goizueta');
insert into city(region_id, name) values (601, 'Olite');
insert into city(region_id, name) values (601, 'Pamplona/Irua');
insert into city(region_id, name) values (601, 'Ribaforada');
insert into city(region_id, name) values (601, 'San Adrin');
insert into city(region_id, name) values (601, 'Tafalla');
insert into city(region_id, name) values (601, 'Tudela');
insert into city(region_id, name) values (652, 'Arenzano');
insert into city(region_id, name) values (652, 'Casella');
insert into city(region_id, name) values (652, 'Chiavari');
insert into city(region_id, name) values (652, 'Genova');
insert into city(region_id, name) values (652, 'Portofino');
insert into city(region_id, name) values (652, 'Rapallo');
insert into city(region_id, name) values (652, 'Santa Margherita Ligure');
insert into city(region_id, name) values (652, 'Sori');
insert into city(region_id, name) values (789, 'Anchuang');
insert into city(region_id, name) values (789, 'Changchai');
insert into city(region_id, name) values (789, 'Hexingzhen');
insert into city(region_id, name) values (789, 'Pudong');
insert into city(region_id, name) values (789, 'Puto');
insert into city(region_id, name) values (789, 'Putung');
insert into city(region_id, name) values (789, 'Qianqiao');
insert into city(region_id, name) values (789, 'Shanghai');
insert into city(region_id, name) values (789, 'Shenjiazhen');
insert into city(region_id, name) values (789, 'Songjiang');
insert into city(region_id, name) values (789, 'Wusi');
insert into city(region_id, name) values (789, 'Xuhui');
insert into city(region_id, name) values (789, 'Zhuzhai');
insert into city(region_id, name) values (862, 'Vaduz');
insert into city(region_id, name) values (870, 'Aracinovo');
insert into region(id, country_id, name) values (894, 113, 'Malavi');
insert into city(region_id, name) values (602, 'A Merca');
insert into city(region_id, name) values (602, 'Nogueira');
insert into city(region_id, name) values (602, 'Orense');
insert into city(region_id, name) values (602, 'San amaro');
insert into city(region_id, name) values (653, 'Bordighera');
insert into city(region_id, name) values (653, 'Ceriana');
insert into city(region_id, name) values (653, 'Diano Marina');
insert into city(region_id, name) values (653, 'Imperia');
insert into city(region_id, name) values (653, 'Pieve di Teco');
insert into city(region_id, name) values (653, 'San Remo');
insert into city(region_id, name) values (653, 'Vallecrosia');
insert into city(region_id, name) values (653, 'Ventimiglia');
insert into city(region_id, name) values (790, 'Ani');
insert into city(region_id, name) values (790, 'Changhang');
insert into city(region_id, name) values (790, 'Taiyangcun');
insert into city(region_id, name) values (790, 'Taiyan');
insert into city(region_id, name) values (790, 'Taiyuan');
insert into city(region_id, name) values (790, 'Xiaan');
insert into city(region_id, name) values (790, 'Xianren Xiang');
insert into city(region_id, name) values (790, 'Xiyan');
insert into city(region_id, name) values (871, 'Berovo');
insert into city(region_id, name) values (894, 'Lilongve');
insert into region(id, country_id, name) values (895, 114, 'Malaiziya');
insert into city(region_id, name) values (603, 'Palencia');
insert into city(region_id, name) values (603, 'Villamuriel de Cerrato');
insert into city(region_id, name) values (654, 'Bolano');
insert into city(region_id, name) values (654, 'La Spezia');
insert into city(region_id, name) values (654, 'Sarzana');
insert into city(region_id, name) values (791, 'Chengdu');
insert into city(region_id, name) values (872, 'Bitola');
insert into city(region_id, name) values (872, 'Manastir');
insert into city(region_id, name) values (895, 'Kuala-Lumpur');
insert into region(id, country_id, name) values (896, 115, 'Mali');
insert into city(region_id, name) values (604, 'Marn');
insert into city(region_id, name) values (604, 'Ponteareas');
insert into city(region_id, name) values (604, 'Pontevedra');
insert into city(region_id, name) values (604, 'Vigo');
insert into city(region_id, name) values (655, 'Alassio');
insert into city(region_id, name) values (655, 'Albenga');
insert into city(region_id, name) values (655, 'Cairo Montenotte');
insert into city(region_id, name) values (655, 'Cengio');
insert into city(region_id, name) values (655, 'Finale Ligure');
insert into city(region_id, name) values (655, 'Loano');
insert into city(region_id, name) values (655, 'Savona');
insert into city(region_id, name) values (792, 'Balitai');
insert into city(region_id, name) values (792, 'Tanggu');
insert into city(region_id, name) values (792, 'Tangku');
insert into city(region_id, name) values (792, 'Tianjin');
insert into city(region_id, name) values (792, 'Tianjin Shi');
insert into city(region_id, name) values (792, 'Tianjing');
insert into city(region_id, name) values (792, 'Xianshuigu');
insert into city(region_id, name) values (873, 'Bosilevo');
insert into city(region_id, name) values (896, 'Bamako');
insert into city(region_id, name) values (896, 'Gao');
insert into city(region_id, name) values (896, 'Mopti');
insert into region(id, country_id, name) values (897, 116, 'Maldivskie o-va');
insert into city(region_id, name) values (605, 'Morasverdes');
insert into city(region_id, name) values (605, 'Salamanca');
insert into city(region_id, name) values (605, 'Santa Marta de Tormes');
insert into city(region_id, name) values (656, 'Albino');
insert into city(region_id, name) values (656, 'Arcene');
insert into city(region_id, name) values (656, 'Bergamo');
insert into city(region_id, name) values (656, 'Calcinate');
insert into city(region_id, name) values (656, 'Caravaggio');
insert into city(region_id, name) values (656, 'Carona');
insert into city(region_id, name) values (656, 'Chignolo d''''Isola');
insert into city(region_id, name) values (656, 'Clusone');
insert into city(region_id, name) values (656, 'Lovere');
insert into city(region_id, name) values (656, 'Treviglio');
insert into city(region_id, name) values (656, 'Villongo');
insert into city(region_id, name) values (793, 'Abad');
insert into city(region_id, name) values (793, 'Akto');
insert into city(region_id, name) values (793, 'Aletai');
insert into city(region_id, name) values (793, 'Altai');
insert into city(region_id, name) values (793, 'Beishanyanchi');
insert into city(region_id, name) values (793, 'Burqin');
insert into city(region_id, name) values (793, 'Chantszi');
insert into city(region_id, name) values (793, 'Hami');
insert into city(region_id, name) values (793, 'Ining');
insert into city(region_id, name) values (793, 'Kashgar');
insert into city(region_id, name) values (793, 'Kashi Shi');
insert into city(region_id, name) values (793, 'Kulja');
insert into city(region_id, name) values (793, 'Knes');
insert into city(region_id, name) values (793, 'Urumchi');
insert into city(region_id, name) values (793, 'rmqi');
insert into city(region_id, name) values (793, 'rmqi Shi');
insert into city(region_id, name) values (793, 'Urumtschi');
insert into city(region_id, name) values (793, 'Urumutsi');
insert into city(region_id, name) values (793, 'Wulumuchi');
insert into city(region_id, name) values (793, 'Wulumuchishih');
insert into city(region_id, name) values (793, 'Wurumchih');
insert into city(region_id, name) values (793, 'Xortang');
insert into city(region_id, name) values (793, 'Yaiko');
insert into city(region_id, name) values (793, 'Yining');
insert into city(region_id, name) values (793, 'Yiwu');
insert into city(region_id, name) values (793, 'Zhaosu');
insert into city(region_id, name) values (874, 'Dolna Banjica');
insert into city(region_id, name) values (897, 'Male');
insert into region(id, country_id, name) values (898, 117, 'Malta');
insert into city(region_id, name) values (606, 'Adeje');
insert into city(region_id, name) values (606, 'Arico el Nuevo');
insert into city(region_id, name) values (606, 'Arona');
insert into city(region_id, name) values (606, 'Buenavista del Norte');
insert into city(region_id, name) values (606, 'Cabo Blanco');
insert into city(region_id, name) values (606, 'Chio');
insert into city(region_id, name) values (606, 'Cruz Santa');
insert into city(region_id, name) values (606, 'El Mdano');
insert into city(region_id, name) values (606, 'El Sauzal');
insert into city(region_id, name) values (606, 'Frontera');
insert into city(region_id, name) values (606, 'Granadilla de Abona');
insert into city(region_id, name) values (606, 'Guaza');
insert into city(region_id, name) values (606, 'Gua de Isora');
insert into city(region_id, name) values (606, 'Icod de los Vinos');
insert into city(region_id, name) values (606, 'La Caleta');
insert into city(region_id, name) values (606, 'La Laguna');
insert into city(region_id, name) values (606, 'Las Galletas');
insert into city(region_id, name) values (606, 'Llanos los');
insert into city(region_id, name) values (606, 'Los Cristianos');
insert into city(region_id, name) values (606, 'Puerto de la Cruz');
insert into city(region_id, name) values (606, 'San Isidro');
insert into city(region_id, name) values (606, 'San juan');
insert into city(region_id, name) values (606, 'San Juan de la Rambla');
insert into city(region_id, name) values (606, 'Santa Cruz de la Palma');
insert into city(region_id, name) values (606, 'Santa Cruz de Tenerife');
insert into city(region_id, name) values (606, 'Santa maria del mar');
insert into city(region_id, name) values (606, 'Urbanizacion playa de las amer');
insert into city(region_id, name) values (657, 'Berlingo');
insert into city(region_id, name) values (657, 'Brescia');
insert into city(region_id, name) values (657, 'Darfo Boario Terme');
insert into city(region_id, name) values (657, 'Desenzano del Garda');
insert into city(region_id, name) values (657, 'Gargnano');
insert into city(region_id, name) values (657, 'Gavardo');
insert into city(region_id, name) values (657, 'Gussago');
insert into city(region_id, name) values (657, 'Iseo');
insert into city(region_id, name) values (657, 'Limone sul Garda');
insert into city(region_id, name) values (657, 'Lonato');
insert into city(region_id, name) values (657, 'Lumezzane');
insert into city(region_id, name) values (657, 'Manerbio');
insert into city(region_id, name) values (657, 'Moniga del Garda');
insert into city(region_id, name) values (657, 'Montichiari');
insert into city(region_id, name) values (657, 'Orzinuovi');
insert into city(region_id, name) values (657, 'Orzivecchi');
insert into city(region_id, name) values (657, 'Padenghe sul Garda');
insert into city(region_id, name) values (657, 'Palazzolo sull''''Oglio');
insert into city(region_id, name) values (657, 'Piancogno');
insert into city(region_id, name) values (657, 'Ro Volciano');
insert into city(region_id, name) values (657, 'Rovato');
insert into city(region_id, name) values (657, 'Sal');
insert into city(region_id, name) values (657, 'Sarezzo');
insert into city(region_id, name) values (657, 'Sirmione');
insert into city(region_id, name) values (657, 'Toscolano-Maderno');
insert into city(region_id, name) values (794, 'Kunming');
insert into city(region_id, name) values (794, 'Yiwu');
insert into city(region_id, name) values (875, 'Drugovo');
insert into city(region_id, name) values (898, '''''Emieri');
insert into city(region_id, name) values (898, '''''Attard');
insert into city(region_id, name) values (898, 'al Balzan');
insert into city(region_id, name) values (898, 'B''''Kara');
insert into city(region_id, name) values (898, 'Balzan');
insert into city(region_id, name) values (898, 'Bighi');
insert into city(region_id, name) values (898, 'Birzebbuga');
insert into city(region_id, name) values (898, 'Biskra');
insert into city(region_id, name) values (898, 'Bugibba');
insert into city(region_id, name) values (898, 'Casal Paolo');
insert into city(region_id, name) values (898, 'Cospicua');
insert into city(region_id, name) values (898, 'Delimara');
insert into city(region_id, name) values (898, 'Gzira');
insert into city(region_id, name) values (898, 'Hal Baijada');
insert into city(region_id, name) values (898, 'Il-Hamrun');
insert into city(region_id, name) values (898, 'Is-Swieqi');
insert into city(region_id, name) values (898, 'Isla');
insert into city(region_id, name) values (898, 'La Valette');
insert into city(region_id, name) values (898, 'Madliena');
insert into city(region_id, name) values (898, 'Marsa');
insert into city(region_id, name) values (898, 'Marsalforn');
insert into city(region_id, name) values (898, 'Marsaskala');
insert into city(region_id, name) values (898, 'Marsaxlokk');
insert into city(region_id, name) values (898, 'Melita');
insert into city(region_id, name) values (898, 'Melliea');
insert into city(region_id, name) values (898, 'Mosta');
insert into city(region_id, name) values (898, 'Msida');
insert into city(region_id, name) values (898, 'Paola');
insert into city(region_id, name) values (898, 'Piet');
insert into city(region_id, name) values (898, 'Qormi');
insert into city(region_id, name) values (898, 'Saint Julian');
insert into city(region_id, name) values (898, 'Saint Julian''''s');
insert into city(region_id, name) values (898, 'Saint Paul''''s Bay');
insert into city(region_id, name) values (898, 'San Giljan');
insert into city(region_id, name) values (898, 'San Gwann');
insert into city(region_id, name) values (898, 'Santa Lucia');
insert into city(region_id, name) values (898, 'Sliema');
insert into city(region_id, name) values (898, 'Valetta');
insert into city(region_id, name) values (898, 'Valletta');
insert into city(region_id, name) values (898, 'Victoria');
insert into region(id, country_id, name) values (899, 118, 'For-de-Frans');
insert into city(region_id, name) values (607, 'San rafael');
insert into city(region_id, name) values (607, 'Segovia');
insert into city(region_id, name) values (607, 'Sepulveda');
insert into city(region_id, name) values (658, 'Casnate con Bernate');
insert into city(region_id, name) values (658, 'Como');
insert into city(region_id, name) values (658, 'Consiglio di Rumo');
insert into city(region_id, name) values (658, 'Lomazzo');
insert into city(region_id, name) values (658, 'Magreglio');
insert into city(region_id, name) values (658, 'Nesso');
insert into city(region_id, name) values (795, 'Daitou');
insert into city(region_id, name) values (795, 'Daniwan');
insert into city(region_id, name) values (795, 'Hangzhou');
insert into city(region_id, name) values (795, 'Jinhua');
insert into city(region_id, name) values (795, 'Lanxi');
insert into city(region_id, name) values (795, 'Ningbo');
insert into city(region_id, name) values (795, 'Ningpo');
insert into city(region_id, name) values (795, 'Shangyu');
insert into city(region_id, name) values (795, 'Shaoxing');
insert into city(region_id, name) values (795, 'Shenze');
insert into city(region_id, name) values (795, 'Shenzhen');
insert into city(region_id, name) values (795, 'Wenzhou');
insert into city(region_id, name) values (795, 'Xiangshan');
insert into city(region_id, name) values (795, 'Yiwu');
insert into city(region_id, name) values (795, 'Yongkang');
insert into city(region_id, name) values (795, 'Zhoushan');
insert into city(region_id, name) values (876, 'Gevegeli');
insert into city(region_id, name) values (876, 'Gevgelia');
insert into city(region_id, name) values (899, 'For-de-Frans');
insert into region(id, country_id, name) values (900, 119, 'Aguascalientes');
insert into region(id, country_id, name) values (901, 119, 'Baja California');
insert into region(id, country_id, name) values (902, 119, 'Baja California Sur');
insert into region(id, country_id, name) values (903, 119, 'Campeche');
insert into region(id, country_id, name) values (904, 119, 'Chiapas');
insert into region(id, country_id, name) values (905, 119, 'Chihuahua');
insert into region(id, country_id, name) values (906, 119, 'Coahuila de Zaragoza');
insert into region(id, country_id, name) values (907, 119, 'Colima');
insert into region(id, country_id, name) values (908, 119, 'Distrito Federal');
insert into region(id, country_id, name) values (909, 119, 'Durango');
insert into region(id, country_id, name) values (910, 119, 'Guanajuato');
insert into region(id, country_id, name) values (911, 119, 'Guerrero');
insert into region(id, country_id, name) values (912, 119, 'Hidalgo');
insert into region(id, country_id, name) values (913, 119, 'Jalisco');
insert into region(id, country_id, name) values (914, 119, 'Mxico');
insert into region(id, country_id, name) values (915, 119, 'Michoacn de Ocampo');
insert into region(id, country_id, name) values (916, 119, 'Morelos');
insert into region(id, country_id, name) values (917, 119, 'Nayarit');
insert into region(id, country_id, name) values (918, 119, 'None');
insert into region(id, country_id, name) values (919, 119, 'Nuevo Len');
insert into region(id, country_id, name) values (920, 119, 'Oaxaca');
insert into region(id, country_id, name) values (921, 119, 'Puebla');
insert into region(id, country_id, name) values (922, 119, 'Quertaro de Arteaga');
insert into region(id, country_id, name) values (923, 119, 'Quintana Roo');
insert into region(id, country_id, name) values (924, 119, 'San Luis Potos');
insert into region(id, country_id, name) values (925, 119, 'Sinaloa');
insert into region(id, country_id, name) values (926, 119, 'Sonora');
insert into region(id, country_id, name) values (927, 119, 'Tabasco');
insert into region(id, country_id, name) values (928, 119, 'Tamaulipas');
insert into region(id, country_id, name) values (929, 119, 'Tlaxcala');
insert into region(id, country_id, name) values (930, 119, 'Veracruz-Llave');
insert into region(id, country_id, name) values (931, 119, 'Yucatn');
insert into city(region_id, name) values (608, 'Alcal de Guadara');
insert into city(region_id, name) values (608, 'Bellavista');
insert into city(region_id, name) values (608, 'Brenes');
insert into city(region_id, name) values (608, 'Castilleja de la Cuesta');
insert into city(region_id, name) values (608, 'Dos Hermanas');
insert into city(region_id, name) values (608, 'Marchena');
insert into city(region_id, name) values (608, 'Palmar de troya');
insert into city(region_id, name) values (608, 'Peroamigo');
insert into city(region_id, name) values (608, 'Sevilla');
insert into city(region_id, name) values (659, 'Casalmaggiore');
insert into city(region_id, name) values (659, 'Crema');
insert into city(region_id, name) values (659, 'Cremona');
insert into city(region_id, name) values (877, 'Gostivar');
insert into city(region_id, name) values (900, 'Adolfo Lpez Mateos');
insert into city(region_id, name) values (900, 'Aguascalientes');
insert into region(id, country_id, name) values (932, 120, 'Mozambik');
insert into city(region_id, name) values (609, 'Soria');
insert into city(region_id, name) values (660, 'Calolziocorte');
insert into city(region_id, name) values (660, 'Lecco');
insert into city(region_id, name) values (660, 'Valmadrera');
insert into city(region_id, name) values (878, 'Karpos');
insert into city(region_id, name) values (878, 'Karpos Dva');
insert into city(region_id, name) values (901, 'Acapulco');
insert into city(region_id, name) values (901, 'Ensenada');
insert into city(region_id, name) values (901, 'Mexicali');
insert into city(region_id, name) values (901, 'Tijuana');
insert into city(region_id, name) values (932, 'Beira');
insert into city(region_id, name) values (932, 'Maputo');
insert into city(region_id, name) values (932, 'Nampula');
insert into city(region_id, name) values (932, 'Pemba');
insert into region(id, country_id, name) values (933, 121, 'Moldova');
insert into city(region_id, name) values (610, 'Alcanar');
insert into city(region_id, name) values (610, 'Amposta');
insert into city(region_id, name) values (610, 'Calafell');
insert into city(region_id, name) values (610, 'Cambrils');
insert into city(region_id, name) values (610, 'El Perell');
insert into city(region_id, name) values (610, 'El Vendrell');
insert into city(region_id, name) values (610, 'Jesus i maria');
insert into city(region_id, name) values (610, 'L''''Aldea');
insert into city(region_id, name) values (610, 'L''''Ametlla de Mar');
insert into city(region_id, name) values (610, 'L''''Ampolla');
insert into city(region_id, name) values (610, 'Les Cases d''''Alcanar');
insert into city(region_id, name) values (610, 'Montblanc');
insert into city(region_id, name) values (610, 'Pobla de montornes la');
insert into city(region_id, name) values (610, 'Reus');
insert into city(region_id, name) values (610, 'Riba-roja d''''Ebre');
insert into city(region_id, name) values (610, 'Roquetes');
insert into city(region_id, name) values (610, 'Salou');
insert into city(region_id, name) values (610, 'Sant Carles de la Rpita');
insert into city(region_id, name) values (610, 'Tarragona');
insert into city(region_id, name) values (610, 'Tivissa');
insert into city(region_id, name) values (610, 'Torredembarra');
insert into city(region_id, name) values (610, 'Torreforta');
insert into city(region_id, name) values (610, 'Tortosa');
insert into city(region_id, name) values (610, 'Ulldecona');
insert into city(region_id, name) values (610, 'Valls');
insert into city(region_id, name) values (610, 'Vilaseca');
insert into city(region_id, name) values (661, 'Castiraga Vidardo');
insert into city(region_id, name) values (661, 'Graffignana');
insert into city(region_id, name) values (661, 'Lodi');
insert into city(region_id, name) values (879, 'Kavadarci');
insert into city(region_id, name) values (902, 'La Paz');
insert into city(region_id, name) values (902, 'Loreto');
insert into city(region_id, name) values (933, 'Ataki');
insert into city(region_id, name) values (933, 'Belcy');
insert into city(region_id, name) values (933, 'Bendery');
insert into city(region_id, name) values (933, 'Bessarabka');
insert into city(region_id, name) values (933, 'Biruinca');
insert into city(region_id, name) values (933, 'Brichany');
insert into city(region_id, name) values (933, 'Bykovec');
insert into city(region_id, name) values (933, 'Vadul-lui-Vode');
insert into city(region_id, name) values (933, 'Vatra');
insert into city(region_id, name) values (933, 'Vishnevka');
insert into city(region_id, name) values (933, 'Vulkaneshty');
insert into city(region_id, name) values (933, 'Glodyany');
insert into city(region_id, name) values (933, 'Grigoriopol');
insert into city(region_id, name) values (933, 'Dnestrovsk');
insert into city(region_id, name) values (933, 'Dondyushany');
insert into city(region_id, name) values (933, 'Drokiya');
insert into city(region_id, name) values (933, 'Dubossary');
insert into city(region_id, name) values (933, 'Durleshty');
insert into city(region_id, name) values (933, 'Edincy');
insert into city(region_id, name) values (933, 'Kagul');
insert into city(region_id, name) values (933, 'Kainary');
insert into city(region_id, name) values (933, 'Kalarash');
insert into city(region_id, name) values (933, 'Kamenka');
insert into city(region_id, name) values (933, 'Kantemir');
insert into city(region_id, name) values (933, 'Kaushany');
insert into city(region_id, name) values (933, 'Kishinev');
insert into city(region_id, name) values (933, 'Kodru');
insert into city(region_id, name) values (933, 'Komrat');
insert into city(region_id, name) values (933, 'Korneshty');
insert into city(region_id, name) values (933, 'Kosteshty');
insert into city(region_id, name) values (933, 'Krasnoe');
insert into city(region_id, name) values (933, 'Krikovo');
insert into city(region_id, name) values (933, 'Kriulyany');
insert into city(region_id, name) values (933, 'Kupchin');
insert into city(region_id, name) values (933, 'Leovo');
insert into city(region_id, name) values (933, 'Lipkany');
insert into city(region_id, name) values (933, 'Mayak');
insert into city(region_id, name) values (933, 'Nisporeny');
insert into city(region_id, name) values (933, 'Novye Aneny');
insert into city(region_id, name) values (933, 'Oknica');
insert into city(region_id, name) values (933, 'Orgeev');
insert into city(region_id, name) values (933, 'Rezina');
insert into city(region_id, name) values (933, 'Rybnica');
insert into city(region_id, name) values (933, 'Ryshkany');
insert into city(region_id, name) values (933, 'Slobodzeya');
insert into city(region_id, name) values (933, 'Soroki');
insert into city(region_id, name) values (933, 'Strasheny');
insert into city(region_id, name) values (933, 'Synjera');
insert into city(region_id, name) values (933, 'Tarakliya');
insert into city(region_id, name) values (933, 'Teleneshty');
insert into city(region_id, name) values (933, 'Tiraspol');
insert into city(region_id, name) values (933, 'Ungeny');
insert into city(region_id, name) values (933, 'Faleshty');
insert into city(region_id, name) values (933, 'Floreshty');
insert into city(region_id, name) values (933, 'Hyncheshty');
insert into city(region_id, name) values (933, 'CHadyr-Lunga');
insert into city(region_id, name) values (933, 'CHimishliya');
insert into city(region_id, name) values (933, 'SHoldaneshty');
insert into city(region_id, name) values (933, 'SHtefan-Vode');
insert into city(region_id, name) values (933, 'YAloveny');
insert into city(region_id, name) values (933, 'YArgara');
insert into region(id, country_id, name) values (934, 122, 'Monaco');
insert into city(region_id, name) values (611, 'Alba');
insert into city(region_id, name) values (611, 'Alcaiz');
insert into city(region_id, name) values (611, 'Teruel');
insert into city(region_id, name) values (662, 'Asola');
insert into city(region_id, name) values (662, 'Borgoforte');
insert into city(region_id, name) values (662, 'Canneto sull''''Oglio');
insert into city(region_id, name) values (662, 'Castiglione delle Stiviere');
insert into city(region_id, name) values (662, 'Goito');
insert into city(region_id, name) values (662, 'Mantova');
insert into city(region_id, name) values (662, 'Marmirolo');
insert into city(region_id, name) values (662, 'Poggio Rusco');
insert into city(region_id, name) values (662, 'Quistello');
insert into city(region_id, name) values (880, 'Kisela Voda');
insert into city(region_id, name) values (903, 'Campeche');
insert into city(region_id, name) values (903, 'Carmen');
insert into city(region_id, name) values (903, 'Escrcega');
insert into city(region_id, name) values (934, 'Condamine');
insert into city(region_id, name) values (934, 'Fontvieille');
insert into city(region_id, name) values (934, 'La Condamine');
insert into city(region_id, name) values (934, 'Monaco');
insert into city(region_id, name) values (934, 'Monaco-Ville');
insert into city(region_id, name) values (934, 'Moneghetti');
insert into city(region_id, name) values (934, 'Monte-Carlo');
insert into region(id, country_id, name) values (935, 123, 'Ulan-Bator');
insert into city(region_id, name) values (612, 'Alcaudete de la jara');
insert into city(region_id, name) values (612, 'Chozas de canales');
insert into city(region_id, name) values (612, 'Cobeja');
insert into city(region_id, name) values (612, 'Tembleque');
insert into city(region_id, name) values (612, 'Toledo');
insert into city(region_id, name) values (612, 'Urda');
insert into city(region_id, name) values (663, 'Arcore');
insert into city(region_id, name) values (663, 'Arese');
insert into city(region_id, name) values (663, 'Assago');
insert into city(region_id, name) values (663, 'Bareggio');
insert into city(region_id, name) values (663, 'Biassono');
insert into city(region_id, name) values (663, 'Bresso');
insert into city(region_id, name) values (663, 'Briosco');
insert into city(region_id, name) values (663, 'Cesano Maderno');
insert into city(region_id, name) values (663, 'Cinisello Balsamo');
insert into city(region_id, name) values (663, 'Cologno Monzese');
insert into city(region_id, name) values (663, 'Corbetta');
insert into city(region_id, name) values (663, 'Corsico');
insert into city(region_id, name) values (663, 'Cusano Milanino');
insert into city(region_id, name) values (663, 'Desio');
insert into city(region_id, name) values (663, 'Lainate');
insert into city(region_id, name) values (663, 'Legnano');
insert into city(region_id, name) values (663, 'Lissone');
insert into city(region_id, name) values (663, 'Locate di Triulzi');
insert into city(region_id, name) values (663, 'Macherio');
insert into city(region_id, name) values (663, 'Melzo');
insert into city(region_id, name) values (663, 'Milano');
insert into city(region_id, name) values (663, 'Monza');
insert into city(region_id, name) values (663, 'Parabiago');
insert into city(region_id, name) values (663, 'Paullo');
insert into city(region_id, name) values (663, 'Pero');
insert into city(region_id, name) values (663, 'Pessano con Bornago');
insert into city(region_id, name) values (663, 'Pioltello');
insert into city(region_id, name) values (663, 'Pregnana Milanese');
insert into city(region_id, name) values (663, 'Rho');
insert into city(region_id, name) values (663, 'San Donato Milanese');
insert into city(region_id, name) values (663, 'San Giuliano Milanese');
insert into city(region_id, name) values (663, 'Sesto San Giovanni');
insert into city(region_id, name) values (663, 'Verano Brianza');
insert into city(region_id, name) values (663, 'Vizzolo Predabissi');
insert into city(region_id, name) values (881, 'Kumanovo');
insert into city(region_id, name) values (904, 'Al Fin');
insert into city(region_id, name) values (904, 'Comitan');
insert into city(region_id, name) values (904, 'Comitn de Domnguez');
insert into city(region_id, name) values (904, 'Jiquipilas');
insert into city(region_id, name) values (904, 'Tuxtla Gutirrez');
insert into city(region_id, name) values (935, 'Sain-SHand');
insert into city(region_id, name) values (935, 'Ulan-Bator');
insert into city(region_id, name) values (935, 'Erdenet');
insert into region(id, country_id, name) values (936, 124, 'Marokko');
insert into region(id, country_id, name) values (937, 124, 'Tanjer');
insert into city(region_id, name) values (613, 'Alaqus');
insert into city(region_id, name) values (613, 'Albaida');
insert into city(region_id, name) values (613, 'Alboraya');
insert into city(region_id, name) values (613, 'Alcsser');
insert into city(region_id, name) values (613, 'Algemes');
insert into city(region_id, name) values (613, 'Alginet');
insert into city(region_id, name) values (613, 'Alzira');
insert into city(region_id, name) values (613, 'Anna');
insert into city(region_id, name) values (613, 'Canals');
insert into city(region_id, name) values (613, 'Casas del rio');
insert into city(region_id, name) values (613, 'Catarroja');
insert into city(region_id, name) values (613, 'Cullera');
insert into city(region_id, name) values (613, 'Gandia');
insert into city(region_id, name) values (613, 'Guardamar');
insert into city(region_id, name) values (613, 'L''''Eliana');
insert into city(region_id, name) values (613, 'Mislata');
insert into city(region_id, name) values (613, 'Moncada');
insert into city(region_id, name) values (613, 'Ontinyent');
insert into city(region_id, name) values (613, 'Poliny de Xquer');
insert into city(region_id, name) values (613, 'Puol');
insert into city(region_id, name) values (613, 'Sagunto');
insert into city(region_id, name) values (613, 'Sueca');
insert into city(region_id, name) values (613, 'Tavernes de la Valldigna');
insert into city(region_id, name) values (613, 'Torrebaja');
insert into city(region_id, name) values (613, 'Torrent');
insert into city(region_id, name) values (613, 'Valencia');
insert into city(region_id, name) values (613, 'Xtiva');
insert into city(region_id, name) values (664, 'Alagna');
insert into city(region_id, name) values (664, 'Certosa di Pavia');
insert into city(region_id, name) values (664, 'Dorno');
insert into city(region_id, name) values (664, 'Garlasco');
insert into city(region_id, name) values (664, 'Mortara');
insert into city(region_id, name) values (664, 'Pavia');
insert into city(region_id, name) values (664, 'Pietra de'''' Giorgi');
insert into city(region_id, name) values (664, 'Portalbera');
insert into city(region_id, name) values (664, 'San Martino Siccomario');
insert into city(region_id, name) values (664, 'Trivolzio');
insert into city(region_id, name) values (664, 'Voghera');
insert into city(region_id, name) values (882, 'Makedonska Kamenica');
insert into city(region_id, name) values (905, 'Chihuahua');
insert into city(region_id, name) values (905, 'Delicias');
insert into city(region_id, name) values (905, 'Jurez');
insert into city(region_id, name) values (936, 'Morokko');
insert into region(id, country_id, name) values (938, 125, 'Myanma (Birma)');
insert into city(region_id, name) values (614, 'Laguna de Duero');
insert into city(region_id, name) values (614, 'Medina del Campo');
insert into city(region_id, name) values (614, 'Olmedo');
insert into city(region_id, name) values (614, 'Santa eufemia del arroyo');
insert into city(region_id, name) values (614, 'Valladolid');
insert into city(region_id, name) values (614, 'Wamba');
insert into city(region_id, name) values (665, 'Morbegno');
insert into city(region_id, name) values (665, 'Sondrio');
insert into city(region_id, name) values (883, 'Negotino');
insert into city(region_id, name) values (906, 'Allende');
insert into city(region_id, name) values (906, 'Monclova');
insert into city(region_id, name) values (906, 'Saltillo');
insert into city(region_id, name) values (906, 'Torren');
insert into city(region_id, name) values (937, 'Tanjer');
insert into city(region_id, name) values (938, 'Michina');
insert into city(region_id, name) values (938, 'YAngon');
insert into region(id, country_id, name) values (939, 126, 'Ostrov Men');
insert into city(region_id, name) values (615, 'Amorebieta-Etxano');
insert into city(region_id, name) values (615, 'Arenas las');
insert into city(region_id, name) values (615, 'Barakaldo');
insert into city(region_id, name) values (615, 'Basauri');
insert into city(region_id, name) values (615, 'Bilbao');
insert into city(region_id, name) values (615, 'Durango');
insert into city(region_id, name) values (615, 'Ermua');
insert into city(region_id, name) values (615, 'Gernika-Lumo');
insert into city(region_id, name) values (615, 'Markina-Xemein');
insert into city(region_id, name) values (615, 'Portugalete');
insert into city(region_id, name) values (615, 'Santurtzi');
insert into city(region_id, name) values (615, 'Sopelana');
insert into city(region_id, name) values (666, 'Brissago-Valtravaglia');
insert into city(region_id, name) values (666, 'Brusimpiano');
insert into city(region_id, name) values (666, 'Busto Arsizio');
insert into city(region_id, name) values (666, 'Cislago');
insert into city(region_id, name) values (666, 'Gallarate');
insert into city(region_id, name) values (666, 'Lavena Ponte Tresa');
insert into city(region_id, name) values (666, 'Saronno');
insert into city(region_id, name) values (666, 'Varese');
insert into city(region_id, name) values (666, 'Vedano Olona');
insert into city(region_id, name) values (884, 'Ohrid');
insert into city(region_id, name) values (907, 'Acatitn');
insert into city(region_id, name) values (907, 'Amoles');
insert into city(region_id, name) values (907, 'Armera');
insert into city(region_id, name) values (907, 'Colima');
insert into city(region_id, name) values (907, 'Manzanillo');
insert into city(region_id, name) values (939, 'Duglas');
insert into city(region_id, name) values (939, 'Kasltaun');
insert into city(region_id, name) values (939, 'Pil');
insert into city(region_id, name) values (939, 'Port-Sent-Meri');
insert into city(region_id, name) values (939, 'Port-Erin');
insert into city(region_id, name) values (939, 'Ramsi');
insert into region(id, country_id, name) values (940, 127, 'Namibiya');
insert into city(region_id, name) values (616, 'Zamora');
insert into city(region_id, name) values (667, 'Ancona');
insert into city(region_id, name) values (667, 'Castelfidardo');
insert into city(region_id, name) values (667, 'Fabriano');
insert into city(region_id, name) values (667, 'Jesi');
insert into city(region_id, name) values (667, 'Loreto');
insert into city(region_id, name) values (667, 'Monte Roberto');
insert into city(region_id, name) values (667, 'Monterado');
insert into city(region_id, name) values (667, 'Osimo');
insert into city(region_id, name) values (667, 'Ostra');
insert into city(region_id, name) values (667, 'Senigallia');
insert into city(region_id, name) values (885, 'Prilep');
insert into city(region_id, name) values (908, 'Ajusco');
insert into city(region_id, name) values (908, 'Alvaro Obregn');
insert into city(region_id, name) values (908, 'Azcapotzalco');
insert into city(region_id, name) values (908, 'Benito Juarez');
insert into city(region_id, name) values (908, 'Cerro Prieto');
insert into city(region_id, name) values (908, 'Ciudad de Mxico');
insert into city(region_id, name) values (908, 'Colonia Ramos Milln');
insert into city(region_id, name) values (908, 'Coyoacn');
insert into city(region_id, name) values (908, 'Cuauhtmoc');
insert into city(region_id, name) values (908, 'Iztapalapa');
insert into city(region_id, name) values (908, 'Lomas de Chapultepec');
insert into city(region_id, name) values (908, 'Mxico Distrito Federal');
insert into city(region_id, name) values (908, 'Polanco');
insert into city(region_id, name) values (908, 'San Andrs Totoltepec');
insert into city(region_id, name) values (908, 'San Angel');
insert into city(region_id, name) values (908, 'San Bartolo Atepehuacn');
insert into city(region_id, name) values (908, 'San Pedro');
insert into city(region_id, name) values (908, 'Tlalpan');
insert into city(region_id, name) values (908, 'Zona Urbana');
insert into city(region_id, name) values (940, 'Vinduk');
insert into city(region_id, name) values (940, 'Lyuderic');
insert into city(region_id, name) values (940, 'Uolfish-Bei');
insert into region(id, country_id, name) values (941, 128, 'Nauru');
insert into city(region_id, name) values (617, 'Abanto');
insert into city(region_id, name) values (617, 'Alagn');
insert into city(region_id, name) values (617, 'Alera');
insert into city(region_id, name) values (617, 'Alfamn');
insert into city(region_id, name) values (617, 'Calatayud');
insert into city(region_id, name) values (617, 'Ejea de los Caballeros');
insert into city(region_id, name) values (617, 'El Burgo de Ebro');
insert into city(region_id, name) values (617, 'Figueruelas');
insert into city(region_id, name) values (617, 'Pedrola (1)');
insert into city(region_id, name) values (617, 'San Mateo de Gllego');
insert into city(region_id, name) values (617, 'Tarazona');
insert into city(region_id, name) values (617, 'Zaragoza');
insert into city(region_id, name) values (668, 'Ascoli Piceno');
insert into city(region_id, name) values (668, 'Falerone');
insert into city(region_id, name) values (668, 'Fermo');
insert into city(region_id, name) values (668, 'Montappone');
insert into city(region_id, name) values (668, 'Pedaso');
insert into city(region_id, name) values (668, 'Porto San Giorgio');
insert into city(region_id, name) values (668, 'Porto Sant''''Elpidio');
insert into city(region_id, name) values (668, 'San Benedetto del Tronto');
insert into city(region_id, name) values (668, 'Sant''''Elpidio a Mare');
insert into city(region_id, name) values (886, 'Radovis');
insert into city(region_id, name) values (909, 'Aedo');
insert into city(region_id, name) values (909, 'Antonio');
insert into city(region_id, name) values (909, 'Durango');
insert into city(region_id, name) values (909, 'Gmez Palacio');
insert into city(region_id, name) values (941, 'Bairiki');
insert into city(region_id, name) values (941, 'Madjuro');
insert into city(region_id, name) values (941, 'YAren');
insert into region(id, country_id, name) values (942, 129, 'Nepal');
insert into city(region_id, name) values (669, 'Castelraimondo');
insert into city(region_id, name) values (669, 'Civitanova Marche');
insert into city(region_id, name) values (669, 'Macerata');
insert into city(region_id, name) values (669, 'Montecosaro');
insert into city(region_id, name) values (669, 'Petriolo');
insert into city(region_id, name) values (669, 'San Severino Marche');
insert into city(region_id, name) values (887, 'Saraj');
insert into city(region_id, name) values (910, 'Abasolo');
insert into city(region_id, name) values (910, 'Acatlan');
insert into city(region_id, name) values (910, 'Charapuato');
insert into city(region_id, name) values (910, 'Guanajuato');
insert into city(region_id, name) values (910, 'Irapuato');
insert into city(region_id, name) values (910, 'Len');
insert into city(region_id, name) values (910, 'Len de los Aldamas');
insert into city(region_id, name) values (910, 'Ocampo');
insert into city(region_id, name) values (910, 'Salamanca');
insert into city(region_id, name) values (910, 'San Miguel Allende');
insert into city(region_id, name) values (942, 'Katmandu');
insert into region(id, country_id, name) values (943, 130, 'Niger');
insert into city(region_id, name) values (670, 'Fano');
insert into city(region_id, name) values (670, 'Fermignano');
insert into city(region_id, name) values (670, 'Pesaro');
insert into city(region_id, name) values (670, 'Tavoleto');
insert into city(region_id, name) values (670, 'Urbino');
insert into city(region_id, name) values (888, 'Dojran');
insert into city(region_id, name) values (911, 'Acapulco');
insert into city(region_id, name) values (911, 'Chilpancingo de los Bravos');
insert into city(region_id, name) values (911, 'Zihuatanejo');
insert into city(region_id, name) values (943, 'Agades');
insert into city(region_id, name) values (943, 'Bilma');
insert into city(region_id, name) values (943, 'Djado');
insert into city(region_id, name) values (943, 'Zinder');
insert into city(region_id, name) values (943, 'Niamei');
insert into region(id, country_id, name) values (944, 131, 'Nigeriya');
insert into city(region_id, name) values (671, 'Campobasso');
insert into city(region_id, name) values (671, 'Riccia');
insert into city(region_id, name) values (671, 'San Massimo');
insert into city(region_id, name) values (671, 'Termoli');
insert into city(region_id, name) values (889, 'Struga');
insert into city(region_id, name) values (912, 'Actopan');
insert into city(region_id, name) values (912, 'Mixquiahuala');
insert into city(region_id, name) values (912, 'Molango');
insert into city(region_id, name) values (912, 'Pachuca');
insert into city(region_id, name) values (912, 'Pachuca de Soto');
insert into city(region_id, name) values (912, 'Santiago Tulantepec');
insert into city(region_id, name) values (912, 'Zimapn');
insert into city(region_id, name) values (944, 'Abudja');
insert into city(region_id, name) values (944, 'Lagos');
insert into region(id, country_id, name) values (945, 132, 'Drenthe');
insert into region(id, country_id, name) values (946, 132, 'Flevoland');
insert into region(id, country_id, name) values (947, 132, 'Friesland');
insert into region(id, country_id, name) values (948, 132, 'Gelderland');
insert into region(id, country_id, name) values (949, 132, 'Groningen');
insert into region(id, country_id, name) values (950, 132, 'Limburg');
insert into region(id, country_id, name) values (951, 132, 'Noord-Brabant');
insert into region(id, country_id, name) values (952, 132, 'Noord-Holland');
insert into region(id, country_id, name) values (953, 132, 'Overijssel');
insert into region(id, country_id, name) values (954, 132, 'Utrecht');
insert into region(id, country_id, name) values (955, 132, 'Zeeland');
insert into region(id, country_id, name) values (956, 132, 'Zuid-Holland');
insert into city(region_id, name) values (672, 'Civitanova del Sannio');
insert into city(region_id, name) values (672, 'Isernia');
insert into city(region_id, name) values (890, 'Strumica');
insert into city(region_id, name) values (913, 'Ameca');
insert into city(region_id, name) values (913, 'Guadalajara');
insert into city(region_id, name) values (913, 'Puerto Vallarta');
insert into city(region_id, name) values (913, 'Tamazula de Gordiano');
insert into city(region_id, name) values (913, 'Zapotlanejo');
insert into city(region_id, name) values (945, '''''t Haantje');
insert into city(region_id, name) values (945, '''''t Noorden');
insert into city(region_id, name) values (945, 'Aalden');
insert into city(region_id, name) values (945, 'Amen');
insert into city(region_id, name) values (945, 'Amerika');
insert into city(region_id, name) values (945, 'Amsterdamsche Veld I');
insert into city(region_id, name) values (945, 'Amsterdamscheveld');
insert into city(region_id, name) values (945, 'Amsterdamseveld');
insert into city(region_id, name) values (945, 'Angelslo');
insert into city(region_id, name) values (945, 'Anlo');
insert into city(region_id, name) values (945, 'Anreep');
insert into city(region_id, name) values (945, 'Armweide');
insert into city(region_id, name) values (945, 'Assen');
insert into city(region_id, name) values (945, 'Beilen');
insert into city(region_id, name) values (945, 'Bonnen');
insert into city(region_id, name) values (945, 'Coevorden');
insert into city(region_id, name) values (945, 'Emmen');
insert into city(region_id, name) values (945, 'Hoogeveen');
insert into city(region_id, name) values (945, 'Meppel');
insert into city(region_id, name) values (945, 'Roden');
insert into city(region_id, name) values (945, 'Zwinderen');
insert into region(id, country_id, name) values (957, 133, 'Granada');
insert into region(id, country_id, name) values (958, 133, 'Len');
insert into region(id, country_id, name) values (959, 133, 'Managua');
insert into region(id, country_id, name) values (960, 133, 'Rio San Juan');
insert into city(region_id, name) values (673, 'Acqui Terme');
insert into city(region_id, name) values (673, 'Alessandria');
insert into city(region_id, name) values (673, 'Balzola');
insert into city(region_id, name) values (673, 'Novi Ligure');
insert into city(region_id, name) values (673, 'Strevi');
insert into city(region_id, name) values (673, 'Tortona');
insert into city(region_id, name) values (891, 'Sveti Nikole');
insert into city(region_id, name) values (914, 'Acahualco');
insert into city(region_id, name) values (914, 'Acatln');
insert into city(region_id, name) values (914, 'Acaxuchitlan');
insert into city(region_id, name) values (914, 'Acazulco');
insert into city(region_id, name) values (914, 'Acozac');
insert into city(region_id, name) values (914, 'Aculco');
insert into city(region_id, name) values (914, 'Altavista');
insert into city(region_id, name) values (914, 'Benitez');
insert into city(region_id, name) values (914, 'Ecatepec');
insert into city(region_id, name) values (914, 'El Grande');
insert into city(region_id, name) values (914, 'El Tecun');
insert into city(region_id, name) values (914, 'Guadalupe');
insert into city(region_id, name) values (914, 'Ixtapaluca');
insert into city(region_id, name) values (914, 'Maxtleca');
insert into city(region_id, name) values (914, 'Mxico');
insert into city(region_id, name) values (914, 'Minita Cedro');
insert into city(region_id, name) values (914, 'Naucalpan de Jurez');
insert into city(region_id, name) values (914, 'Netzahualcyotl');
insert into city(region_id, name) values (914, 'Santa Clara');
insert into city(region_id, name) values (914, 'Toluca');
insert into city(region_id, name) values (914, 'Xico');
insert into city(region_id, name) values (946, 'Almere-Buiten');
insert into city(region_id, name) values (946, 'Almere-Haven');
insert into city(region_id, name) values (946, 'Almere-Stad');
insert into city(region_id, name) values (946, 'Bant');
insert into city(region_id, name) values (946, 'Dronten');
insert into city(region_id, name) values (946, 'Emmeloord');
insert into city(region_id, name) values (946, 'Espel');
insert into city(region_id, name) values (946, 'Haven van Lelystad');
insert into city(region_id, name) values (946, 'Lelystad');
insert into city(region_id, name) values (946, 'Top');
insert into city(region_id, name) values (957, 'Agua Agria');
insert into city(region_id, name) values (957, 'Caa de Castilla');
insert into region(id, country_id, name) values (961, 134, 'Auckland');
insert into region(id, country_id, name) values (962, 134, 'Bay of Plenty');
insert into region(id, country_id, name) values (963, 134, 'Canterbury');
insert into region(id, country_id, name) values (964, 134, 'Gisborne');
insert into region(id, country_id, name) values (965, 134, 'Manawatu-Wanganui');
insert into region(id, country_id, name) values (966, 134, 'Marlborough');
insert into region(id, country_id, name) values (967, 134, 'Nelson');
insert into region(id, country_id, name) values (968, 134, 'Northland');
insert into region(id, country_id, name) values (969, 134, 'Otago');
insert into region(id, country_id, name) values (970, 134, 'Southland');
insert into region(id, country_id, name) values (971, 134, 'Taranaki');
insert into region(id, country_id, name) values (972, 134, 'Tasman');
insert into region(id, country_id, name) values (973, 134, 'Wellington');
insert into region(id, country_id, name) values (974, 134, 'West Coast');
insert into city(region_id, name) values (674, 'Biella');
insert into city(region_id, name) values (674, 'Mosso');
insert into city(region_id, name) values (892, 'Tetov');
insert into city(region_id, name) values (892, 'Tetovo');
insert into city(region_id, name) values (915, 'La Piedad Cabadas');
insert into city(region_id, name) values (915, 'Lzaro Crdenas');
insert into city(region_id, name) values (915, 'Morelia');
insert into city(region_id, name) values (915, 'Uruapan del Progreso');
insert into city(region_id, name) values (947, 'Aalsum');
insert into city(region_id, name) values (947, 'Aalzum');
insert into city(region_id, name) values (947, 'Aasterein');
insert into city(region_id, name) values (947, 'Allingawier');
insert into city(region_id, name) values (947, 'Appelscha');
insert into city(region_id, name) values (947, 'Baard');
insert into city(region_id, name) values (947, 'Bolsward');
insert into city(region_id, name) values (947, 'De Knipe');
insert into city(region_id, name) values (947, 'Dokkum');
insert into city(region_id, name) values (947, 'Drachten');
insert into city(region_id, name) values (947, 'Franeker');
insert into city(region_id, name) values (947, 'Harlingen');
insert into city(region_id, name) values (947, 'Heerenveen');
insert into city(region_id, name) values (947, 'Joure');
insert into city(region_id, name) values (947, 'Kollum');
insert into city(region_id, name) values (947, 'Leeuwarden');
insert into city(region_id, name) values (947, 'Lieuwarden');
insert into city(region_id, name) values (947, 'Midsln Noard');
insert into city(region_id, name) values (947, 'Rijsberkampen');
insert into city(region_id, name) values (947, 'Sneek');
insert into city(region_id, name) values (947, 'Tilburen');
insert into city(region_id, name) values (958, 'Abra Vieja');
insert into city(region_id, name) values (958, 'Valle Las Zapatas');
insert into city(region_id, name) values (961, 'Manukau');
insert into city(region_id, name) values (961, 'Oklend');
insert into region(id, country_id, name) values (975, 135, 'Numea');
insert into city(region_id, name) values (675, 'Alba');
insert into city(region_id, name) values (675, 'Bossolasco');
insert into city(region_id, name) values (675, 'Bra');
insert into city(region_id, name) values (675, 'Cuneo');
insert into city(region_id, name) values (675, 'Fossano');
insert into city(region_id, name) values (675, 'Prazzo');
insert into city(region_id, name) values (675, 'Villanova Mondov');
insert into city(region_id, name) values (893, 'Veles');
insert into city(region_id, name) values (916, 'Amatln');
insert into city(region_id, name) values (916, 'Cuautla');
insert into city(region_id, name) values (916, 'Cuernavaca');
insert into city(region_id, name) values (916, 'Jiutepec');
insert into city(region_id, name) values (948, '''''s-Heerenberg');
insert into city(region_id, name) values (948, '''''t Loo');
insert into city(region_id, name) values (948, 'Aalten');
insert into city(region_id, name) values (948, 'Apeldoorn');
insert into city(region_id, name) values (948, 'Arnheim');
insert into city(region_id, name) values (948, 'Arnhem');
insert into city(region_id, name) values (948, 'Barneveld');
insert into city(region_id, name) values (948, 'Bennekom');
insert into city(region_id, name) values (948, 'Brummen');
insert into city(region_id, name) values (948, 'Didam');
insert into city(region_id, name) values (948, 'Dieren');
insert into city(region_id, name) values (948, 'Dinxperlo');
insert into city(region_id, name) values (948, 'Doetinchem');
insert into city(region_id, name) values (948, 'Ede');
insert into city(region_id, name) values (948, 'Epe');
insert into city(region_id, name) values (948, 'Geldermalsen');
insert into city(region_id, name) values (948, 'Gendringen');
insert into city(region_id, name) values (948, 'Haarlo');
insert into city(region_id, name) values (948, 'Harderwijk');
insert into city(region_id, name) values (948, 'Lochem');
insert into city(region_id, name) values (948, 'Millingen aan de Rijn');
insert into city(region_id, name) values (948, 'Nijkerk');
insert into city(region_id, name) values (948, 'Nijmegen');
insert into city(region_id, name) values (948, 'Nymegen');
insert into city(region_id, name) values (948, 'Otterlo');
insert into city(region_id, name) values (948, 'Rheden');
insert into city(region_id, name) values (948, 'Terwolde');
insert into city(region_id, name) values (948, 'Tiel');
insert into city(region_id, name) values (948, 'Wageningen');
insert into city(region_id, name) values (948, 'Wehl');
insert into city(region_id, name) values (948, 'Wijchen');
insert into city(region_id, name) values (948, 'Winterswijk');
insert into city(region_id, name) values (948, 'Zevenaar');
insert into city(region_id, name) values (948, 'Zutphen');
insert into city(region_id, name) values (948, 'Zwolle');
insert into city(region_id, name) values (959, 'Aduana');
insert into city(region_id, name) values (959, 'Managua');
insert into city(region_id, name) values (962, 'Rotorua');
insert into city(region_id, name) values (962, 'Tauranga');
insert into city(region_id, name) values (975, 'Numea');
insert into region(id, country_id, name) values (976, 136, 'Akershus');
insert into region(id, country_id, name) values (977, 136, 'Aust-Agder');
insert into region(id, country_id, name) values (978, 136, 'Buskerud');
insert into region(id, country_id, name) values (979, 136, 'Finnmark');
insert into region(id, country_id, name) values (980, 136, 'Hedmark');
insert into region(id, country_id, name) values (981, 136, 'Hordaland');
insert into region(id, country_id, name) values (982, 136, 'More og Romsdal');
insert into region(id, country_id, name) values (983, 136, 'None');
insert into region(id, country_id, name) values (984, 136, 'Nord-Trondelag');
insert into region(id, country_id, name) values (985, 136, 'Nordland');
insert into region(id, country_id, name) values (986, 136, 'Oppland');
insert into region(id, country_id, name) values (987, 136, 'Oslo');
insert into region(id, country_id, name) values (988, 136, 'Ostfold');
insert into region(id, country_id, name) values (989, 136, 'Rogaland');
insert into region(id, country_id, name) values (990, 136, 'Sogn og Fjordane');
insert into region(id, country_id, name) values (991, 136, 'Sor-Trondelag');
insert into region(id, country_id, name) values (992, 136, 'Telemark');
insert into region(id, country_id, name) values (993, 136, 'Troms');
insert into region(id, country_id, name) values (994, 136, 'Vest-Agder');
insert into region(id, country_id, name) values (995, 136, 'Vestfold');
insert into city(region_id, name) values (676, 'Arona');
insert into city(region_id, name) values (676, 'Borgomanero');
insert into city(region_id, name) values (676, 'Invorio');
insert into city(region_id, name) values (676, 'Nibbiola');
insert into city(region_id, name) values (676, 'Novara');
insert into city(region_id, name) values (676, 'Oleggio');
insert into city(region_id, name) values (917, 'Tepic');
insert into city(region_id, name) values (949, 'Aalsum');
insert into city(region_id, name) values (949, 'Amsweer');
insert into city(region_id, name) values (949, 'Beerta');
insert into city(region_id, name) values (949, 'Delfzijl');
insert into city(region_id, name) values (949, 'Enum');
insert into city(region_id, name) values (949, 'Groningen');
insert into city(region_id, name) values (949, 'Winschoten');
insert into city(region_id, name) values (960, 'La Fe');
insert into city(region_id, name) values (963, 'Kraistcherch');
insert into city(region_id, name) values (963, 'Timaru');
insert into city(region_id, name) values (976, 'Aamot');
insert into city(region_id, name) values (976, 's');
insert into city(region_id, name) values (976, 'Asker');
insert into city(region_id, name) values (976, 'Brums Verk');
insert into city(region_id, name) values (976, 'Berger');
insert into city(region_id, name) values (976, 'Braate');
insert into city(region_id, name) values (976, 'Dokke');
insert into city(region_id, name) values (976, 'Drbak');
insert into city(region_id, name) values (976, 'Eidsvoll');
insert into city(region_id, name) values (976, 'Eidsvoll Verk');
insert into city(region_id, name) values (976, 'Fagernes');
insert into city(region_id, name) values (976, 'Fetsund');
insert into city(region_id, name) values (976, 'Fosser');
insert into city(region_id, name) values (976, 'Gardermoen');
insert into city(region_id, name) values (976, 'Hvik');
insert into city(region_id, name) values (976, 'Jessheim');
insert into city(region_id, name) values (976, 'Klofta');
insert into city(region_id, name) values (976, 'Lillestrm');
insert into city(region_id, name) values (976, 'Mo');
insert into city(region_id, name) values (976, 'Sandvika');
insert into city(region_id, name) values (976, 'Sandviken');
insert into city(region_id, name) values (976, 'Ski');
insert into city(region_id, name) values (976, 'Son');
insert into city(region_id, name) values (976, 'Stabekk');
insert into city(region_id, name) values (976, 'Strmmen');
insert into city(region_id, name) values (976, 'Vormsund');
insert into region(id, country_id, name) values (996, 137, 'Kingston');
insert into city(region_id, name) values (677, 'Albiano d''''Ivrea');
insert into city(region_id, name) values (677, 'Bollengo');
insert into city(region_id, name) values (677, 'Carmagnola');
insert into city(region_id, name) values (677, 'Castellamonte');
insert into city(region_id, name) values (677, 'Chivasso');
insert into city(region_id, name) values (677, 'Ivrea');
insert into city(region_id, name) values (677, 'La Loggia');
insert into city(region_id, name) values (677, 'Macello');
insert into city(region_id, name) values (677, 'Pianezza');
insert into city(region_id, name) values (677, 'Pinerolo');
insert into city(region_id, name) values (677, 'Rivalta di Torino');
insert into city(region_id, name) values (677, 'Settimo Torinese');
insert into city(region_id, name) values (677, 'Torino');
insert into city(region_id, name) values (918, 'Ro Verde');
insert into city(region_id, name) values (950, 'Aan de School');
insert into city(region_id, name) values (950, 'Aasterberg');
insert into city(region_id, name) values (950, 'Afhang');
insert into city(region_id, name) values (950, 'Amstenrade');
insert into city(region_id, name) values (950, 'Baexem');
insert into city(region_id, name) values (950, 'Beesel');
insert into city(region_id, name) values (950, 'Broekhoven');
insert into city(region_id, name) values (950, 'Echt');
insert into city(region_id, name) values (950, 'Eisden');
insert into city(region_id, name) values (950, 'Geleen');
insert into city(region_id, name) values (950, 'Haag');
insert into city(region_id, name) values (950, 'Heerlen');
insert into city(region_id, name) values (950, 'Hees');
insert into city(region_id, name) values (950, 'Heythuysen');
insert into city(region_id, name) values (950, 'Kelmond');
insert into city(region_id, name) values (950, 'Kerkrade');
insert into city(region_id, name) values (950, 'Limbricht');
insert into city(region_id, name) values (950, 'Maasbracht');
insert into city(region_id, name) values (950, 'Maastricht');
insert into city(region_id, name) values (950, 'Maestricht');
insert into city(region_id, name) values (950, 'Roermond');
insert into city(region_id, name) values (950, 'Scheide');
insert into city(region_id, name) values (950, 'Sittard');
insert into city(region_id, name) values (950, 'Swalmen');
insert into city(region_id, name) values (950, 'Vaals');
insert into city(region_id, name) values (950, 'Valkenburg');
insert into city(region_id, name) values (950, 'Venlo');
insert into city(region_id, name) values (950, 'Venray');
insert into city(region_id, name) values (950, 'Weert');
insert into city(region_id, name) values (950, 'Wyck');
insert into city(region_id, name) values (964, 'Gisborn');
insert into city(region_id, name) values (977, 'Aapaasdal');
insert into city(region_id, name) values (977, 'Arendal');
insert into city(region_id, name) values (977, 'Arnevik');
insert into city(region_id, name) values (977, 'Froland');
insert into city(region_id, name) values (977, 'Grimstad');
insert into city(region_id, name) values (977, 'Tvedestrand');
insert into city(region_id, name) values (996, 'Kingston');
insert into region(id, country_id, name) values (997, 138, 'Abu Dabi');
insert into region(id, country_id, name) values (998, 138, 'Dubai');
insert into city(region_id, name) values (678, 'Domodossola');
insert into city(region_id, name) values (678, 'Gravellona Toce');
insert into city(region_id, name) values (678, 'Stresa');
insert into city(region_id, name) values (678, 'Verbania');
insert into city(region_id, name) values (919, 'Cadereyta');
insert into city(region_id, name) values (919, 'Apodaca');
insert into city(region_id, name) values (919, 'Monterrey');
insert into city(region_id, name) values (919, 'Nogales');
insert into city(region_id, name) values (919, 'San Nicols de los Garza');
insert into city(region_id, name) values (919, 'Santa Catarina');
insert into city(region_id, name) values (951, '''''s Bosch');
insert into city(region_id, name) values (951, '''''s-Hertogenbosch');
insert into city(region_id, name) values (951, '''''t Hout');
insert into city(region_id, name) values (951, 'Aalst');
insert into city(region_id, name) values (951, 'Amsteleind');
insert into city(region_id, name) values (951, 'Bakel');
insert into city(region_id, name) values (951, 'Bergen op Zoom');
insert into city(region_id, name) values (951, 'Best');
insert into city(region_id, name) values (951, 'Boxmeer');
insert into city(region_id, name) values (951, 'Breda');
insert into city(region_id, name) values (951, 'Den Bosch');
insert into city(region_id, name) values (951, 'Dongen');
insert into city(region_id, name) values (951, 'Duizel');
insert into city(region_id, name) values (951, 'Eiland');
insert into city(region_id, name) values (951, 'Eindhoven');
insert into city(region_id, name) values (951, 'Etten');
insert into city(region_id, name) values (951, 'Gement');
insert into city(region_id, name) values (951, 'Helmond');
insert into city(region_id, name) values (951, 'Hertogenbosch');
insert into city(region_id, name) values (951, 'Katwijk');
insert into city(region_id, name) values (951, 'Mierlo');
insert into city(region_id, name) values (951, 'Oss');
insert into city(region_id, name) values (951, 'Oudenbosch');
insert into city(region_id, name) values (951, 'Overloon');
insert into city(region_id, name) values (951, 'Rijen');
insert into city(region_id, name) values (951, 'Roosendaal');
insert into city(region_id, name) values (951, 'Tilburg');
insert into city(region_id, name) values (951, 'Trent');
insert into city(region_id, name) values (951, 'Uden');
insert into city(region_id, name) values (951, 'Veghel');
insert into city(region_id, name) values (965, 'Vanganui');
insert into city(region_id, name) values (965, 'Palmerston-Nort');
insert into city(region_id, name) values (978, 'Aamot');
insert into city(region_id, name) values (978, 'Amot-Modum');
insert into city(region_id, name) values (978, 'Austvoll');
insert into city(region_id, name) values (978, 'Drammen');
insert into city(region_id, name) values (978, 'Geilo');
insert into city(region_id, name) values (978, 'Gol');
insert into city(region_id, name) values (978, 'Hemsedal');
insert into city(region_id, name) values (978, 'Holmsbu');
insert into city(region_id, name) values (978, 'Hnefoss');
insert into city(region_id, name) values (978, 'Kongsberg');
insert into city(region_id, name) values (978, 'Noresund');
insert into city(region_id, name) values (978, 'Uvdal');
insert into city(region_id, name) values (978, 'Vestfossen');
insert into city(region_id, name) values (978, 'Vik');
insert into city(region_id, name) values (978, 'Vikersund');
insert into city(region_id, name) values (997, 'Abu Dabi');
insert into region(id, country_id, name) values (999, 139, 'Oman');
insert into city(region_id, name) values (679, 'Borgosesia');
insert into city(region_id, name) values (679, 'Vercelli');
insert into city(region_id, name) values (920, 'Jurez');
insert into city(region_id, name) values (920, 'Juchitn de Zaragoza');
insert into city(region_id, name) values (920, 'San Felipe del Agua');
insert into city(region_id, name) values (920, 'Tezonapa');
insert into city(region_id, name) values (920, 'Zoquiapam');
insert into city(region_id, name) values (952, 'Aalsmeer');
insert into city(region_id, name) values (952, 'Akersloot');
insert into city(region_id, name) values (952, 'Alkmaar');
insert into city(region_id, name) values (952, 'Amstelveen');
insert into city(region_id, name) values (952, 'Amsterdam');
insert into city(region_id, name) values (952, 'Bergen');
insert into city(region_id, name) values (952, 'Beverwijk');
insert into city(region_id, name) values (952, 'Bovenkerk');
insert into city(region_id, name) values (952, 'Bussum');
insert into city(region_id, name) values (952, 'De Haal');
insert into city(region_id, name) values (952, 'De Strook');
insert into city(region_id, name) values (952, 'Den Helder');
insert into city(region_id, name) values (952, 'Der Helder');
insert into city(region_id, name) values (952, 'Egmond aan Zee');
insert into city(region_id, name) values (952, 'Enkhuizen');
insert into city(region_id, name) values (952, 'Haarlem');
insert into city(region_id, name) values (952, 'Hilversum');
insert into city(region_id, name) values (952, 'Hoofddorp');
insert into city(region_id, name) values (952, 'Hoorn');
insert into city(region_id, name) values (952, 'Huizen');
insert into city(region_id, name) values (952, 'IJmuiden');
insert into city(region_id, name) values (952, 'Laren');
insert into city(region_id, name) values (952, 'Medemblik');
insert into city(region_id, name) values (952, 'Naarden');
insert into city(region_id, name) values (952, 'Schagen');
insert into city(region_id, name) values (952, 'Verloren Einde');
insert into city(region_id, name) values (952, 'Weesp');
insert into city(region_id, name) values (952, 'Zaandam');
insert into city(region_id, name) values (952, 'Zaanstad');
insert into city(region_id, name) values (952, 'Zandvoort');
insert into city(region_id, name) values (952, 'Zwaagdijk');
insert into city(region_id, name) values (966, 'Blenheim');
insert into city(region_id, name) values (979, 'Akkerfjorden');
insert into city(region_id, name) values (979, 'Alta');
insert into city(region_id, name) values (979, 'Btsfjord');
insert into city(region_id, name) values (979, 'Hammerfest');
insert into city(region_id, name) values (979, 'Hammernes');
insert into city(region_id, name) values (979, 'Havysund');
insert into city(region_id, name) values (979, 'Karasjok');
insert into city(region_id, name) values (979, 'Kirkenes');
insert into city(region_id, name) values (979, 'Kjs');
insert into city(region_id, name) values (979, 'Korsnes');
insert into city(region_id, name) values (979, 'Lakselv');
insert into city(region_id, name) values (979, 'Langenes');
insert into city(region_id, name) values (979, 'Masi');
insert into city(region_id, name) values (979, 'Mehamn');
insert into city(region_id, name) values (979, 'Seida');
insert into city(region_id, name) values (979, 'Tmmervik');
insert into city(region_id, name) values (979, 'Vads');
insert into city(region_id, name) values (998, 'Dubai');
insert into city(region_id, name) values (999, 'Maskat');
insert into city(region_id, name) values (999, 'Salala');
insert into city(region_id, name) values (999, 'Sur');
insert into region(id, country_id, name) values (1000, 140, 'Pakistan');
insert into city(region_id, name) values (680, 'Acquaviva delle Fonti');
insert into city(region_id, name) values (680, 'Altamura');
insert into city(region_id, name) values (680, 'Andria');
insert into city(region_id, name) values (680, 'Bari');
insert into city(region_id, name) values (680, 'Casamassima');
insert into city(region_id, name) values (680, 'Modugno');
insert into city(region_id, name) values (680, 'Valenzano');
insert into city(region_id, name) values (921, 'Puebla');
insert into city(region_id, name) values (921, 'Puebla de los Angeles');
insert into city(region_id, name) values (921, 'Xicotepec de Jurez');
insert into city(region_id, name) values (953, '''''t Klooster');
insert into city(region_id, name) values (953, 'Almelo');
insert into city(region_id, name) values (953, 'Dedemsvaart');
insert into city(region_id, name) values (953, 'Deventer');
insert into city(region_id, name) values (953, 'Elsen');
insert into city(region_id, name) values (953, 'Enschede');
insert into city(region_id, name) values (953, 'Goor');
insert into city(region_id, name) values (953, 'Hardenberg');
insert into city(region_id, name) values (953, 'Hengelo');
insert into city(region_id, name) values (953, 'Kampen');
insert into city(region_id, name) values (953, 'Oldenzaal');
insert into city(region_id, name) values (953, 'Vroomshoop');
insert into city(region_id, name) values (953, 'Zwolle');
insert into city(region_id, name) values (967, 'Nelson');
insert into city(region_id, name) values (980, 'Aakre');
insert into city(region_id, name) values (980, 'Berger');
insert into city(region_id, name) values (980, 'Breen');
insert into city(region_id, name) values (980, 'Brumunddal');
insert into city(region_id, name) values (980, 'Drevsj');
insert into city(region_id, name) values (980, 'Elverum');
insert into city(region_id, name) values (980, 'Hamar');
insert into city(region_id, name) values (980, 'Rena');
insert into city(region_id, name) values (980, 'Trysil');
insert into city(region_id, name) values (1000, 'Islamabad');
insert into city(region_id, name) values (1000, 'Karachi');
insert into city(region_id, name) values (1000, 'Lahore');
insert into region(id, country_id, name) values (1001, 141, 'Chiriqu');
insert into region(id, country_id, name) values (1002, 141, 'Cocl');
insert into region(id, country_id, name) values (1003, 141, 'Herrera');
insert into region(id, country_id, name) values (1004, 141, 'Los Santos');
insert into region(id, country_id, name) values (1005, 141, 'Panam');
insert into city(region_id, name) values (681, 'Brindisi');
insert into city(region_id, name) values (681, 'Ostuni');
insert into city(region_id, name) values (922, 'Amoles');
insert into city(region_id, name) values (922, 'Quertaro');
insert into city(region_id, name) values (954, '''''t Gooi');
insert into city(region_id, name) values (954, '''''t Waal');
insert into city(region_id, name) values (954, 'Achterbos');
insert into city(region_id, name) values (954, 'Achthoven');
insert into city(region_id, name) values (954, 'Achttienhoven');
insert into city(region_id, name) values (954, 'Amerongen');
insert into city(region_id, name) values (954, 'Amersfoort');
insert into city(region_id, name) values (954, 'Baarn');
insert into city(region_id, name) values (954, 'Birk');
insert into city(region_id, name) values (954, 'Blokland');
insert into city(region_id, name) values (954, 'De Bilt');
insert into city(region_id, name) values (954, 'Den Bosch');
insert into city(region_id, name) values (954, 'Lage Weide');
insert into city(region_id, name) values (954, 'Lopik');
insert into city(region_id, name) values (954, 'Maarssen');
insert into city(region_id, name) values (954, 'Maarssenbroek');
insert into city(region_id, name) values (954, 'Meern');
insert into city(region_id, name) values (954, 'Mijdrecht');
insert into city(region_id, name) values (954, 'Nieuwegein');
insert into city(region_id, name) values (954, 'Nijenheim');
insert into city(region_id, name) values (954, 'Utrecht');
insert into city(region_id, name) values (954, 'Veenendaal');
insert into city(region_id, name) values (954, 'Venendaal');
insert into city(region_id, name) values (954, 'Zandvoort');
insert into city(region_id, name) values (954, 'Zeist');
insert into city(region_id, name) values (968, 'Vangarei');
insert into city(region_id, name) values (981, 'Aakre');
insert into city(region_id, name) values (981, 'Aarvik');
insert into city(region_id, name) values (981, 'Austevoll');
insert into city(region_id, name) values (981, 'Bergen');
insert into city(region_id, name) values (981, 'Bogo');
insert into city(region_id, name) values (981, 'Bmlo');
insert into city(region_id, name) values (981, 'Bruvik');
insert into city(region_id, name) values (981, 'Eikemofoss');
insert into city(region_id, name) values (981, 'Etne');
insert into city(region_id, name) values (981, 'Fedje');
insert into city(region_id, name) values (981, 'Fitjar');
insert into city(region_id, name) values (981, 'Haganes');
insert into city(region_id, name) values (981, 'Hellesy');
insert into city(region_id, name) values (981, 'Leirvik');
insert into city(region_id, name) values (981, 'Nordheimsund');
insert into city(region_id, name) values (981, 'len');
insert into city(region_id, name) values (981, 'Rosendal');
insert into city(region_id, name) values (981, 'Stord Island');
insert into city(region_id, name) values (1001, 'David');
insert into region(id, country_id, name) values (1006, 142, 'Papua Novaya Gvineya');
insert into city(region_id, name) values (682, 'Apricena');
insert into city(region_id, name) values (682, 'Cerignola');
insert into city(region_id, name) values (682, 'Foggia');
insert into city(region_id, name) values (682, 'Manfredonia');
insert into city(region_id, name) values (682, 'San Severo');
insert into city(region_id, name) values (682, 'Stornarella');
insert into city(region_id, name) values (682, 'Vieste');
insert into city(region_id, name) values (923, 'Cafetal');
insert into city(region_id, name) values (923, 'Cancn');
insert into city(region_id, name) values (955, 'Abtsdale');
insert into city(region_id, name) values (955, 'Aksel');
insert into city(region_id, name) values (955, 'Axel');
insert into city(region_id, name) values (955, 'Biervliet');
insert into city(region_id, name) values (955, 'Eede');
insert into city(region_id, name) values (955, 'Goes');
insert into city(region_id, name) values (955, 'Kapelle');
insert into city(region_id, name) values (955, 'Kloosterzande');
insert into city(region_id, name) values (955, 'Koekoek');
insert into city(region_id, name) values (955, 'Middelburg');
insert into city(region_id, name) values (955, 'Renesse');
insert into city(region_id, name) values (955, 'Sas van Gent');
insert into city(region_id, name) values (955, 'Terneuzen');
insert into city(region_id, name) values (955, 'Vlissingen');
insert into city(region_id, name) values (955, 'Zieriksee');
insert into city(region_id, name) values (955, 'Zwartenhoek');
insert into city(region_id, name) values (969, 'Dunedin');
insert into city(region_id, name) values (982, 'Aalesund');
insert into city(region_id, name) values (982, 'lesund');
insert into city(region_id, name) values (982, 'Bud');
insert into city(region_id, name) values (982, 'Farstad');
insert into city(region_id, name) values (982, 'Hareid');
insert into city(region_id, name) values (982, 'Kristiansund');
insert into city(region_id, name) values (982, 'Kristiansund Nord');
insert into city(region_id, name) values (982, 'Molde');
insert into city(region_id, name) values (982, 'Skinnes');
insert into city(region_id, name) values (982, 'Skodje');
insert into city(region_id, name) values (982, 'Sunndalsra');
insert into city(region_id, name) values (982, 'Tennfjord');
insert into city(region_id, name) values (982, 'Tomra');
insert into city(region_id, name) values (982, 'Ulsteinvik');
insert into city(region_id, name) values (982, 'Vik');
insert into city(region_id, name) values (982, 'Vikebukt');
insert into city(region_id, name) values (1002, 'Albina');
insert into city(region_id, name) values (1002, 'El Olivo');
insert into city(region_id, name) values (1006, 'Port-Morsbi');
insert into city(region_id, name) values (1006, 'Rabaul');
insert into region(id, country_id, name) values (1007, 143, 'Alto Paran');
insert into region(id, country_id, name) values (1008, 143, 'Central');
insert into region(id, country_id, name) values (1009, 143, 'Cordillera');
insert into region(id, country_id, name) values (1010, 143, 'Paraguar');
insert into region(id, country_id, name) values (1011, 143, 'San Pedro');
insert into city(region_id, name) values (683, 'Gallipoli');
insert into city(region_id, name) values (683, 'Lecce');
insert into city(region_id, name) values (683, 'Muro Leccese');
insert into city(region_id, name) values (924, 'Ciudad Fernndez');
insert into city(region_id, name) values (924, 'San Luis Potos');
insert into city(region_id, name) values (924, 'San Luisito');
insert into city(region_id, name) values (924, 'Valles');
insert into city(region_id, name) values (956, '''''s-Gravenhage');
insert into city(region_id, name) values (956, '''''s-Gravenzande');
insert into city(region_id, name) values (956, 'Achterbroek');
insert into city(region_id, name) values (956, 'Alphen aan den Rijn');
insert into city(region_id, name) values (956, 'Bleskensgraaf');
insert into city(region_id, name) values (956, 'Brielle');
insert into city(region_id, name) values (956, 'Capelle-West');
insert into city(region_id, name) values (956, 'De Hagen');
insert into city(region_id, name) values (956, 'Delft');
insert into city(region_id, name) values (956, 'Den Haag');
insert into city(region_id, name) values (956, 'Den Hoorn');
insert into city(region_id, name) values (956, 'Dordrecht');
insert into city(region_id, name) values (956, 'Dordt');
insert into city(region_id, name) values (956, 'Duinzigt');
insert into city(region_id, name) values (956, 'Gorinchem');
insert into city(region_id, name) values (956, 'Gouda');
insert into city(region_id, name) values (956, 'Haag');
insert into city(region_id, name) values (956, 'Hellevoetsluis');
insert into city(region_id, name) values (956, 'Katwijk');
insert into city(region_id, name) values (956, 'Katwijk aan den Rijn');
insert into city(region_id, name) values (956, 'Katwijk aan Zee');
insert into city(region_id, name) values (956, 'Leiden');
insert into city(region_id, name) values (956, 'Leidschendam');
insert into city(region_id, name) values (956, 'Leimuiden');
insert into city(region_id, name) values (956, 'Leyden');
insert into city(region_id, name) values (956, 'Lisse');
insert into city(region_id, name) values (956, 'Middelburg');
insert into city(region_id, name) values (956, 'Naaldwijk');
insert into city(region_id, name) values (956, 'Noordwijk');
insert into city(region_id, name) values (956, 'Rhoon');
insert into city(region_id, name) values (956, 'Rijndijk');
insert into city(region_id, name) values (956, 'Rijswijk');
insert into city(region_id, name) values (956, 'Rokanje');
insert into city(region_id, name) values (956, 'Rotterdam');
insert into city(region_id, name) values (956, 'Rozendaal');
insert into city(region_id, name) values (956, 'Sassenheim');
insert into city(region_id, name) values (956, 'Schiedam');
insert into city(region_id, name) values (956, 'Spijkenisse');
insert into city(region_id, name) values (956, 'Voorschoten');
insert into city(region_id, name) values (956, 'Warmond');
insert into city(region_id, name) values (956, 'Zoetermeer');
insert into city(region_id, name) values (970, 'Gor');
insert into city(region_id, name) values (970, 'Inverkargill');
insert into city(region_id, name) values (983, 'Aisaroaivve');
insert into city(region_id, name) values (1003, 'Alto de La Cruz');
insert into city(region_id, name) values (1007, '28 Km Paranambu');
insert into region(id, country_id, name) values (1012, 144, 'Amazonas');
insert into region(id, country_id, name) values (1013, 144, 'Ancash');
insert into region(id, country_id, name) values (1014, 144, 'Arequipa');
insert into region(id, country_id, name) values (1015, 144, 'Ayacucho');
insert into region(id, country_id, name) values (1016, 144, 'Cajamarca');
insert into region(id, country_id, name) values (1017, 144, 'Callao');
insert into region(id, country_id, name) values (1018, 144, 'Cusco');
insert into region(id, country_id, name) values (1019, 144, 'Hunuco');
insert into region(id, country_id, name) values (1020, 144, 'Ica');
insert into region(id, country_id, name) values (1021, 144, 'Junn');
insert into region(id, country_id, name) values (1022, 144, 'La Libertad');
insert into region(id, country_id, name) values (1023, 144, 'Lambayeque');
insert into region(id, country_id, name) values (1024, 144, 'Lima');
insert into region(id, country_id, name) values (1025, 144, 'Loreto');
insert into region(id, country_id, name) values (1026, 144, 'Madre de Dios');
insert into region(id, country_id, name) values (1027, 144, 'None');
insert into region(id, country_id, name) values (1028, 144, 'Pasco');
insert into region(id, country_id, name) values (1029, 144, 'Piura');
insert into region(id, country_id, name) values (1030, 144, 'Puno');
insert into region(id, country_id, name) values (1031, 144, 'San Martn');
insert into region(id, country_id, name) values (1032, 144, 'Tacna');
insert into region(id, country_id, name) values (1033, 144, 'Tumbes');
insert into region(id, country_id, name) values (1034, 144, 'Ucayali');
insert into city(region_id, name) values (684, 'Avetrana');
insert into city(region_id, name) values (684, 'Massafra');
insert into city(region_id, name) values (684, 'Palagiano');
insert into city(region_id, name) values (684, 'Taranto');
insert into city(region_id, name) values (925, 'Culiacn');
insert into city(region_id, name) values (925, 'Mazatln');
insert into city(region_id, name) values (971, 'Nyu-Plimut');
insert into city(region_id, name) values (984, 'sen');
insert into city(region_id, name) values (984, 'By');
insert into city(region_id, name) values (984, 'Grong');
insert into city(region_id, name) values (984, 'Levanger');
insert into city(region_id, name) values (984, 'Namsos');
insert into city(region_id, name) values (984, 'Rosvik');
insert into city(region_id, name) values (984, 'Rrvik');
insert into city(region_id, name) values (984, 'Steinkjer');
insert into city(region_id, name) values (984, 'Stenkjr');
insert into city(region_id, name) values (1004, 'Atalayita');
insert into city(region_id, name) values (1008, 'Asuncin');
insert into city(region_id, name) values (1012, 'Achaguay Medio');
insert into region(id, country_id, name) values (1035, 145, 'Adamstaun');
insert into city(region_id, name) values (685, 'Cagliari');
insert into city(region_id, name) values (685, 'Collinas');
insert into city(region_id, name) values (685, 'Elmas');
insert into city(region_id, name) values (685, 'Gonnesa');
insert into city(region_id, name) values (685, 'Quartu Sant''''Elena');
insert into city(region_id, name) values (926, 'Cajon');
insert into city(region_id, name) values (926, 'El Empalme');
insert into city(region_id, name) values (926, 'Hermosillo');
insert into city(region_id, name) values (926, 'Obregon');
insert into city(region_id, name) values (926, 'San Luis Ro Colorado');
insert into city(region_id, name) values (972, 'Richmond');
insert into city(region_id, name) values (985, '');
insert into city(region_id, name) values (985, 'i Lofoten');
insert into city(region_id, name) values (985, 's');
insert into city(region_id, name) values (985, 'Ballset');
insert into city(region_id, name) values (985, 'Bergsdalen');
insert into city(region_id, name) values (985, 'Bod');
insert into city(region_id, name) values (985, 'Bosmo');
insert into city(region_id, name) values (985, 'B i Vesteralen');
insert into city(region_id, name) values (985, 'Brnny');
insert into city(region_id, name) values (985, 'Grimstad');
insert into city(region_id, name) values (985, 'Grnning');
insert into city(region_id, name) values (985, 'Leirvik');
insert into city(region_id, name) values (985, 'Melbu');
insert into city(region_id, name) values (985, 'Mo i Rana');
insert into city(region_id, name) values (985, 'Mosjen');
insert into city(region_id, name) values (985, 'Narvik');
insert into city(region_id, name) values (985, 'Neverdal');
insert into city(region_id, name) values (985, 'Nordfold');
insert into city(region_id, name) values (985, 'rnes');
insert into city(region_id, name) values (985, 'Sortland');
insert into city(region_id, name) values (985, 'Stokmarknes');
insert into city(region_id, name) values (985, 'Svolvr');
insert into city(region_id, name) values (985, 'Vgan');
insert into city(region_id, name) values (1005, 'Amador');
insert into city(region_id, name) values (1005, 'Arraijn');
insert into city(region_id, name) values (1005, 'Caledonia');
insert into city(region_id, name) values (1005, 'Ciudad de Panam');
insert into city(region_id, name) values (1005, 'Paitilla');
insert into city(region_id, name) values (1005, 'Panam');
insert into city(region_id, name) values (1005, 'Panama City');
insert into city(region_id, name) values (1005, 'San Miguelito');
insert into city(region_id, name) values (1009, 'Itacurub de la Cordillera');
insert into city(region_id, name) values (1013, 'Acco');
insert into city(region_id, name) values (1013, 'Chimbote');
insert into city(region_id, name) values (1013, 'Huaraz');
insert into city(region_id, name) values (1035, 'Adamstaun');
insert into region(id, country_id, name) values (1036, 146, 'Biala Podlaska');
insert into region(id, country_id, name) values (1037, 146, 'Bialystok');
insert into region(id, country_id, name) values (1038, 146, 'Bielsko');
insert into region(id, country_id, name) values (1039, 146, 'Bydgoszcz');
insert into region(id, country_id, name) values (1040, 146, 'Chelm');
insert into region(id, country_id, name) values (1041, 146, 'Czestochowa');
insert into region(id, country_id, name) values (1042, 146, 'Dolnoslaskie');
insert into region(id, country_id, name) values (1043, 146, 'Elblag');
insert into region(id, country_id, name) values (1044, 146, 'Gdansk');
insert into region(id, country_id, name) values (1045, 146, 'Gorzow');
insert into region(id, country_id, name) values (1046, 146, 'Jelenia Gora');
insert into region(id, country_id, name) values (1047, 146, 'Kalisz');
insert into region(id, country_id, name) values (1048, 146, 'Katowice');
insert into region(id, country_id, name) values (1049, 146, 'Kielce');
insert into region(id, country_id, name) values (1050, 146, 'Konin');
insert into region(id, country_id, name) values (1051, 146, 'Koszalin');
insert into region(id, country_id, name) values (1052, 146, 'Krakow');
insert into region(id, country_id, name) values (1053, 146, 'Kujawsko-Pomorskie');
insert into region(id, country_id, name) values (1054, 146, 'Legnica');
insert into region(id, country_id, name) values (1055, 146, 'Leszno');
insert into region(id, country_id, name) values (1056, 146, 'Lodz');
insert into region(id, country_id, name) values (1057, 146, 'Lodzkie');
insert into region(id, country_id, name) values (1058, 146, 'Lomza');
insert into region(id, country_id, name) values (1059, 146, 'Lublin');
insert into region(id, country_id, name) values (1060, 146, 'Lubuskie');
insert into region(id, country_id, name) values (1061, 146, 'Malopolskie');
insert into region(id, country_id, name) values (1062, 146, 'Mazowieckie');
insert into region(id, country_id, name) values (1063, 146, 'None');
insert into region(id, country_id, name) values (1064, 146, 'Nowy Sacz');
insert into region(id, country_id, name) values (1065, 146, 'Olsztyn');
insert into region(id, country_id, name) values (1066, 146, 'Opole');
insert into region(id, country_id, name) values (1067, 146, 'Ostroleka');
insert into region(id, country_id, name) values (1068, 146, 'Pila');
insert into region(id, country_id, name) values (1069, 146, 'Piotrkow');
insert into region(id, country_id, name) values (1070, 146, 'Plock');
insert into region(id, country_id, name) values (1071, 146, 'Podkarpackie');
insert into region(id, country_id, name) values (1072, 146, 'Pomorskie');
insert into region(id, country_id, name) values (1073, 146, 'Poznan');
insert into region(id, country_id, name) values (1074, 146, 'Przemysl');
insert into region(id, country_id, name) values (1075, 146, 'Radom');
insert into region(id, country_id, name) values (1076, 146, 'Rzeszow');
insert into region(id, country_id, name) values (1077, 146, 'Siedlce');
insert into region(id, country_id, name) values (1078, 146, 'Sieradz');
insert into region(id, country_id, name) values (1079, 146, 'Skierniewice');
insert into region(id, country_id, name) values (1080, 146, 'Slaskie');
insert into region(id, country_id, name) values (1081, 146, 'Slupsk');
insert into region(id, country_id, name) values (1082, 146, 'Suwalki');
insert into region(id, country_id, name) values (1083, 146, 'Swietokrzyskie');
insert into region(id, country_id, name) values (1084, 146, 'Tarnobrzeg');
insert into region(id, country_id, name) values (1085, 146, 'Tarnow');
insert into region(id, country_id, name) values (1086, 146, 'Torun');
insert into region(id, country_id, name) values (1087, 146, 'Walbrzych');
insert into region(id, country_id, name) values (1088, 146, 'Warminsko-Mazurskie');
insert into region(id, country_id, name) values (1089, 146, 'Warszawa');
insert into region(id, country_id, name) values (1090, 146, 'Wielkopolskie');
insert into region(id, country_id, name) values (1091, 146, 'Wloclawek');
insert into region(id, country_id, name) values (1092, 146, 'Wroclaw');
insert into region(id, country_id, name) values (1093, 146, 'Zachodniopomorskie');
insert into region(id, country_id, name) values (1094, 146, 'Zamosc');
insert into region(id, country_id, name) values (1095, 146, 'Zielona Gora');
insert into city(region_id, name) values (686, 'Nuoro');
insert into city(region_id, name) values (927, 'Buena Vista de Tamult de las Sabanas');
insert into city(region_id, name) values (927, 'Carrizal');
insert into city(region_id, name) values (927, 'Casa Blanca Segunda Seccin');
insert into city(region_id, name) values (927, 'Ciudad Pemex');
insert into city(region_id, name) values (927, 'Cuauhtmoc');
insert into city(region_id, name) values (927, 'Dos Montes');
insert into city(region_id, name) values (927, 'Paso Real');
insert into city(region_id, name) values (927, 'Tenosique de Pino Surez');
insert into city(region_id, name) values (927, 'Tierra Colorada');
insert into city(region_id, name) values (927, 'Villa La Venta');
insert into city(region_id, name) values (927, 'Villahermosa');
insert into city(region_id, name) values (927, 'Zaragoza');
insert into city(region_id, name) values (973, 'Vellington');
insert into city(region_id, name) values (973, 'Lover-Hatt');
insert into city(region_id, name) values (973, 'Masterton');
insert into city(region_id, name) values (986, 'Beitostlen');
insert into city(region_id, name) values (986, 'Gjvik');
insert into city(region_id, name) values (986, 'Gran');
insert into city(region_id, name) values (986, 'Kolbu');
insert into city(region_id, name) values (986, 'Lillehammer');
insert into city(region_id, name) values (986, 'Lom');
insert into city(region_id, name) values (986, 'Otta');
insert into city(region_id, name) values (986, 'Raufoss');
insert into city(region_id, name) values (986, 'Ringebu');
insert into city(region_id, name) values (986, 'Skreia');
insert into city(region_id, name) values (986, 'Venaasen');
insert into city(region_id, name) values (1010, 'Barrio Asuncin');
insert into city(region_id, name) values (1010, 'Diarte');
insert into city(region_id, name) values (1014, 'Arequipa');
insert into city(region_id, name) values (1036, 'Aleksandrw');
insert into city(region_id, name) values (1036, 'Andrzejw');
insert into city(region_id, name) values (1036, 'Antolin');
insert into city(region_id, name) values (1036, 'Bedlno');
insert into city(region_id, name) values (1036, 'Biaa Podlaska');
insert into city(region_id, name) values (1036, 'Horbw');
insert into city(region_id, name) values (1036, 'Miedzyrzec');
insert into city(region_id, name) values (1036, 'Terespol');
insert into region(id, country_id, name) values (1096, 147, 'Aveiro');
insert into region(id, country_id, name) values (1097, 147, 'Azores');
insert into region(id, country_id, name) values (1098, 147, 'Beja');
insert into region(id, country_id, name) values (1099, 147, 'Braga');
insert into region(id, country_id, name) values (1100, 147, 'Braganca');
insert into region(id, country_id, name) values (1101, 147, 'Castelo Branco');
insert into region(id, country_id, name) values (1102, 147, 'Coimbra');
insert into region(id, country_id, name) values (1103, 147, 'Evora');
insert into region(id, country_id, name) values (1104, 147, 'Faro');
insert into region(id, country_id, name) values (1105, 147, 'Guarda');
insert into region(id, country_id, name) values (1106, 147, 'Leiria');
insert into region(id, country_id, name) values (1107, 147, 'Lisboa');
insert into region(id, country_id, name) values (1108, 147, 'Madeira');
insert into region(id, country_id, name) values (1109, 147, 'None');
insert into region(id, country_id, name) values (1110, 147, 'Portalegre');
insert into region(id, country_id, name) values (1111, 147, 'Porto');
insert into region(id, country_id, name) values (1112, 147, 'Santarem');
insert into region(id, country_id, name) values (1113, 147, 'Setubal');
insert into region(id, country_id, name) values (1114, 147, 'Viana do Castelo');
insert into region(id, country_id, name) values (1115, 147, 'Vila Real');
insert into region(id, country_id, name) values (1116, 147, 'Viseu');
insert into city(region_id, name) values (687, 'Milis');
insert into city(region_id, name) values (687, 'Oristano');
insert into city(region_id, name) values (687, 'Pau');
insert into city(region_id, name) values (928, 'Ciudad Victoria');
insert into city(region_id, name) values (928, 'Matamoros');
insert into city(region_id, name) values (928, 'Nuevo Laredo');
insert into city(region_id, name) values (928, 'Reynosa');
insert into city(region_id, name) values (928, 'Tampico');
insert into city(region_id, name) values (974, 'Greimout');
insert into city(region_id, name) values (987, 'Bekkelaget');
insert into city(region_id, name) values (987, 'Bjrnholt');
insert into city(region_id, name) values (987, 'Bryn');
insert into city(region_id, name) values (987, 'Bygdy');
insert into city(region_id, name) values (987, 'Christiania');
insert into city(region_id, name) values (987, 'Ekeberg');
insert into city(region_id, name) values (987, 'Fiskevoll');
insert into city(region_id, name) values (987, 'Frognerstra');
insert into city(region_id, name) values (987, 'Grefsen');
insert into city(region_id, name) values (987, 'Grorud');
insert into city(region_id, name) values (987, 'Hasle');
insert into city(region_id, name) values (987, 'Holmen');
insert into city(region_id, name) values (987, 'Holmenkollen');
insert into city(region_id, name) values (987, 'Hybraaten');
insert into city(region_id, name) values (987, 'Lamberseter');
insert into city(region_id, name) values (987, 'Oppsal');
insert into city(region_id, name) values (987, 'Oslo');
insert into city(region_id, name) values (987, 'Rd');
insert into city(region_id, name) values (987, 'Sinsen');
insert into city(region_id, name) values (987, 'Slakteren');
insert into city(region_id, name) values (987, 'Tyen');
insert into city(region_id, name) values (987, 'Vika');
insert into city(region_id, name) values (1011, 'Colonia San Pedro');
insert into city(region_id, name) values (1011, 'Mercedes');
insert into city(region_id, name) values (1011, 'Puerto Villa del Rosario');
insert into city(region_id, name) values (1011, 'San Pedro');
insert into city(region_id, name) values (1015, 'Cangallo');
insert into city(region_id, name) values (1037, 'Aleksandrowo');
insert into city(region_id, name) values (1037, 'Antoniuk');
insert into city(region_id, name) values (1037, 'Augustowo');
insert into city(region_id, name) values (1037, 'Bernadzki Most');
insert into city(region_id, name) values (1037, 'Biaostoczek');
insert into city(region_id, name) values (1037, 'Bialystok');
insert into city(region_id, name) values (1037, 'Bielsk Podlaski');
insert into city(region_id, name) values (1037, 'Hajnwka');
insert into city(region_id, name) values (1037, 'Mielnik');
insert into city(region_id, name) values (1037, 'Sokulka');
insert into city(region_id, name) values (1096, 'A dos Ferreiros de Cima');
insert into city(region_id, name) values (1096, 'gua Levada');
insert into city(region_id, name) values (1096, 'gueda');
insert into city(region_id, name) values (1096, 'Albergaria-a-Velha');
insert into city(region_id, name) values (1096, 'Arcozelo');
insert into city(region_id, name) values (1096, 'Arieiro');
insert into city(region_id, name) values (1096, 'Aveiro');
insert into city(region_id, name) values (1096, 'Borralha');
insert into city(region_id, name) values (1096, 'Cacia');
insert into city(region_id, name) values (1096, 'Cambra');
insert into city(region_id, name) values (1096, 'Espinho');
insert into city(region_id, name) values (1096, 'Feira');
insert into city(region_id, name) values (1096, 'Gafanha da Nazar');
insert into city(region_id, name) values (1096, 'Gio');
insert into city(region_id, name) values (1096, 'lhavo');
insert into city(region_id, name) values (1096, 'Oliveira de Azemeis');
insert into city(region_id, name) values (1096, 'Ovar');
insert into city(region_id, name) values (1096, 'Pampilhosa');
insert into city(region_id, name) values (1096, 'Santa Maria');
insert into city(region_id, name) values (1096, 'Santo Joo da Madeira');
insert into city(region_id, name) values (1096, 'So Joo da Madeira');
insert into city(region_id, name) values (1096, 'So Joo de Madeira');
insert into city(region_id, name) values (1096, 'Vale de Cambra');
insert into region(id, country_id, name) values (1117, 148, 'Puerto Rico');
insert into city(region_id, name) values (688, 'Olbia');
insert into city(region_id, name) values (688, 'Sassari');
insert into city(region_id, name) values (688, 'Tempio Pausania');
insert into city(region_id, name) values (929, 'Apetatitln');
insert into city(region_id, name) values (929, 'Apizaco');
insert into city(region_id, name) values (929, 'Chiautempan');
insert into city(region_id, name) values (929, 'Panotla');
insert into city(region_id, name) values (929, 'Teolocholco');
insert into city(region_id, name) values (929, 'Tlaxcala');
insert into city(region_id, name) values (988, 'Askim');
insert into city(region_id, name) values (988, 'Borgen');
insert into city(region_id, name) values (988, 'Dole Stasjon');
insert into city(region_id, name) values (988, 'Fredrikstad');
insert into city(region_id, name) values (988, 'Greker');
insert into city(region_id, name) values (988, 'Halden');
insert into city(region_id, name) values (988, 'Knapstad');
insert into city(region_id, name) values (988, 'Moss');
insert into city(region_id, name) values (988, 'Sarpsborg');
insert into city(region_id, name) values (1016, 'Agua Dulce');
insert into city(region_id, name) values (1016, 'Cajamarca');
insert into city(region_id, name) values (1038, 'Auschwitz');
insert into city(region_id, name) values (1038, 'Bednarze');
insert into city(region_id, name) values (1038, 'Bielsko-Biaa');
insert into city(region_id, name) values (1038, 'Czaniec');
insert into city(region_id, name) values (1038, 'Kety');
insert into city(region_id, name) values (1038, 'Oswiecim');
insert into city(region_id, name) values (1097, 'Angra');
insert into city(region_id, name) values (1097, 'Angra do Herosmo');
insert into city(region_id, name) values (1097, 'Fayal');
insert into city(region_id, name) values (1097, 'Madalena');
insert into city(region_id, name) values (1097, 'Ponta Delgada');
insert into city(region_id, name) values (1097, 'Praia da Vitria');
insert into city(region_id, name) values (1117, 'Adjuntas');
insert into city(region_id, name) values (1117, 'Aguada');
insert into city(region_id, name) values (1117, 'Aguas Buenas');
insert into city(region_id, name) values (1117, 'Angeles');
insert into city(region_id, name) values (1117, 'Arecibo');
insert into city(region_id, name) values (1117, 'Bayamon');
insert into city(region_id, name) values (1117, 'Camuy');
insert into city(region_id, name) values (1117, 'Dorado');
insert into city(region_id, name) values (1117, 'Gurabo');
insert into city(region_id, name) values (1117, 'Mayaguez');
insert into city(region_id, name) values (1117, 'Puerto Real');
insert into city(region_id, name) values (1117, 'Quebradillas');
insert into city(region_id, name) values (1117, 'San Juan');
insert into city(region_id, name) values (1117, 'San Lorenzo');
insert into city(region_id, name) values (1117, 'Santa Isabel');
insert into region(id, country_id, name) values (1118, 149, 'Saint-Denis');
insert into city(region_id, name) values (689, 'Agrigento');
insert into city(region_id, name) values (689, 'Licata');
insert into city(region_id, name) values (689, 'Siculiana');
insert into city(region_id, name) values (930, 'Acala');
insert into city(region_id, name) values (930, 'Coatzacoalcos');
insert into city(region_id, name) values (930, 'Orizaba');
insert into city(region_id, name) values (930, 'Papantla de Olarte');
insert into city(region_id, name) values (930, 'Potrero del Llano');
insert into city(region_id, name) values (930, 'Tuxpan de Rodrguez Cano');
insert into city(region_id, name) values (930, 'Veracruz');
insert into city(region_id, name) values (930, 'Veracruz Llave');
insert into city(region_id, name) values (930, 'Xalapa');
insert into city(region_id, name) values (989, 'Aakrehamn');
insert into city(region_id, name) values (989, 'lgrd');
insert into city(region_id, name) values (989, 'Bryne');
insert into city(region_id, name) values (989, 'Egersund');
insert into city(region_id, name) values (989, 'Figgjo');
insert into city(region_id, name) values (989, 'Haugesund');
insert into city(region_id, name) values (989, 'Karst');
insert into city(region_id, name) values (989, 'Leirvik');
insert into city(region_id, name) values (989, 'Sandnes');
insert into city(region_id, name) values (989, 'Stavanger');
insert into city(region_id, name) values (989, 'Stavenger');
insert into city(region_id, name) values (989, 'Tasta');
insert into city(region_id, name) values (1017, 'La Perla');
insert into city(region_id, name) values (1039, 'Augustowo');
insert into city(region_id, name) values (1039, 'Cekcyn');
insert into city(region_id, name) values (1039, 'Chojnice');
insert into city(region_id, name) values (1039, 'Fordon');
insert into city(region_id, name) values (1039, 'Inovrotslav');
insert into city(region_id, name) values (1039, 'Slesin');
insert into city(region_id, name) values (1098, 'A do Ledo');
insert into city(region_id, name) values (1098, 'Beja');
insert into city(region_id, name) values (1098, 'Boavista dos Pinheiros');
insert into city(region_id, name) values (1098, 'San Teotnio');
insert into city(region_id, name) values (1118, 'Sant-Denis');
insert into region(id, country_id, name) values (1119, 150, 'Ruanda');
insert into city(region_id, name) values (690, 'Aci Sant''''Antonio');
insert into city(region_id, name) values (690, 'Acireale');
insert into city(region_id, name) values (690, 'Biancavilla');
insert into city(region_id, name) values (690, 'Castiglione di Sicilia');
insert into city(region_id, name) values (690, 'Catania');
insert into city(region_id, name) values (690, 'Giarre');
insert into city(region_id, name) values (690, 'Linguaglossa');
insert into city(region_id, name) values (690, 'Maletto');
insert into city(region_id, name) values (690, 'Mazzarrone');
insert into city(region_id, name) values (690, 'Randazzo');
insert into city(region_id, name) values (690, 'Santa Venerina');
insert into city(region_id, name) values (931, 'Mrida');
insert into city(region_id, name) values (931, 'Valladolid');
insert into city(region_id, name) values (990, 'Aalen');
insert into city(region_id, name) values (990, 'rberg');
insert into city(region_id, name) values (990, 'Flor');
insert into city(region_id, name) values (990, 'Frde');
insert into city(region_id, name) values (990, 'Mly');
insert into city(region_id, name) values (990, 'Nordfjordeid');
insert into city(region_id, name) values (990, 'Stryn');
insert into city(region_id, name) values (1018, 'Astana');
insert into city(region_id, name) values (1018, 'Cusco');
insert into city(region_id, name) values (1018, 'Machu Piccho');
insert into city(region_id, name) values (1018, 'Pisac');
insert into city(region_id, name) values (1040, 'Chem');
insert into city(region_id, name) values (1040, 'Horodyszcze');
insert into city(region_id, name) values (1040, 'Huta');
insert into city(region_id, name) values (1040, 'Krasnystaw');
insert into city(region_id, name) values (1099, 'Abao');
insert into city(region_id, name) values (1099, 'Aboim');
insert into city(region_id, name) values (1099, 'Aborim');
insert into city(region_id, name) values (1099, 'Agilde');
insert into city(region_id, name) values (1099, 'Agrelo');
insert into city(region_id, name) values (1099, 'Barcelos');
insert into city(region_id, name) values (1099, 'Braga');
insert into city(region_id, name) values (1099, 'Caldas de Vizela');
insert into city(region_id, name) values (1099, 'Esposende');
insert into city(region_id, name) values (1099, 'Famalico');
insert into city(region_id, name) values (1099, 'Guimares');
insert into city(region_id, name) values (1099, 'Lobo');
insert into city(region_id, name) values (1099, 'Vila Nova de Famalico');
insert into city(region_id, name) values (1099, 'Vila Verde');
insert into city(region_id, name) values (1119, 'Kigali');
insert into region(id, country_id, name) values (1120, 151, 'Alba');
insert into region(id, country_id, name) values (1121, 151, 'Arad');
insert into region(id, country_id, name) values (1122, 151, 'Arges');
insert into region(id, country_id, name) values (1123, 151, 'Bacau');
insert into region(id, country_id, name) values (1124, 151, 'Bihor');
insert into region(id, country_id, name) values (1125, 151, 'Bistrita-Nasaud');
insert into region(id, country_id, name) values (1126, 151, 'Botosani');
insert into region(id, country_id, name) values (1127, 151, 'Braila');
insert into region(id, country_id, name) values (1128, 151, 'Brasov');
insert into region(id, country_id, name) values (1129, 151, 'Bucuresti');
insert into region(id, country_id, name) values (1130, 151, 'Buzau');
insert into region(id, country_id, name) values (1131, 151, 'Calarasi');
insert into region(id, country_id, name) values (1132, 151, 'Caras-Severin');
insert into region(id, country_id, name) values (1133, 151, 'Cluj');
insert into region(id, country_id, name) values (1134, 151, 'Constanta');
insert into region(id, country_id, name) values (1135, 151, 'Covasna');
insert into region(id, country_id, name) values (1136, 151, 'Dambovita');
insert into region(id, country_id, name) values (1137, 151, 'Dolj');
insert into region(id, country_id, name) values (1138, 151, 'Galati');
insert into region(id, country_id, name) values (1139, 151, 'Giurgiu');
insert into region(id, country_id, name) values (1140, 151, 'Gorj');
insert into region(id, country_id, name) values (1141, 151, 'Harghita');
insert into region(id, country_id, name) values (1142, 151, 'Hunedoara');
insert into region(id, country_id, name) values (1143, 151, 'Ialomita');
insert into region(id, country_id, name) values (1144, 151, 'Iasi');
insert into region(id, country_id, name) values (1145, 151, 'Ilfov');
insert into region(id, country_id, name) values (1146, 151, 'Maramures');
insert into region(id, country_id, name) values (1147, 151, 'Mehedinti');
insert into region(id, country_id, name) values (1148, 151, 'Mures');
insert into region(id, country_id, name) values (1149, 151, 'Neamt');
insert into region(id, country_id, name) values (1150, 151, 'Olt');
insert into region(id, country_id, name) values (1151, 151, 'Prahova');
insert into region(id, country_id, name) values (1152, 151, 'Salaj');
insert into region(id, country_id, name) values (1153, 151, 'Satu Mare');
insert into region(id, country_id, name) values (1154, 151, 'Sibiu');
insert into region(id, country_id, name) values (1155, 151, 'Suceava');
insert into region(id, country_id, name) values (1156, 151, 'Teleorman');
insert into region(id, country_id, name) values (1157, 151, 'Timis');
insert into region(id, country_id, name) values (1158, 151, 'Tulcea');
insert into region(id, country_id, name) values (1159, 151, 'Valcea');
insert into region(id, country_id, name) values (1160, 151, 'Vaslui');
insert into region(id, country_id, name) values (1161, 151, 'Vrancea');
insert into city(region_id, name) values (691, 'Capo d''''Orlando');
insert into city(region_id, name) values (691, 'Capri Leone');
insert into city(region_id, name) values (691, 'Giardini-Naxos');
insert into city(region_id, name) values (691, 'Lipari');
insert into city(region_id, name) values (691, 'Malfa');
insert into city(region_id, name) values (691, 'Messina');
insert into city(region_id, name) values (691, 'Milazzo');
insert into city(region_id, name) values (691, 'Militello Rosmarino');
insert into city(region_id, name) values (691, 'Santo Stefano di Camastra');
insert into city(region_id, name) values (691, 'Taormina');
insert into city(region_id, name) values (991, '');
insert into city(region_id, name) values (991, 'Angen');
insert into city(region_id, name) values (991, 'Bakken');
insert into city(region_id, name) values (991, 'Hstnes');
insert into city(region_id, name) values (991, 'Leirvik');
insert into city(region_id, name) values (991, 'Lensvik');
insert into city(region_id, name) values (991, 'Oppdal');
insert into city(region_id, name) values (991, 'Orkanger');
insert into city(region_id, name) values (991, 'Trondheim');
insert into city(region_id, name) values (991, 'Trondhjem');
insert into city(region_id, name) values (1019, 'Tingo Mara');
insert into city(region_id, name) values (1041, 'Aleksandria Pierwsza');
insert into city(region_id, name) values (1041, 'Chenstochov');
insert into city(region_id, name) values (1041, 'Czestochowa');
insert into city(region_id, name) values (1100, 'Belver');
insert into city(region_id, name) values (1120, 'Abrud');
insert into city(region_id, name) values (1120, 'Aiud');
insert into city(region_id, name) values (1120, 'Alba Iulia');
insert into city(region_id, name) values (1120, 'Baia de Aries');
insert into city(region_id, name) values (1120, 'Blaj');
insert into city(region_id, name) values (1120, 'Campeni');
insert into city(region_id, name) values (1120, 'Cugir');
insert into city(region_id, name) values (1120, 'Ocna Mures');
insert into city(region_id, name) values (1120, 'Sebes');
insert into city(region_id, name) values (1120, 'Teius');
insert into city(region_id, name) values (1120, 'Zlatna');
insert into region(id, country_id, name) values (1162, 152, 'Alabama');
insert into region(id, country_id, name) values (1163, 152, 'Alaska');
insert into region(id, country_id, name) values (1164, 152, 'American Samoa');
insert into region(id, country_id, name) values (1165, 152, 'Arizona');
insert into region(id, country_id, name) values (1166, 152, 'Arkansas');
insert into region(id, country_id, name) values (1167, 152, 'California');
insert into region(id, country_id, name) values (1168, 152, 'Colorado');
insert into region(id, country_id, name) values (1169, 152, 'Connecticut');
insert into region(id, country_id, name) values (1170, 152, 'Delaware');
insert into region(id, country_id, name) values (1171, 152, 'District of Columbia');
insert into region(id, country_id, name) values (1172, 152, 'Florida');
insert into region(id, country_id, name) values (1173, 152, 'Georgia');
insert into region(id, country_id, name) values (1174, 152, 'Hawaii');
insert into region(id, country_id, name) values (1175, 152, 'Idaho');
insert into region(id, country_id, name) values (1176, 152, 'Illinois');
insert into region(id, country_id, name) values (1177, 152, 'Indiana');
insert into region(id, country_id, name) values (1178, 152, 'Iowa');
insert into region(id, country_id, name) values (1179, 152, 'Kansas');
insert into region(id, country_id, name) values (1180, 152, 'Kentucky');
insert into region(id, country_id, name) values (1181, 152, 'Louisiana');
insert into region(id, country_id, name) values (1182, 152, 'Maine');
insert into region(id, country_id, name) values (1183, 152, 'Maryland');
insert into region(id, country_id, name) values (1184, 152, 'Massachusetts');
insert into region(id, country_id, name) values (1185, 152, 'Michigan');
insert into region(id, country_id, name) values (1186, 152, 'Minnesota');
insert into region(id, country_id, name) values (1187, 152, 'Mississippi');
insert into region(id, country_id, name) values (1188, 152, 'Missouri');
insert into region(id, country_id, name) values (1189, 152, 'Montana');
insert into region(id, country_id, name) values (1190, 152, 'Nebraska');
insert into region(id, country_id, name) values (1191, 152, 'Nevada');
insert into region(id, country_id, name) values (1192, 152, 'New Hampshire');
insert into region(id, country_id, name) values (1193, 152, 'New Jersey');
insert into region(id, country_id, name) values (1194, 152, 'New Mexico');
insert into region(id, country_id, name) values (1195, 152, 'New York');
insert into region(id, country_id, name) values (1196, 152, 'North Carolina');
insert into region(id, country_id, name) values (1197, 152, 'North Dakota');
insert into region(id, country_id, name) values (1198, 152, 'Ohio');
insert into region(id, country_id, name) values (1199, 152, 'Oklahoma');
insert into region(id, country_id, name) values (1200, 152, 'Oregon');
insert into region(id, country_id, name) values (1201, 152, 'Pennsylvania');
insert into region(id, country_id, name) values (1202, 152, 'Rhode Island');
insert into region(id, country_id, name) values (1203, 152, 'South Carolina');
insert into region(id, country_id, name) values (1204, 152, 'South Dakota');
insert into region(id, country_id, name) values (1205, 152, 'Tennessee');
insert into region(id, country_id, name) values (1206, 152, 'Texas');
insert into region(id, country_id, name) values (1207, 152, 'Utah');
insert into region(id, country_id, name) values (1208, 152, 'Vermont');
insert into region(id, country_id, name) values (1209, 152, 'Virgin Islands');
insert into region(id, country_id, name) values (1210, 152, 'Virginia');
insert into region(id, country_id, name) values (1211, 152, 'Washington');
insert into region(id, country_id, name) values (1212, 152, 'West Virginia');
insert into region(id, country_id, name) values (1213, 152, 'Wisconsin');
insert into region(id, country_id, name) values (1214, 152, 'Wyoming');
insert into city(region_id, name) values (692, 'Alimena');
insert into city(region_id, name) values (692, 'Altofonte');
insert into city(region_id, name) values (692, 'Blufi');
insert into city(region_id, name) values (692, 'Borgetto');
insert into city(region_id, name) values (692, 'Capaci');
insert into city(region_id, name) values (692, 'Corleone');
insert into city(region_id, name) values (692, 'Palermo');
insert into city(region_id, name) values (692, 'Santa Cristina Gela');
insert into city(region_id, name) values (692, 'Torretta');
insert into city(region_id, name) values (692, 'Ventimiglia di Sicilia');
insert into city(region_id, name) values (992, 'rak');
insert into city(region_id, name) values (992, 'rnes i Telemark');
insert into city(region_id, name) values (992, 'Bergan');
insert into city(region_id, name) values (992, 'B');
insert into city(region_id, name) values (992, 'B i Telemark');
insert into city(region_id, name) values (992, 'Drangedal');
insert into city(region_id, name) values (992, 'Krager');
insert into city(region_id, name) values (992, 'Notodden');
insert into city(region_id, name) values (992, 'Porsgrunn');
insert into city(region_id, name) values (992, 'Skien');
insert into city(region_id, name) values (1020, 'Agua Salada');
insert into city(region_id, name) values (1020, 'Aja');
insert into city(region_id, name) values (1020, 'Pisco');
insert into city(region_id, name) values (1020, 'Ullujalla Hacienda');
insert into city(region_id, name) values (1042, 'Breslau');
insert into city(region_id, name) values (1042, 'Breslavia');
insert into city(region_id, name) values (1042, 'Czerniawa-Zdrj');
insert into city(region_id, name) values (1042, 'Jelenia Gra');
insert into city(region_id, name) values (1042, 'Liebau');
insert into city(region_id, name) values (1042, 'Rybnica');
insert into city(region_id, name) values (1042, 'Vrotslav');
insert into city(region_id, name) values (1042, 'Wrocaw');
insert into city(region_id, name) values (1042, 'Wrosaw');
insert into city(region_id, name) values (1101, 'Alvaro');
insert into city(region_id, name) values (1101, 'Casais');
insert into city(region_id, name) values (1101, 'Castelo Branco');
insert into city(region_id, name) values (1101, 'Covilh');
insert into city(region_id, name) values (1101, 'Fundo');
insert into city(region_id, name) values (1101, 'Fundo');
insert into city(region_id, name) values (1121, 'Arad');
insert into city(region_id, name) values (1121, 'Chisineu-Cris');
insert into city(region_id, name) values (1121, 'Curtici');
insert into city(region_id, name) values (1121, 'Ineu');
insert into city(region_id, name) values (1121, 'Lipova');
insert into city(region_id, name) values (1121, 'Nadlac');
insert into city(region_id, name) values (1121, 'Pancota');
insert into city(region_id, name) values (1121, 'Sebis');
insert into city(region_id, name) values (1162, 'Abbeville');
insert into city(region_id, name) values (1162, 'Abernant');
insert into city(region_id, name) values (1162, 'Addison');
insert into city(region_id, name) values (1162, 'Adger');
insert into city(region_id, name) values (1162, 'Akron');
insert into city(region_id, name) values (1162, 'Alberta');
insert into city(region_id, name) values (1162, 'Alma');
insert into city(region_id, name) values (1162, 'Alpine');
insert into city(region_id, name) values (1162, 'Alton');
insert into city(region_id, name) values (1162, 'Auburn');
insert into city(region_id, name) values (1162, 'Birmingham');
insert into city(region_id, name) values (1162, 'Bon Air');
insert into city(region_id, name) values (1162, 'Campbell');
insert into city(region_id, name) values (1162, 'Cullman');
insert into city(region_id, name) values (1162, 'Decatur');
insert into city(region_id, name) values (1162, 'Delmar');
insert into city(region_id, name) values (1162, 'Detroit');
insert into city(region_id, name) values (1162, 'Fort Rucker');
insert into city(region_id, name) values (1162, 'Gadsden');
insert into city(region_id, name) values (1162, 'Greensboro');
insert into city(region_id, name) values (1162, 'Gulf Shores');
insert into city(region_id, name) values (1162, 'Hollywood');
insert into city(region_id, name) values (1162, 'Huntsville');
insert into city(region_id, name) values (1162, 'Jacksonville');
insert into city(region_id, name) values (1162, 'Mobile');
insert into city(region_id, name) values (1162, 'Montgomery');
insert into city(region_id, name) values (1162, 'Opp');
insert into city(region_id, name) values (1162, 'Orange Beach');
insert into city(region_id, name) values (1162, 'Sweet Water');
insert into city(region_id, name) values (1162, 'Troy');
insert into city(region_id, name) values (1162, 'York');
insert into region(id, country_id, name) values (1215, 153, 'Ahuachapan');
insert into region(id, country_id, name) values (1216, 153, 'La Libertad');
insert into region(id, country_id, name) values (1217, 153, 'La Paz');
insert into region(id, country_id, name) values (1218, 153, 'La Union');
insert into region(id, country_id, name) values (1219, 153, 'San Miguel');
insert into region(id, country_id, name) values (1220, 153, 'San Salvador');
insert into city(region_id, name) values (693, 'Pozzallo');
insert into city(region_id, name) values (693, 'Ragusa');
insert into city(region_id, name) values (693, 'Scicli');
insert into city(region_id, name) values (693, 'Vittoria');
insert into city(region_id, name) values (993, '');
insert into city(region_id, name) values (993, 'Aanstad');
insert into city(region_id, name) values (993, 'Berg');
insert into city(region_id, name) values (993, 'Finnsnes');
insert into city(region_id, name) values (993, 'Harstad');
insert into city(region_id, name) values (993, 'Kirkesjord');
insert into city(region_id, name) values (993, 'Nordlenangen');
insert into city(region_id, name) values (993, 'Skjervy');
insert into city(region_id, name) values (993, 'Troms');
insert into city(region_id, name) values (993, 'Vanneried');
insert into city(region_id, name) values (1021, 'Huancayo');
insert into city(region_id, name) values (1021, 'Jauja');
insert into city(region_id, name) values (1021, 'Satipo');
insert into city(region_id, name) values (1043, 'Braniewo');
insert into city(region_id, name) values (1043, 'Elblag');
insert into city(region_id, name) values (1102, 'Arganil');
insert into city(region_id, name) values (1102, 'Avelar');
insert into city(region_id, name) values (1102, 'Brasfemes');
insert into city(region_id, name) values (1102, 'Coimbra');
insert into city(region_id, name) values (1102, 'Figueira da Foz');
insert into city(region_id, name) values (1102, 'Ponte de Vilela');
insert into city(region_id, name) values (1122, 'Campulung-Muscel');
insert into city(region_id, name) values (1122, 'Costesti');
insert into city(region_id, name) values (1122, 'Curtea de Arges');
insert into city(region_id, name) values (1122, 'Mioveni');
insert into city(region_id, name) values (1122, 'Pitesti');
insert into city(region_id, name) values (1122, 'Topoloveni');
insert into city(region_id, name) values (1163, 'Adak');
insert into city(region_id, name) values (1163, 'Aleknagik');
insert into city(region_id, name) values (1163, 'Ambler');
insert into city(region_id, name) values (1163, 'Anchorage');
insert into city(region_id, name) values (1163, 'Angoon');
insert into city(region_id, name) values (1163, 'Atka');
insert into city(region_id, name) values (1163, 'Auke Bay');
insert into city(region_id, name) values (1163, 'Barrow');
insert into city(region_id, name) values (1163, 'Big Lake');
insert into city(region_id, name) values (1163, 'Cordova');
insert into city(region_id, name) values (1163, 'Delta Junction');
insert into city(region_id, name) values (1163, 'Douglas');
insert into city(region_id, name) values (1163, 'Fairbanks');
insert into city(region_id, name) values (1163, 'Funny River');
insert into city(region_id, name) values (1163, 'Homer');
insert into city(region_id, name) values (1163, 'Juneau');
insert into city(region_id, name) values (1163, 'Kenai');
insert into city(region_id, name) values (1163, 'Ketchikan');
insert into city(region_id, name) values (1163, 'Nome');
insert into city(region_id, name) values (1163, 'North Pole');
insert into city(region_id, name) values (1163, 'Petersburg');
insert into city(region_id, name) values (1163, 'Russian Mission');
insert into city(region_id, name) values (1163, 'Wasilla');
insert into city(region_id, name) values (1163, 'Yakutat');
insert into city(region_id, name) values (1215, 'Ahuachapan');
insert into region(id, country_id, name) values (1221, 154, 'Samoa');
insert into city(region_id, name) values (694, 'Augusta');
insert into city(region_id, name) values (694, 'Pachino');
insert into city(region_id, name) values (694, 'Siracusa');
insert into city(region_id, name) values (694, 'Solarino');
insert into city(region_id, name) values (994, 'Farestad');
insert into city(region_id, name) values (994, 'Flekkefjord');
insert into city(region_id, name) values (994, 'Grimestad');
insert into city(region_id, name) values (994, 'Kristiansand');
insert into city(region_id, name) values (994, 'Lyngdal');
insert into city(region_id, name) values (994, 'Mandal');
insert into city(region_id, name) values (994, 'Vennesla');
insert into city(region_id, name) values (994, 'Vike');
insert into city(region_id, name) values (1022, 'Chocope');
insert into city(region_id, name) values (1022, 'Trujillo');
insert into city(region_id, name) values (1044, 'Althtte');
insert into city(region_id, name) values (1044, 'Botnik');
insert into city(region_id, name) values (1044, 'Banino');
insert into city(region_id, name) values (1044, 'Bieszki');
insert into city(region_id, name) values (1044, 'Choczewo');
insert into city(region_id, name) values (1044, 'Gdingen');
insert into city(region_id, name) values (1044, 'Gdynia');
insert into city(region_id, name) values (1044, 'Grki Zachodnie');
insert into city(region_id, name) values (1044, 'Huta');
insert into city(region_id, name) values (1044, 'Lezno');
insert into city(region_id, name) values (1044, 'Sopot');
insert into city(region_id, name) values (1044, 'Tczew');
insert into city(region_id, name) values (1044, 'Wrzeszcz');
insert into city(region_id, name) values (1103, 'Barro Branco');
insert into city(region_id, name) values (1103, 'Casa Nova');
insert into city(region_id, name) values (1103, 'vora');
insert into city(region_id, name) values (1103, 'Reguengos de Monsaraz');
insert into city(region_id, name) values (1103, 'Vendas Novas');
insert into city(region_id, name) values (1123, 'Bacau');
insert into city(region_id, name) values (1123, 'Buhusi');
insert into city(region_id, name) values (1123, 'Comanesti');
insert into city(region_id, name) values (1123, 'Darmanesti');
insert into city(region_id, name) values (1123, 'Moinesti');
insert into city(region_id, name) values (1123, 'Onesti');
insert into city(region_id, name) values (1123, 'Slanic Moldova');
insert into city(region_id, name) values (1123, 'Targu Ocna');
insert into city(region_id, name) values (1164, 'Pago Pago');
insert into city(region_id, name) values (1216, 'Nueva San Salvador');
insert into city(region_id, name) values (1221, 'Alia');
insert into city(region_id, name) values (1221, 'Pago-Pago');
insert into region(id, country_id, name) values (1222, 155, 'Acquaviva');
insert into region(id, country_id, name) values (1223, 155, 'Chiesanuova');
insert into region(id, country_id, name) values (1224, 155, 'Serravalle');
insert into city(region_id, name) values (695, 'Marsala');
insert into city(region_id, name) values (695, 'Trapani');
insert into city(region_id, name) values (995, 's');
insert into city(region_id, name) values (995, 'Bergan');
insert into city(region_id, name) values (995, 'Bukta');
insert into city(region_id, name) values (995, 'Horten');
insert into city(region_id, name) values (995, 'Larvik');
insert into city(region_id, name) values (995, 'Nttery');
insert into city(region_id, name) values (995, 'Sandefjord');
insert into city(region_id, name) values (995, 'Tjme');
insert into city(region_id, name) values (995, 'Tnsberg');
insert into city(region_id, name) values (1023, 'Chiclayo');
insert into city(region_id, name) values (1023, 'Lambayeque');
insert into city(region_id, name) values (1045, 'Gorzw Wielkopolski');
insert into city(region_id, name) values (1045, 'Kostrzyn nad Odra');
insert into city(region_id, name) values (1045, 'Subice');
insert into city(region_id, name) values (1104, 'Abutreira');
insert into city(region_id, name) values (1104, 'Albufeira');
insert into city(region_id, name) values (1104, 'Alcantarilha');
insert into city(region_id, name) values (1104, 'Algoz');
insert into city(region_id, name) values (1104, 'Aljezur');
insert into city(region_id, name) values (1104, 'Almancil');
insert into city(region_id, name) values (1104, 'Altura');
insert into city(region_id, name) values (1104, 'Alvor');
insert into city(region_id, name) values (1104, 'Armao de Pra');
insert into city(region_id, name) values (1104, 'Belm');
insert into city(region_id, name) values (1104, 'Cabanas');
insert into city(region_id, name) values (1104, 'Esti');
insert into city(region_id, name) values (1104, 'Faro');
insert into city(region_id, name) values (1104, 'Foia');
insert into city(region_id, name) values (1104, 'Lagoa');
insert into city(region_id, name) values (1104, 'Lagoa');
insert into city(region_id, name) values (1104, 'Lagoas');
insert into city(region_id, name) values (1104, 'Lagos');
insert into city(region_id, name) values (1104, 'Loul');
insert into city(region_id, name) values (1104, 'Mexilhoeira Grande');
insert into city(region_id, name) values (1104, 'Monte Negro');
insert into city(region_id, name) values (1104, 'Odeceixe');
insert into city(region_id, name) values (1104, 'Olho');
insert into city(region_id, name) values (1104, 'Pero de Elvas');
insert into city(region_id, name) values (1104, 'Portimo');
insert into city(region_id, name) values (1104, 'Quarteira');
insert into city(region_id, name) values (1104, 'Sagres');
insert into city(region_id, name) values (1104, 'Silves');
insert into city(region_id, name) values (1104, 'Tavira');
insert into city(region_id, name) values (1104, 'Vila Real de San Antnio');
insert into city(region_id, name) values (1104, 'Vila Real de Santo Antnio');
insert into city(region_id, name) values (1124, 'Alesd');
insert into city(region_id, name) values (1124, 'Beius');
insert into city(region_id, name) values (1124, 'Marghita');
insert into city(region_id, name) values (1124, 'Nucet');
insert into city(region_id, name) values (1124, 'Oradea');
insert into city(region_id, name) values (1124, 'Salonta');
insert into city(region_id, name) values (1124, 'Stei');
insert into city(region_id, name) values (1124, 'Valea lui Mihai');
insert into city(region_id, name) values (1124, 'Vascau');
insert into city(region_id, name) values (1165, 'Aguila');
insert into city(region_id, name) values (1165, 'Ajo');
insert into city(region_id, name) values (1165, 'Alpine');
insert into city(region_id, name) values (1165, 'Amado');
insert into city(region_id, name) values (1165, 'Arivaca');
insert into city(region_id, name) values (1165, 'Arizona City');
insert into city(region_id, name) values (1165, 'Ash Fork');
insert into city(region_id, name) values (1165, 'Avondale');
insert into city(region_id, name) values (1165, 'Benson');
insert into city(region_id, name) values (1165, 'Big Park');
insert into city(region_id, name) values (1165, 'Bullhead City');
insert into city(region_id, name) values (1165, 'Carefree');
insert into city(region_id, name) values (1165, 'Casa Grande');
insert into city(region_id, name) values (1165, 'Chandler');
insert into city(region_id, name) values (1165, 'Colorado City');
insert into city(region_id, name) values (1165, 'Flagstaff');
insert into city(region_id, name) values (1165, 'Fort Huachuca');
insert into city(region_id, name) values (1165, 'Gilbert');
insert into city(region_id, name) values (1165, 'Glendale');
insert into city(region_id, name) values (1165, 'Kingman');
insert into city(region_id, name) values (1165, 'Lake Havasu City');
insert into city(region_id, name) values (1165, 'Lake Montezuma');
insert into city(region_id, name) values (1165, 'Lakeside');
insert into city(region_id, name) values (1165, 'Maricopa');
insert into city(region_id, name) values (1165, 'Mesa');
insert into city(region_id, name) values (1165, 'Miami');
insert into city(region_id, name) values (1165, 'Paradise Valley');
insert into city(region_id, name) values (1165, 'Payson');
insert into city(region_id, name) values (1165, 'Peoria');
insert into city(region_id, name) values (1165, 'Phoenix');
insert into city(region_id, name) values (1165, 'Prescott Valley');
insert into city(region_id, name) values (1165, 'Scottsdale');
insert into city(region_id, name) values (1165, 'Tempe');
insert into city(region_id, name) values (1165, 'Thatcher');
insert into city(region_id, name) values (1165, 'Tucson');
insert into city(region_id, name) values (1217, 'Zakatekoluka');
insert into city(region_id, name) values (1222, 'Acquaviva');
insert into region(id, country_id, name) values (1225, 156, 'San-Tome');
insert into city(region_id, name) values (696, 'Anghiari');
insert into city(region_id, name) values (696, 'Arezzo');
insert into city(region_id, name) values (696, 'Castiglion Fiorentino');
insert into city(region_id, name) values (696, 'Pieve Santo Stefano');
insert into city(region_id, name) values (1024, 'Acacoto');
insert into city(region_id, name) values (1024, 'Acho');
insert into city(region_id, name) values (1024, 'Agua');
insert into city(region_id, name) values (1024, 'Agustino');
insert into city(region_id, name) values (1024, 'Balconcillo de Aviyay');
insert into city(region_id, name) values (1024, 'Chorrillos');
insert into city(region_id, name) values (1024, 'Chosica');
insert into city(region_id, name) values (1024, 'Higuereta');
insert into city(region_id, name) values (1024, 'Huacho');
insert into city(region_id, name) values (1024, 'La Victoria');
insert into city(region_id, name) values (1024, 'Lima');
insert into city(region_id, name) values (1024, 'Litma');
insert into city(region_id, name) values (1024, 'Los Cipreses');
insert into city(region_id, name) values (1024, 'Los Olivos');
insert into city(region_id, name) values (1024, 'Magdalena del Mar');
insert into city(region_id, name) values (1024, 'Miraflores');
insert into city(region_id, name) values (1024, 'Rmac');
insert into city(region_id, name) values (1024, 'San Borja');
insert into city(region_id, name) values (1024, 'Santa Anita');
insert into city(region_id, name) values (1024, 'Santiago de Surco');
insert into city(region_id, name) values (1024, 'Surco');
insert into city(region_id, name) values (1024, 'Vitarte');
insert into city(region_id, name) values (1046, 'Bolesawiec');
insert into city(region_id, name) values (1046, 'Boleslawice');
insert into city(region_id, name) values (1046, 'Czarne');
insert into city(region_id, name) values (1046, 'Wlen');
insert into city(region_id, name) values (1046, 'Zgorzelec');
insert into city(region_id, name) values (1046, 'Zgorzelice');
insert into city(region_id, name) values (1105, 'Albardeiros');
insert into city(region_id, name) values (1105, 'Alcarva');
insert into city(region_id, name) values (1105, 'Guarda');
insert into city(region_id, name) values (1105, 'Seia');
insert into city(region_id, name) values (1105, 'Vila Nova de Fozcoa');
insert into city(region_id, name) values (1125, 'Beclean');
insert into city(region_id, name) values (1125, 'Bistrita');
insert into city(region_id, name) values (1125, 'Nasaud');
insert into city(region_id, name) values (1125, 'Sangeorz-Bai');
insert into city(region_id, name) values (1166, 'Alicia');
insert into city(region_id, name) values (1166, 'Avoca');
insert into city(region_id, name) values (1166, 'Bentonville');
insert into city(region_id, name) values (1166, 'Chidester');
insert into city(region_id, name) values (1166, 'Conway');
insert into city(region_id, name) values (1166, 'England');
insert into city(region_id, name) values (1166, 'Fayetteville');
insert into city(region_id, name) values (1166, 'Lavaca');
insert into city(region_id, name) values (1166, 'Little Rock');
insert into city(region_id, name) values (1166, 'Magnolia');
insert into city(region_id, name) values (1166, 'Paris');
insert into city(region_id, name) values (1166, 'Pine Bluff');
insert into city(region_id, name) values (1166, 'Sims');
insert into city(region_id, name) values (1218, 'La Union');
insert into city(region_id, name) values (1223, 'Chiesanuova');
insert into city(region_id, name) values (1225, 'San-Tome');
insert into region(id, country_id, name) values (1226, 157, 'Saudovskaya Araviya');
insert into city(region_id, name) values (697, 'Bagno a Ripoli');
insert into city(region_id, name) values (697, 'Castelfiorentino');
insert into city(region_id, name) values (697, 'Empoli');
insert into city(region_id, name) values (697, 'Fiesole');
insert into city(region_id, name) values (697, 'Figline Valdarno');
insert into city(region_id, name) values (697, 'Firenze');
insert into city(region_id, name) values (697, 'Fucecchio');
insert into city(region_id, name) values (1025, 'Iquitos');
insert into city(region_id, name) values (1047, 'Kalisz');
insert into city(region_id, name) values (1047, 'Ostrw Wielkopolski');
insert into city(region_id, name) values (1106, 'Alcobaa');
insert into city(region_id, name) values (1106, 'Amor');
insert into city(region_id, name) values (1106, 'Batalha');
insert into city(region_id, name) values (1106, 'Benedita');
insert into city(region_id, name) values (1106, 'Caldad da Rainha');
insert into city(region_id, name) values (1106, 'Caldas da Rainha');
insert into city(region_id, name) values (1106, 'Famalico');
insert into city(region_id, name) values (1106, 'Leira');
insert into city(region_id, name) values (1106, 'Leiria');
insert into city(region_id, name) values (1106, 'Marinha Grande');
insert into city(region_id, name) values (1106, 'Martingana');
insert into city(region_id, name) values (1106, 'Mira d''''Aire');
insert into city(region_id, name) values (1106, 'Nazar');
insert into city(region_id, name) values (1106, 'Peniche');
insert into city(region_id, name) values (1106, 'Pinheiros');
insert into city(region_id, name) values (1106, 'Pombal');
insert into city(region_id, name) values (1106, 'Porto de Ms');
insert into city(region_id, name) values (1106, 'So Martinho de Porto');
insert into city(region_id, name) values (1106, 'So Martinho do Porto');
insert into city(region_id, name) values (1106, 'Vermoil');
insert into city(region_id, name) values (1106, 'Zambujal');
insert into city(region_id, name) values (1126, 'Botosani');
insert into city(region_id, name) values (1126, 'Darabani');
insert into city(region_id, name) values (1126, 'Dorohoi');
insert into city(region_id, name) values (1126, 'Saveni');
insert into city(region_id, name) values (1167, 'Acampo');
insert into city(region_id, name) values (1167, 'Acton');
insert into city(region_id, name) values (1167, 'Adelanto');
insert into city(region_id, name) values (1167, 'Adin');
insert into city(region_id, name) values (1167, 'Aguanga');
insert into city(region_id, name) values (1167, 'Ahwahnee');
insert into city(region_id, name) values (1167, 'Alameda');
insert into city(region_id, name) values (1167, 'Alamo');
insert into city(region_id, name) values (1167, 'Albany');
insert into city(region_id, name) values (1167, 'Aliso Viejo');
insert into city(region_id, name) values (1167, 'Alleghany');
insert into city(region_id, name) values (1167, 'Alta');
insert into city(region_id, name) values (1167, 'Alta Loma');
insert into city(region_id, name) values (1167, 'Altadena');
insert into city(region_id, name) values (1167, 'Amador City');
insert into city(region_id, name) values (1167, 'Amboy');
insert into city(region_id, name) values (1167, 'American Canyon');
insert into city(region_id, name) values (1167, 'Anaheim');
insert into city(region_id, name) values (1167, 'Anderson');
insert into city(region_id, name) values (1167, 'Angels Camp');
insert into city(region_id, name) values (1167, 'Annapolis');
insert into city(region_id, name) values (1167, 'Antelope');
insert into city(region_id, name) values (1167, 'Arcadia');
insert into city(region_id, name) values (1167, 'Auburn');
insert into city(region_id, name) values (1167, 'Avenal');
insert into city(region_id, name) values (1167, 'Bakersfield');
insert into city(region_id, name) values (1167, 'Barstow');
insert into city(region_id, name) values (1167, 'Bass Lake');
insert into city(region_id, name) values (1167, 'Belmont');
insert into city(region_id, name) values (1167, 'Berkeley');
insert into city(region_id, name) values (1167, 'Beverly Hills');
insert into city(region_id, name) values (1167, 'Big Bar');
insert into city(region_id, name) values (1167, 'Bishop');
insert into city(region_id, name) values (1167, 'Blue Lake');
insert into city(region_id, name) values (1167, 'Boyes Hot Springs');
insert into city(region_id, name) values (1167, 'Brea');
insert into city(region_id, name) values (1167, 'Brentwood');
insert into city(region_id, name) values (1167, 'Brooks');
insert into city(region_id, name) values (1167, 'Burbank');
insert into city(region_id, name) values (1167, 'Calabasas');
insert into city(region_id, name) values (1167, 'California City');
insert into city(region_id, name) values (1167, 'California Hot Springs');
insert into city(region_id, name) values (1167, 'Camarillo');
insert into city(region_id, name) values (1167, 'Campbell');
insert into city(region_id, name) values (1167, 'Cantil');
insert into city(region_id, name) values (1167, 'Capistrano Beach');
insert into city(region_id, name) values (1167, 'Carlsbad');
insert into city(region_id, name) values (1167, 'Carmichael');
insert into city(region_id, name) values (1167, 'Castro Valley');
insert into city(region_id, name) values (1167, 'Cazadero');
insert into city(region_id, name) values (1167, 'Ceres');
insert into city(region_id, name) values (1167, 'Chicago Park');
insert into city(region_id, name) values (1167, 'Chico');
insert into city(region_id, name) values (1167, 'Chino');
insert into city(region_id, name) values (1167, 'Chula Vista');
insert into city(region_id, name) values (1167, 'Citrus Heights');
insert into city(region_id, name) values (1167, 'Clovis');
insert into city(region_id, name) values (1167, 'Concord');
insert into city(region_id, name) values (1167, 'Cool');
insert into city(region_id, name) values (1167, 'Corona');
insert into city(region_id, name) values (1167, 'Coronado');
insert into city(region_id, name) values (1167, 'Corte Madera');
insert into city(region_id, name) values (1167, 'Costa Mesa');
insert into city(region_id, name) values (1167, 'Covina');
insert into city(region_id, name) values (1167, 'Coyote');
insert into city(region_id, name) values (1167, 'Crest Park');
insert into city(region_id, name) values (1167, 'Cupertino');
insert into city(region_id, name) values (1167, 'Daly City');
insert into city(region_id, name) values (1167, 'Danville');
insert into city(region_id, name) values (1167, 'Davis');
insert into city(region_id, name) values (1167, 'Del Mar');
insert into city(region_id, name) values (1167, 'Dos Rios');
insert into city(region_id, name) values (1167, 'Dublin');
insert into city(region_id, name) values (1167, 'Dunnigan');
insert into city(region_id, name) values (1167, 'El Cajon');
insert into city(region_id, name) values (1167, 'El Cerrito');
insert into city(region_id, name) values (1167, 'El Dorado Hills');
insert into city(region_id, name) values (1167, 'Encino');
insert into city(region_id, name) values (1167, 'Eureka');
insert into city(region_id, name) values (1167, 'Fairfield');
insert into city(region_id, name) values (1167, 'Foster City');
insert into city(region_id, name) values (1167, 'Fountain Valley');
insert into city(region_id, name) values (1167, 'Fremont');
insert into city(region_id, name) values (1167, 'Fresno');
insert into city(region_id, name) values (1167, 'Gerber');
insert into city(region_id, name) values (1167, 'Gilroy');
insert into city(region_id, name) values (1167, 'Glendale');
insert into city(region_id, name) values (1167, 'Granada Hills');
insert into city(region_id, name) values (1167, 'Half Moon Bay');
insert into city(region_id, name) values (1167, 'Hayward');
insert into city(region_id, name) values (1167, 'Holy City');
insert into city(region_id, name) values (1167, 'Huntington Beach');
insert into city(region_id, name) values (1167, 'Huntington Park');
insert into city(region_id, name) values (1167, 'Ione');
insert into city(region_id, name) values (1167, 'Irvine');
insert into city(region_id, name) values (1167, 'Jackson');
insert into city(region_id, name) values (1167, 'King City');
insert into city(region_id, name) values (1167, 'Kingsburg');
insert into city(region_id, name) values (1167, 'Kyburz');
insert into city(region_id, name) values (1167, 'La Grange');
insert into city(region_id, name) values (1167, 'La Habra');
insert into city(region_id, name) values (1167, 'La Jolla');
insert into city(region_id, name) values (1167, 'Lafayette');
insert into city(region_id, name) values (1167, 'Laguna Beach');
insert into city(region_id, name) values (1167, 'Laguna Hills');
insert into city(region_id, name) values (1167, 'Lake Elsinore');
insert into city(region_id, name) values (1167, 'Lake Forest');
insert into city(region_id, name) values (1167, 'Lakewood');
insert into city(region_id, name) values (1167, 'Lancaster');
insert into city(region_id, name) values (1167, 'Laton');
insert into city(region_id, name) values (1167, 'Long Beach');
insert into city(region_id, name) values (1167, 'Los Alamitos');
insert into city(region_id, name) values (1167, 'Los Altos');
insert into city(region_id, name) values (1167, 'Los Angeles');
insert into city(region_id, name) values (1167, 'Los Gatos');
insert into city(region_id, name) values (1167, 'Malibu');
insert into city(region_id, name) values (1167, 'Manhattan Beach');
insert into city(region_id, name) values (1167, 'Manteca');
insert into city(region_id, name) values (1167, 'Marina');
insert into city(region_id, name) values (1167, 'Merced');
insert into city(region_id, name) values (1167, 'Mill Valley');
insert into city(region_id, name) values (1167, 'Millbrae');
insert into city(region_id, name) values (1167, 'Milpitas');
insert into city(region_id, name) values (1167, 'Mira Loma');
insert into city(region_id, name) values (1167, 'Mission Hills');
insert into city(region_id, name) values (1167, 'Mission Viejo');
insert into city(region_id, name) values (1167, 'Modesto');
insert into city(region_id, name) values (1167, 'Monterey');
insert into city(region_id, name) values (1167, 'Mountain View');
insert into city(region_id, name) values (1167, 'National City');
insert into city(region_id, name) values (1167, 'Nevada City');
insert into city(region_id, name) values (1167, 'Newport Beach');
insert into city(region_id, name) values (1167, 'North Hollywood');
insert into city(region_id, name) values (1167, 'Novato');
insert into city(region_id, name) values (1167, 'Oakland');
insert into city(region_id, name) values (1167, 'Oceanside');
insert into city(region_id, name) values (1167, 'Ontario');
insert into city(region_id, name) values (1167, 'Oxnard');
insert into city(region_id, name) values (1167, 'Pacifica');
insert into city(region_id, name) values (1167, 'Palm Desert');
insert into city(region_id, name) values (1167, 'Palm Springs');
insert into city(region_id, name) values (1167, 'Palmdale');
insert into city(region_id, name) values (1167, 'Palo Alto');
insert into city(region_id, name) values (1167, 'Palo Verde');
insert into city(region_id, name) values (1167, 'Pasadena');
insert into city(region_id, name) values (1167, 'Penn Valley');
insert into city(region_id, name) values (1167, 'Pittsburg');
insert into city(region_id, name) values (1167, 'Pleasant Hill');
insert into city(region_id, name) values (1167, 'Pomona');
insert into city(region_id, name) values (1167, 'Poway');
insert into city(region_id, name) values (1167, 'Rancho Cordova');
insert into city(region_id, name) values (1167, 'Rancho Santa Margarita');
insert into city(region_id, name) values (1167, 'Redding');
insert into city(region_id, name) values (1167, 'Redondo Beach');
insert into city(region_id, name) values (1167, 'Redwood City');
insert into city(region_id, name) values (1167, 'Riverside');
insert into city(region_id, name) values (1167, 'Rocklin');
insert into city(region_id, name) values (1167, 'Roseville');
insert into city(region_id, name) values (1167, 'Sacramento');
insert into city(region_id, name) values (1167, 'Salinas');
insert into city(region_id, name) values (1167, 'San Ardo');
insert into city(region_id, name) values (1167, 'San Bernardino');
insert into city(region_id, name) values (1167, 'San Bruno');
insert into city(region_id, name) values (1167, 'San Clemente');
insert into city(region_id, name) values (1167, 'San Diego');
insert into city(region_id, name) values (1167, 'San Francisco');
insert into city(region_id, name) values (1167, 'San Gabriel');
insert into city(region_id, name) values (1167, 'San Jose');
insert into city(region_id, name) values (1167, 'San Marcos');
insert into city(region_id, name) values (1167, 'San Marino');
insert into city(region_id, name) values (1167, 'San Mateo');
insert into city(region_id, name) values (1167, 'San Pedro');
insert into city(region_id, name) values (1167, 'San Rafael');
insert into city(region_id, name) values (1167, 'San Ramon');
insert into city(region_id, name) values (1167, 'Santa Ana');
insert into city(region_id, name) values (1167, 'Santa Barbara');
insert into city(region_id, name) values (1167, 'Santa Clara');
insert into city(region_id, name) values (1167, 'Santa Cruz');
insert into city(region_id, name) values (1167, 'Santa Monica');
insert into city(region_id, name) values (1167, 'Santa Rosa');
insert into city(region_id, name) values (1167, 'Sherman Oaks');
insert into city(region_id, name) values (1167, 'Simi Valley');
insert into city(region_id, name) values (1167, 'Smith River');
insert into city(region_id, name) values (1167, 'South Lake Tahoe');
insert into city(region_id, name) values (1167, 'South San Francisco');
insert into city(region_id, name) values (1167, 'Squaw Valley');
insert into city(region_id, name) values (1167, 'Stanford');
insert into city(region_id, name) values (1167, 'Stockton');
insert into city(region_id, name) values (1167, 'Studio City');
insert into city(region_id, name) values (1167, 'Sunnyvale');
insert into city(region_id, name) values (1167, 'Tarzana');
insert into city(region_id, name) values (1167, 'Temecula');
insert into city(region_id, name) values (1167, 'Thousand Oaks');
insert into city(region_id, name) values (1167, 'Toluca Lake');
insert into city(region_id, name) values (1167, 'Torrance');
insert into city(region_id, name) values (1167, 'Tracy');
insert into city(region_id, name) values (1167, 'Turlock');
insert into city(region_id, name) values (1167, 'Tustin');
insert into city(region_id, name) values (1167, 'Vallejo');
insert into city(region_id, name) values (1167, 'Van Nuys');
insert into city(region_id, name) values (1167, 'Venice');
insert into city(region_id, name) values (1167, 'Ventura');
insert into city(region_id, name) values (1167, 'Walnut Creek');
insert into city(region_id, name) values (1167, 'Washington');
insert into city(region_id, name) values (1167, 'Weed');
insert into city(region_id, name) values (1167, 'West Hollywood');
insert into city(region_id, name) values (1167, 'Westwood');
insert into city(region_id, name) values (1167, 'Whittier');
insert into city(region_id, name) values (1167, 'Woodland Hills');
insert into city(region_id, name) values (1167, 'Yettem');
insert into city(region_id, name) values (1167, 'Yolo');
insert into city(region_id, name) values (1167, 'Yuba City');
insert into city(region_id, name) values (1219, 'San Miguel');
insert into city(region_id, name) values (1224, 'Falciano');
insert into city(region_id, name) values (1224, 'Serravalle');
insert into city(region_id, name) values (1226, 'Buraida');
insert into city(region_id, name) values (1226, 'Damam');
insert into city(region_id, name) values (1226, 'Djidda');
insert into city(region_id, name) values (1226, 'Mekka');
insert into city(region_id, name) values (1226, 'El-Bir');
insert into city(region_id, name) values (1226, 'Er-Riyad');
insert into region(id, country_id, name) values (1227, 158, 'Svazilend');
insert into city(region_id, name) values (698, 'Castiglione della Pescaia');
insert into city(region_id, name) values (698, 'Follonica');
insert into city(region_id, name) values (698, 'Gavorrano');
insert into city(region_id, name) values (698, 'Grosseto');
insert into city(region_id, name) values (698, 'Roccastrada');
insert into city(region_id, name) values (1026, 'Esperana');
insert into city(region_id, name) values (1048, 'Bedzin');
insert into city(region_id, name) values (1048, 'Bobrek Karf');
insert into city(region_id, name) values (1048, 'Bytom');
insert into city(region_id, name) values (1048, 'Dabrowa Gornicza');
insert into city(region_id, name) values (1048, 'Gliwice');
insert into city(region_id, name) values (1048, 'Jaworzno');
insert into city(region_id, name) values (1048, 'Katowice-Bogucice');
insert into city(region_id, name) values (1048, 'Katowice-Brynw');
insert into city(region_id, name) values (1048, 'Kattowice-Nord');
insert into city(region_id, name) values (1048, 'Kattowice-West');
insert into city(region_id, name) values (1048, 'Piekary Slaskie');
insert into city(region_id, name) values (1048, 'Racibrz');
insert into city(region_id, name) values (1048, 'Rybnik');
insert into city(region_id, name) values (1048, 'Sosnowiec');
insert into city(region_id, name) values (1048, 'Tarnowskie Gry');
insert into city(region_id, name) values (1048, 'Tychy');
insert into city(region_id, name) values (1048, 'Zabrze');
insert into city(region_id, name) values (1107, 'Agualva');
insert into city(region_id, name) values (1107, 'Alcntara');
insert into city(region_id, name) values (1107, 'Alenquer');
insert into city(region_id, name) values (1107, 'Alhandra');
insert into city(region_id, name) values (1107, 'Almada');
insert into city(region_id, name) values (1107, 'Alverca');
insert into city(region_id, name) values (1107, 'Amadora');
insert into city(region_id, name) values (1107, 'Arruda dos Vinhos');
insert into city(region_id, name) values (1107, 'Assenta');
insert into city(region_id, name) values (1107, 'Barreira');
insert into city(region_id, name) values (1107, 'Benfica');
insert into city(region_id, name) values (1107, 'Bucelas');
insert into city(region_id, name) values (1107, 'Cacm');
insert into city(region_id, name) values (1107, 'Cadaval');
insert into city(region_id, name) values (1107, 'Campolide');
insert into city(region_id, name) values (1107, 'Carcavelos');
insert into city(region_id, name) values (1107, 'Carcavelos');
insert into city(region_id, name) values (1107, 'Carregado');
insert into city(region_id, name) values (1107, 'Casais');
insert into city(region_id, name) values (1107, 'Casais');
insert into city(region_id, name) values (1107, 'Cascais');
insert into city(region_id, name) values (1107, 'Covas');
insert into city(region_id, name) values (1107, 'Estoril');
insert into city(region_id, name) values (1107, 'Funchal');
insert into city(region_id, name) values (1107, 'Lisboa');
insert into city(region_id, name) values (1107, 'Lisbon');
insert into city(region_id, name) values (1107, 'Lissabon');
insert into city(region_id, name) values (1107, 'Lourel');
insert into city(region_id, name) values (1107, 'Loures');
insert into city(region_id, name) values (1107, 'Lourinh');
insert into city(region_id, name) values (1107, 'Mafra');
insert into city(region_id, name) values (1107, 'Manique de Baixo');
insert into city(region_id, name) values (1107, 'Mem Martim');
insert into city(region_id, name) values (1107, 'Mem Martins');
insert into city(region_id, name) values (1107, 'Monte Estoril');
insert into city(region_id, name) values (1107, 'Moscavide');
insert into city(region_id, name) values (1107, 'Odivelas');
insert into city(region_id, name) values (1107, 'Oeiras');
insert into city(region_id, name) values (1107, 'Pao de Arcos');
insert into city(region_id, name) values (1107, 'Parede');
insert into city(region_id, name) values (1107, 'Pontinha');
insert into city(region_id, name) values (1107, 'Portela');
insert into city(region_id, name) values (1107, 'Porto');
insert into city(region_id, name) values (1107, 'Pvoa da Galega');
insert into city(region_id, name) values (1107, 'Pvoa Santa Iria');
insert into city(region_id, name) values (1107, 'Pragana');
insert into city(region_id, name) values (1107, 'Queluz');
insert into city(region_id, name) values (1107, 'Santa Cruz');
insert into city(region_id, name) values (1107, 'Santo Estvo');
insert into city(region_id, name) values (1107, 'So Domingos de Rana');
insert into city(region_id, name) values (1107, 'Seixal');
insert into city(region_id, name) values (1107, 'Sintra');
insert into city(region_id, name) values (1107, 'Tires');
insert into city(region_id, name) values (1107, 'Torres Vedras');
insert into city(region_id, name) values (1107, 'Vila Franca de Xira');
insert into city(region_id, name) values (1107, 'Vimeiro');
insert into city(region_id, name) values (1127, 'Braila');
insert into city(region_id, name) values (1127, 'Faurei');
insert into city(region_id, name) values (1127, 'Ianca');
insert into city(region_id, name) values (1127, 'Insuratei');
insert into city(region_id, name) values (1168, 'Agate');
insert into city(region_id, name) values (1168, 'Akron');
insert into city(region_id, name) values (1168, 'Almont');
insert into city(region_id, name) values (1168, 'Arvada');
insert into city(region_id, name) values (1168, 'Aspen');
insert into city(region_id, name) values (1168, 'Aurora');
insert into city(region_id, name) values (1168, 'Avon');
insert into city(region_id, name) values (1168, 'Bennett');
insert into city(region_id, name) values (1168, 'Bond');
insert into city(region_id, name) values (1168, 'Boulder');
insert into city(region_id, name) values (1168, 'Breckenridge');
insert into city(region_id, name) values (1168, 'Brighton');
insert into city(region_id, name) values (1168, 'Broomfield');
insert into city(region_id, name) values (1168, 'Carbondale');
insert into city(region_id, name) values (1168, 'Castle Rock');
insert into city(region_id, name) values (1168, 'Colorado City');
insert into city(region_id, name) values (1168, 'Colorado Springs');
insert into city(region_id, name) values (1168, 'Denver');
insert into city(region_id, name) values (1168, 'Dillon');
insert into city(region_id, name) values (1168, 'Durango');
insert into city(region_id, name) values (1168, 'Englewood');
insert into city(region_id, name) values (1168, 'Estes Park');
insert into city(region_id, name) values (1168, 'Evergreen');
insert into city(region_id, name) values (1168, 'Fort Collins');
insert into city(region_id, name) values (1168, 'Glenwood Springs');
insert into city(region_id, name) values (1168, 'Golden');
insert into city(region_id, name) values (1168, 'Grand Junction');
insert into city(region_id, name) values (1168, 'Idaho Springs');
insert into city(region_id, name) values (1168, 'Littleton');
insert into city(region_id, name) values (1168, 'Longmont');
insert into city(region_id, name) values (1168, 'Loveland');
insert into city(region_id, name) values (1168, 'Montrose');
insert into city(region_id, name) values (1168, 'Ordway');
insert into city(region_id, name) values (1168, 'Parker');
insert into city(region_id, name) values (1168, 'San Pablo');
insert into city(region_id, name) values (1168, 'Silverthorne');
insert into city(region_id, name) values (1168, 'Steamboat Springs');
insert into city(region_id, name) values (1168, 'Thornton');
insert into city(region_id, name) values (1168, 'Vail');
insert into city(region_id, name) values (1168, 'Westminster');
insert into city(region_id, name) values (1220, 'San-Salvador');
insert into city(region_id, name) values (1227, 'Mbabane');
insert into region(id, country_id, name) values (1228, 159, 'Kastri');
insert into city(region_id, name) values (699, 'Campo nell''''Elba');
insert into city(region_id, name) values (699, 'Cecina');
insert into city(region_id, name) values (699, 'Livorno');
insert into city(region_id, name) values (699, 'Marciana');
insert into city(region_id, name) values (699, 'Piombino');
insert into city(region_id, name) values (699, 'Portoferraio');
insert into city(region_id, name) values (699, 'Rio nell''''Elba');
insert into city(region_id, name) values (699, 'Rosignano Marittimo');
insert into city(region_id, name) values (699, 'San Vincenzo');
insert into city(region_id, name) values (1027, 'Queseras');
insert into city(region_id, name) values (1049, 'Adamw');
insert into city(region_id, name) values (1049, 'Bilcza');
insert into city(region_id, name) values (1049, 'Busko-Zdrj');
insert into city(region_id, name) values (1049, 'Cminsk Swiateek');
insert into city(region_id, name) values (1049, 'Kaziny');
insert into city(region_id, name) values (1049, 'Kraskw');
insert into city(region_id, name) values (1049, 'Ostrowiec');
insert into city(region_id, name) values (1049, 'Ostrowiec Swietokrzyski');
insert into city(region_id, name) values (1049, 'Skarzysko-Kamienna');
insert into city(region_id, name) values (1108, 'gua de Pena');
insert into city(region_id, name) values (1108, 'Cabo da Ribeira');
insert into city(region_id, name) values (1108, 'Camacha');
insert into city(region_id, name) values (1108, 'Canio');
insert into city(region_id, name) values (1108, 'Carreira');
insert into city(region_id, name) values (1108, 'Estreito de Cmara de Lobos');
insert into city(region_id, name) values (1108, 'Funchal');
insert into city(region_id, name) values (1108, 'Porto Santo');
insert into city(region_id, name) values (1108, 'Santo da Serra');
insert into city(region_id, name) values (1108, 'Tbua');
insert into city(region_id, name) values (1128, 'Brasov');
insert into city(region_id, name) values (1128, 'Codlea');
insert into city(region_id, name) values (1128, 'Fagaras');
insert into city(region_id, name) values (1128, 'Predeal');
insert into city(region_id, name) values (1128, 'Rasnov');
insert into city(region_id, name) values (1128, 'Rupea');
insert into city(region_id, name) values (1128, 'Sacele');
insert into city(region_id, name) values (1128, 'Victoria');
insert into city(region_id, name) values (1128, 'Zarnesti');
insert into city(region_id, name) values (1169, 'Andover');
insert into city(region_id, name) values (1169, 'Avon');
insert into city(region_id, name) values (1169, 'Baltic');
insert into city(region_id, name) values (1169, 'Bolton');
insert into city(region_id, name) values (1169, 'Bridgeport');
insert into city(region_id, name) values (1169, 'Bristol');
insert into city(region_id, name) values (1169, 'Brooklyn');
insert into city(region_id, name) values (1169, 'Canaan');
insert into city(region_id, name) values (1169, 'Cheshire');
insert into city(region_id, name) values (1169, 'Clinton');
insert into city(region_id, name) values (1169, 'Columbia');
insert into city(region_id, name) values (1169, 'Cromwell');
insert into city(region_id, name) values (1169, 'Danbury');
insert into city(region_id, name) values (1169, 'Dayville');
insert into city(region_id, name) values (1169, 'Derby');
insert into city(region_id, name) values (1169, 'East Berlin');
insert into city(region_id, name) values (1169, 'East Hartford');
insert into city(region_id, name) values (1169, 'Enfield');
insert into city(region_id, name) values (1169, 'Essex');
insert into city(region_id, name) values (1169, 'Fairfield');
insert into city(region_id, name) values (1169, 'Falls Village');
insert into city(region_id, name) values (1169, 'Farmington');
insert into city(region_id, name) values (1169, 'Glastonbury');
insert into city(region_id, name) values (1169, 'Greenwich');
insert into city(region_id, name) values (1169, 'Groton');
insert into city(region_id, name) values (1169, 'Hamden');
insert into city(region_id, name) values (1169, 'Hartford');
insert into city(region_id, name) values (1169, 'Manchester');
insert into city(region_id, name) values (1169, 'Meriden');
insert into city(region_id, name) values (1169, 'Milford');
insert into city(region_id, name) values (1169, 'Mystic');
insert into city(region_id, name) values (1169, 'New Britain');
insert into city(region_id, name) values (1169, 'New Canaan');
insert into city(region_id, name) values (1169, 'New Haven');
insert into city(region_id, name) values (1169, 'New London');
insert into city(region_id, name) values (1169, 'Newington');
insert into city(region_id, name) values (1169, 'Niantic');
insert into city(region_id, name) values (1169, 'North Haven');
insert into city(region_id, name) values (1169, 'Norwalk');
insert into city(region_id, name) values (1169, 'Norwich');
insert into city(region_id, name) values (1169, 'Pawcatuck');
insert into city(region_id, name) values (1169, 'Redding Center');
insert into city(region_id, name) values (1169, 'Rocky Hill');
insert into city(region_id, name) values (1169, 'Shelton');
insert into city(region_id, name) values (1169, 'Simsbury');
insert into city(region_id, name) values (1169, 'Southbury');
insert into city(region_id, name) values (1169, 'Southport');
insert into city(region_id, name) values (1169, 'Stafford');
insert into city(region_id, name) values (1169, 'Stamford');
insert into city(region_id, name) values (1169, 'Stratford');
insert into city(region_id, name) values (1169, 'Suffield');
insert into city(region_id, name) values (1169, 'Trumbull');
insert into city(region_id, name) values (1169, 'W Hartford');
insert into city(region_id, name) values (1169, 'Wallingford');
insert into city(region_id, name) values (1169, 'Waterbury');
insert into city(region_id, name) values (1169, 'Watertown');
insert into city(region_id, name) values (1169, 'West Hartland');
insert into city(region_id, name) values (1169, 'West Haven');
insert into city(region_id, name) values (1169, 'Westport');
insert into city(region_id, name) values (1169, 'Wethersfield');
insert into city(region_id, name) values (1169, 'Willimantic');
insert into city(region_id, name) values (1169, 'Wilton');
insert into city(region_id, name) values (1169, 'Windham');
insert into city(region_id, name) values (1169, 'Windsor');
insert into city(region_id, name) values (1169, 'Woodbury');
insert into city(region_id, name) values (1228, 'Kastri');
insert into region(id, country_id, name) values (1229, 160, 'Djeimstaun');
insert into city(region_id, name) values (700, 'Forte dei Marmi');
insert into city(region_id, name) values (700, 'Lucca');
insert into city(region_id, name) values (700, 'Porcari');
insert into city(region_id, name) values (700, 'Viareggio');
insert into city(region_id, name) values (1028, 'San Juan');
insert into city(region_id, name) values (1050, 'Babin');
insert into city(region_id, name) values (1050, 'Dabrowica');
insert into city(region_id, name) values (1050, 'Konin');
insert into city(region_id, name) values (1109, 'Venda da Costa');
insert into city(region_id, name) values (1129, 'Bucuresti');
insert into city(region_id, name) values (1170, 'Bear');
insert into city(region_id, name) values (1170, 'Bethany Beach');
insert into city(region_id, name) values (1170, 'Dagsboro');
insert into city(region_id, name) values (1170, 'Delmar');
insert into city(region_id, name) values (1170, 'Dover');
insert into city(region_id, name) values (1170, 'Dover AFB');
insert into city(region_id, name) values (1170, 'Fenwick Island');
insert into city(region_id, name) values (1170, 'Hockessin');
insert into city(region_id, name) values (1170, 'Milton');
insert into city(region_id, name) values (1170, 'Newark');
insert into city(region_id, name) values (1170, 'Rehoboth Beach');
insert into city(region_id, name) values (1170, 'Wilmington');
insert into city(region_id, name) values (1229, 'Djeimstaun');
insert into region(id, country_id, name) values (1230, 161, 'Korea');
insert into city(region_id, name) values (701, 'Carrara');
insert into city(region_id, name) values (701, 'Massa');
insert into city(region_id, name) values (1029, 'Castilla');
insert into city(region_id, name) values (1029, 'Piura');
insert into city(region_id, name) values (1051, 'Preczw');
insert into city(region_id, name) values (1110, 'Entre Ribeiras');
insert into city(region_id, name) values (1110, 'Portalegre');
insert into city(region_id, name) values (1130, 'Buzau');
insert into city(region_id, name) values (1130, 'Nehoiu');
insert into city(region_id, name) values (1130, 'Pogoanele');
insert into city(region_id, name) values (1130, 'Ramnicu Sarat');
insert into city(region_id, name) values (1171, 'Washington');
insert into city(region_id, name) values (1230, 'Dagu');
insert into region(id, country_id, name) values (1231, 162, 'Seishelly');
insert into city(region_id, name) values (702, 'Buti');
insert into city(region_id, name) values (702, 'Calcinaia');
insert into city(region_id, name) values (702, 'Casciana Terme');
insert into city(region_id, name) values (702, 'Cascina');
insert into city(region_id, name) values (702, 'Guardistallo');
insert into city(region_id, name) values (702, 'Orciano Pisano');
insert into city(region_id, name) values (702, 'Pisa');
insert into city(region_id, name) values (702, 'Pontedera');
insert into city(region_id, name) values (702, 'Santa Croce sull''''Arno');
insert into city(region_id, name) values (702, 'Volterra');
insert into city(region_id, name) values (1030, 'Azngaro');
insert into city(region_id, name) values (1030, 'Puno');
insert into city(region_id, name) values (1052, 'Balice');
insert into city(region_id, name) values (1052, 'Batowice');
insert into city(region_id, name) values (1052, 'Borek');
insert into city(region_id, name) values (1052, 'Borek Faecki');
insert into city(region_id, name) values (1052, 'Czechy');
insert into city(region_id, name) values (1052, 'Ibramowice');
insert into city(region_id, name) values (1052, 'Janowice');
insert into city(region_id, name) values (1052, 'Kaszw');
insert into city(region_id, name) values (1052, 'Kazimierz');
insert into city(region_id, name) values (1052, 'Konary');
insert into city(region_id, name) values (1052, 'Kozmice');
insert into city(region_id, name) values (1052, 'Krakuszowice');
insert into city(region_id, name) values (1052, 'Krowodrza');
insert into city(region_id, name) values (1052, 'Krzykwka');
insert into city(region_id, name) values (1052, 'Kunice');
insert into city(region_id, name) values (1052, 'Miocice');
insert into city(region_id, name) values (1052, 'Myslenice');
insert into city(region_id, name) values (1052, 'Nowa Huta');
insert into city(region_id, name) values (1052, 'Pieskowa Skaa');
insert into city(region_id, name) values (1052, 'Wawel');
insert into city(region_id, name) values (1052, 'Zbik');
insert into city(region_id, name) values (1052, 'Zielona');
insert into city(region_id, name) values (1111, 'Aguadeira');
insert into city(region_id, name) values (1111, 'Albergaria');
insert into city(region_id, name) values (1111, 'Alfena');
insert into city(region_id, name) values (1111, 'Amarante');
insert into city(region_id, name) values (1111, 'Aves');
insert into city(region_id, name) values (1111, 'Ermezinde');
insert into city(region_id, name) values (1111, 'Foz');
insert into city(region_id, name) values (1111, 'Gaia');
insert into city(region_id, name) values (1111, 'Gondomar');
insert into city(region_id, name) values (1111, 'Maia');
insert into city(region_id, name) values (1111, 'Matosinhos');
insert into city(region_id, name) values (1111, 'Matosinhos');
insert into city(region_id, name) values (1111, 'Paos de Ferreira');
insert into city(region_id, name) values (1111, 'Paredes');
insert into city(region_id, name) values (1111, 'Paredes');
insert into city(region_id, name) values (1111, 'Penafiel');
insert into city(region_id, name) values (1111, 'Porto');
insert into city(region_id, name) values (1111, 'Pvoa de Varzim');
insert into city(region_id, name) values (1111, 'Trofa Velha');
insert into city(region_id, name) values (1111, 'Vale');
insert into city(region_id, name) values (1111, 'Vila do Conde');
insert into city(region_id, name) values (1111, 'Vila Nova de Gaia');
insert into city(region_id, name) values (1111, 'Vizela');
insert into city(region_id, name) values (1131, 'Budesti');
insert into city(region_id, name) values (1131, 'Calarasi');
insert into city(region_id, name) values (1131, 'Fundulea');
insert into city(region_id, name) values (1131, 'Lehliu Gara');
insert into city(region_id, name) values (1131, 'Oltenita');
insert into city(region_id, name) values (1172, 'Alachua');
insert into city(region_id, name) values (1172, 'Alford');
insert into city(region_id, name) values (1172, 'Altamonte Springs');
insert into city(region_id, name) values (1172, 'Altoona');
insert into city(region_id, name) values (1172, 'Alva');
insert into city(region_id, name) values (1172, 'Anna Maria');
insert into city(region_id, name) values (1172, 'Apollo Beach');
insert into city(region_id, name) values (1172, 'Apopka');
insert into city(region_id, name) values (1172, 'Arcadia');
insert into city(region_id, name) values (1172, 'Archer');
insert into city(region_id, name) values (1172, 'Argyle');
insert into city(region_id, name) values (1172, 'Astatula');
insert into city(region_id, name) values (1172, 'Astor');
insert into city(region_id, name) values (1172, 'Atlantic Beach');
insert into city(region_id, name) values (1172, 'Auburndale');
insert into city(region_id, name) values (1172, 'Avon Park');
insert into city(region_id, name) values (1172, 'Bartow');
insert into city(region_id, name) values (1172, 'Beverly Hills');
insert into city(region_id, name) values (1172, 'Blountstown');
insert into city(region_id, name) values (1172, 'Boca Raton');
insert into city(region_id, name) values (1172, 'Boynton Beach');
insert into city(region_id, name) values (1172, 'Bradenton');
insert into city(region_id, name) values (1172, 'Brandon');
insert into city(region_id, name) values (1172, 'Bristol');
insert into city(region_id, name) values (1172, 'Bunnell');
insert into city(region_id, name) values (1172, 'Candler');
insert into city(region_id, name) values (1172, 'Cape Coral');
insert into city(region_id, name) values (1172, 'Casselberry');
insert into city(region_id, name) values (1172, 'Chipley');
insert into city(region_id, name) values (1172, 'Clearwater');
insert into city(region_id, name) values (1172, 'Clearwater Beach');
insert into city(region_id, name) values (1172, 'Clermont');
insert into city(region_id, name) values (1172, 'Cocoa');
insert into city(region_id, name) values (1172, 'Crescent City');
insert into city(region_id, name) values (1172, 'Davenport');
insert into city(region_id, name) values (1172, 'Daytona Beach');
insert into city(region_id, name) values (1172, 'Deerfield Beach');
insert into city(region_id, name) values (1172, 'Deland');
insert into city(region_id, name) values (1172, 'Delray Beach');
insert into city(region_id, name) values (1172, 'Deltona');
insert into city(region_id, name) values (1172, 'Destin');
insert into city(region_id, name) values (1172, 'Dunedin');
insert into city(region_id, name) values (1172, 'Eglin AFB');
insert into city(region_id, name) values (1172, 'Englewood');
insert into city(region_id, name) values (1172, 'Flagler Beach');
insert into city(region_id, name) values (1172, 'Florida City');
insert into city(region_id, name) values (1172, 'Fort Lauderdale');
insert into city(region_id, name) values (1172, 'Fort Myers');
insert into city(region_id, name) values (1172, 'Fort Walton Beach');
insert into city(region_id, name) values (1172, 'Gainesville');
insert into city(region_id, name) values (1172, 'Geneva');
insert into city(region_id, name) values (1172, 'Groveland');
insert into city(region_id, name) values (1172, 'Gulf Breeze');
insert into city(region_id, name) values (1172, 'Hallandale');
insert into city(region_id, name) values (1172, 'Hawthorne');
insert into city(region_id, name) values (1172, 'Hialeah');
insert into city(region_id, name) values (1172, 'Hollywood');
insert into city(region_id, name) values (1172, 'Hudson');
insert into city(region_id, name) values (1172, 'Indian Rocks Beach');
insert into city(region_id, name) values (1172, 'Jacksonville');
insert into city(region_id, name) values (1172, 'Jacksonville Beach');
insert into city(region_id, name) values (1172, 'Key West');
insert into city(region_id, name) values (1172, 'Kissimmee');
insert into city(region_id, name) values (1172, 'Labelle');
insert into city(region_id, name) values (1172, 'Lake City');
insert into city(region_id, name) values (1172, 'Lake Mary');
insert into city(region_id, name) values (1172, 'Land O'''' Lakes');
insert into city(region_id, name) values (1172, 'Lantana');
insert into city(region_id, name) values (1172, 'Largo');
insert into city(region_id, name) values (1172, 'Madison');
insert into city(region_id, name) values (1172, 'Marathon');
insert into city(region_id, name) values (1172, 'Marco Island');
insert into city(region_id, name) values (1172, 'Marianna');
insert into city(region_id, name) values (1172, 'Melbourne');
insert into city(region_id, name) values (1172, 'Merritt Island');
insert into city(region_id, name) values (1172, 'Miami');
insert into city(region_id, name) values (1172, 'Miami Beach');
insert into city(region_id, name) values (1172, 'Miramar Beach');
insert into city(region_id, name) values (1172, 'Naples');
insert into city(region_id, name) values (1172, 'New Port Richey');
insert into city(region_id, name) values (1172, 'North Miami Beach');
insert into city(region_id, name) values (1172, 'North Port');
insert into city(region_id, name) values (1172, 'Ocoee');
insert into city(region_id, name) values (1172, 'Odessa');
insert into city(region_id, name) values (1172, 'Orange City');
insert into city(region_id, name) values (1172, 'Orlando');
insert into city(region_id, name) values (1172, 'Ormond Beach');
insert into city(region_id, name) values (1172, 'Palm Beach');
insert into city(region_id, name) values (1172, 'Palm Coast');
insert into city(region_id, name) values (1172, 'Panama City');
insert into city(region_id, name) values (1172, 'Panama City Beach');
insert into city(region_id, name) values (1172, 'Parrish');
insert into city(region_id, name) values (1172, 'Pensacola');
insert into city(region_id, name) values (1172, 'Pompano Beach');
insert into city(region_id, name) values (1172, 'Ponte Vedra Beach');
insert into city(region_id, name) values (1172, 'Port Charlotte');
insert into city(region_id, name) values (1172, 'Port Orange');
insert into city(region_id, name) values (1172, 'Port St. Lucie');
insert into city(region_id, name) values (1172, 'Saint Augustine');
insert into city(region_id, name) values (1172, 'Saint Petersburg');
insert into city(region_id, name) values (1172, 'San Antonio');
insert into city(region_id, name) values (1172, 'Santa Rosa Beach');
insert into city(region_id, name) values (1172, 'Sarasota');
insert into city(region_id, name) values (1172, 'Satellite Beach');
insert into city(region_id, name) values (1172, 'Spring Hill');
insert into city(region_id, name) values (1172, 'Tallahassee');
insert into city(region_id, name) values (1172, 'Tampa');
insert into city(region_id, name) values (1172, 'Tarpon Springs');
insert into city(region_id, name) values (1172, 'Titusville');
insert into city(region_id, name) values (1172, 'Venice');
insert into city(region_id, name) values (1172, 'Vero Beach');
insert into city(region_id, name) values (1172, 'West Palm Beach');
insert into city(region_id, name) values (1172, 'Wewahitchka');
insert into city(region_id, name) values (1172, 'Windermere');
insert into city(region_id, name) values (1231, 'Viktoriya');
insert into region(id, country_id, name) values (1232, 163, 'Sen-Per');
insert into city(region_id, name) values (703, 'Montecatini-Terme');
insert into city(region_id, name) values (703, 'Pescia');
insert into city(region_id, name) values (703, 'Pistoia');
insert into city(region_id, name) values (703, 'Ponte Buggianese');
insert into city(region_id, name) values (703, 'Quarrata');
insert into city(region_id, name) values (1031, 'Tarapoto');
insert into city(region_id, name) values (1053, 'Bromberg');
insert into city(region_id, name) values (1053, 'Bydgoszcz');
insert into city(region_id, name) values (1112, 'Abrantes');
insert into city(region_id, name) values (1112, 'gua Boa');
insert into city(region_id, name) values (1112, 'Alcanena');
insert into city(region_id, name) values (1112, 'Almeirim');
insert into city(region_id, name) values (1112, 'Almeirim');
insert into city(region_id, name) values (1112, 'Alviobeira');
insert into city(region_id, name) values (1112, 'Amiis de Baixo');
insert into city(region_id, name) values (1112, 'Asseiceira');
insert into city(region_id, name) values (1112, 'Entrocamento');
insert into city(region_id, name) values (1112, 'Entroncamento');
insert into city(region_id, name) values (1112, 'Ftima');
insert into city(region_id, name) values (1112, 'Minde');
insert into city(region_id, name) values (1112, 'Ourm');
insert into city(region_id, name) values (1112, 'Pvoa de Santarm');
insert into city(region_id, name) values (1112, 'Praia do Ribatejo');
insert into city(region_id, name) values (1112, 'Rio Maior');
insert into city(region_id, name) values (1112, 'Salvaterra de Magos');
insert into city(region_id, name) values (1112, 'Samora Correia');
insert into city(region_id, name) values (1112, 'Santarm');
insert into city(region_id, name) values (1112, 'Soudos');
insert into city(region_id, name) values (1112, 'Tomar');
insert into city(region_id, name) values (1112, 'Torres Novas');
insert into city(region_id, name) values (1112, 'Vila Moreira');
insert into city(region_id, name) values (1132, 'Anina');
insert into city(region_id, name) values (1132, 'Baile Herculane');
insert into city(region_id, name) values (1132, 'Bocsa');
insert into city(region_id, name) values (1132, 'Caransebes');
insert into city(region_id, name) values (1132, 'Moldova Noua');
insert into city(region_id, name) values (1132, 'Oravita');
insert into city(region_id, name) values (1132, 'Otelu Rosu');
insert into city(region_id, name) values (1132, 'Resita');
insert into city(region_id, name) values (1173, 'Abbeville');
insert into city(region_id, name) values (1173, 'Acworth');
insert into city(region_id, name) values (1173, 'Adrian');
insert into city(region_id, name) values (1173, 'Allentown');
insert into city(region_id, name) values (1173, 'Alpharetta');
insert into city(region_id, name) values (1173, 'Alston');
insert into city(region_id, name) values (1173, 'Alto');
insert into city(region_id, name) values (1173, 'Arabi');
insert into city(region_id, name) values (1173, 'Aragon');
insert into city(region_id, name) values (1173, 'Athens');
insert into city(region_id, name) values (1173, 'Atlanta');
insert into city(region_id, name) values (1173, 'Augusta');
insert into city(region_id, name) values (1173, 'Blue Ridge');
insert into city(region_id, name) values (1173, 'Boston');
insert into city(region_id, name) values (1173, 'Canton');
insert into city(region_id, name) values (1173, 'Carrollton');
insert into city(region_id, name) values (1173, 'Clarkston');
insert into city(region_id, name) values (1173, 'Columbus');
insert into city(region_id, name) values (1173, 'Conyers');
insert into city(region_id, name) values (1173, 'Dahlonega');
insert into city(region_id, name) values (1173, 'Dallas');
insert into city(region_id, name) values (1173, 'Duluth');
insert into city(region_id, name) values (1173, 'Flowery Branch');
insert into city(region_id, name) values (1173, 'Fort Benning');
insert into city(region_id, name) values (1173, 'Gainesville');
insert into city(region_id, name) values (1173, 'Hinesville');
insert into city(region_id, name) values (1173, 'Kennesaw');
insert into city(region_id, name) values (1173, 'Lagrange');
insert into city(region_id, name) values (1173, 'Lawrenceville');
insert into city(region_id, name) values (1173, 'Lilburn');
insert into city(region_id, name) values (1173, 'Macon');
insert into city(region_id, name) values (1173, 'Marietta');
insert into city(region_id, name) values (1173, 'Norcross');
insert into city(region_id, name) values (1173, 'Roswell');
insert into city(region_id, name) values (1173, 'Saint George');
insert into city(region_id, name) values (1173, 'Savannah');
insert into city(region_id, name) values (1173, 'Stone Mountain');
insert into city(region_id, name) values (1173, 'Toccoa');
insert into city(region_id, name) values (1173, 'Washington');
insert into city(region_id, name) values (1173, 'Winder');
insert into city(region_id, name) values (1173, 'Zebulon');
insert into city(region_id, name) values (1232, 'Sen-Per');
insert into region(id, country_id, name) values (1233, 164, 'Senegal');
insert into city(region_id, name) values (704, 'Prato');
insert into city(region_id, name) values (1032, 'Alto Per');
insert into city(region_id, name) values (1032, 'Tacna');
insert into city(region_id, name) values (1054, 'Jawor');
insert into city(region_id, name) values (1054, 'Lignica');
insert into city(region_id, name) values (1113, 'guas de Moura');
insert into city(region_id, name) values (1113, 'Alccer do Sal');
insert into city(region_id, name) values (1113, 'Almada');
insert into city(region_id, name) values (1113, 'Amora');
insert into city(region_id, name) values (1113, 'Arrentela');
insert into city(region_id, name) values (1113, 'Barreiro');
insert into city(region_id, name) values (1113, 'Costa de Caparica');
insert into city(region_id, name) values (1113, 'Fogueteiro');
insert into city(region_id, name) values (1113, 'Marateca');
insert into city(region_id, name) values (1113, 'Moita');
insert into city(region_id, name) values (1113, 'Montijo');
insert into city(region_id, name) values (1113, 'Paio Pires');
insert into city(region_id, name) values (1113, 'Palmela');
insert into city(region_id, name) values (1113, 'Pinhal Novo');
insert into city(region_id, name) values (1113, 'Pragal');
insert into city(region_id, name) values (1113, 'Santo Andr');
insert into city(region_id, name) values (1113, 'Sesimbra');
insert into city(region_id, name) values (1113, 'Setabul');
insert into city(region_id, name) values (1113, 'Setbal');
insert into city(region_id, name) values (1113, 'Sines');
insert into city(region_id, name) values (1113, 'Sisimbra');
insert into city(region_id, name) values (1113, 'Torre da Marinha');
insert into city(region_id, name) values (1133, 'Campia-Turzii');
insert into city(region_id, name) values (1133, 'Cluj-Napoca');
insert into city(region_id, name) values (1133, 'Dej');
insert into city(region_id, name) values (1133, 'Gherla');
insert into city(region_id, name) values (1133, 'Huedin');
insert into city(region_id, name) values (1133, 'Turda');
insert into city(region_id, name) values (1174, 'Haiku');
insert into city(region_id, name) values (1174, 'Hakalau');
insert into city(region_id, name) values (1174, 'Hanamaulu');
insert into city(region_id, name) values (1174, 'Hawaiian Ocean View');
insert into city(region_id, name) values (1174, 'Hawi');
insert into city(region_id, name) values (1174, 'Honolulu');
insert into city(region_id, name) values (1174, 'Kailua Kona');
insert into city(region_id, name) values (1174, 'Kihei');
insert into city(region_id, name) values (1174, 'Ocean View');
insert into city(region_id, name) values (1174, 'Pahoa');
insert into city(region_id, name) values (1174, 'Pearl Harbor');
insert into city(region_id, name) values (1174, 'Wake Island');
insert into city(region_id, name) values (1233, 'Dakar');
insert into region(id, country_id, name) values (1234, 165, 'Baster');
insert into city(region_id, name) values (705, 'Castellina in Chianti');
insert into city(region_id, name) values (705, 'Cetona');
insert into city(region_id, name) values (705, 'Colle di Val d''''Elsa');
insert into city(region_id, name) values (705, 'Montepulciano');
insert into city(region_id, name) values (705, 'Monteroni d''''Arbia');
insert into city(region_id, name) values (705, 'Pienza');
insert into city(region_id, name) values (705, 'Poggibonsi');
insert into city(region_id, name) values (705, 'Siena');
insert into city(region_id, name) values (1033, 'La Garita');
insert into city(region_id, name) values (1033, 'Tumbes');
insert into city(region_id, name) values (1055, 'Gra');
insert into city(region_id, name) values (1055, 'Gostyn');
insert into city(region_id, name) values (1055, 'Leszno');
insert into city(region_id, name) values (1114, 'Caminha');
insert into city(region_id, name) values (1114, 'Mono');
insert into city(region_id, name) values (1114, 'Valena');
insert into city(region_id, name) values (1114, 'Viana do Castelo');
insert into city(region_id, name) values (1114, 'Vianna do Castello');
insert into city(region_id, name) values (1134, 'Basarabi');
insert into city(region_id, name) values (1134, 'Cernavoda');
insert into city(region_id, name) values (1134, 'Constanta');
insert into city(region_id, name) values (1134, 'Eforie');
insert into city(region_id, name) values (1134, 'Harsova');
insert into city(region_id, name) values (1134, 'Mangalia');
insert into city(region_id, name) values (1134, 'Medgidia');
insert into city(region_id, name) values (1134, 'Navodari');
insert into city(region_id, name) values (1134, 'Negru Voda');
insert into city(region_id, name) values (1134, 'Ovidiu');
insert into city(region_id, name) values (1134, 'Techirghiol');
insert into city(region_id, name) values (1175, 'American Falls');
insert into city(region_id, name) values (1175, 'Boise');
insert into city(region_id, name) values (1175, 'Conda');
insert into city(region_id, name) values (1175, 'Fish Haven');
insert into city(region_id, name) values (1175, 'Idaho Falls');
insert into city(region_id, name) values (1175, 'Moscow');
insert into city(region_id, name) values (1175, 'Pocatello');
insert into city(region_id, name) values (1175, 'Preston');
insert into city(region_id, name) values (1175, 'Sandpoint');
insert into city(region_id, name) values (1175, 'Twin Falls');
insert into city(region_id, name) values (1234, 'Baster');
insert into region(id, country_id, name) values (1235, 166, 'Kingstaun');
insert into city(region_id, name) values (706, 'Bolzano-Bozen');
insert into city(region_id, name) values (706, 'Brennero-Brenner');
insert into city(region_id, name) values (706, 'Bressanone-Brixen');
insert into city(region_id, name) values (706, 'Brunico-Bruneck');
insert into city(region_id, name) values (706, 'Dobbiaco-Toblach');
insert into city(region_id, name) values (706, 'Merano-Meran');
insert into city(region_id, name) values (706, 'Terento-Terenten');
insert into city(region_id, name) values (1034, 'Callaria');
insert into city(region_id, name) values (1034, 'Pucallpa');
insert into city(region_id, name) values (1056, 'Aleksandrw');
insert into city(region_id, name) values (1056, 'Anielin');
insert into city(region_id, name) values (1056, 'Augustw');
insert into city(region_id, name) values (1056, 'Bauty');
insert into city(region_id, name) values (1056, 'Bedow');
insert into city(region_id, name) values (1056, 'Bedowek');
insert into city(region_id, name) values (1056, 'Budy');
insert into city(region_id, name) values (1056, 'Chojny');
insert into city(region_id, name) values (1056, 'Glovno');
insert into city(region_id, name) values (1056, 'Karolew');
insert into city(region_id, name) values (1056, 'Kwilno');
insert into city(region_id, name) values (1056, 'Lublinek');
insert into city(region_id, name) values (1056, 'owicz');
insert into city(region_id, name) values (1056, 'Olechw');
insert into city(region_id, name) values (1056, 'Pabianice');
insert into city(region_id, name) values (1056, 'Piaskowice');
insert into city(region_id, name) values (1056, 'Radogoszcz');
insert into city(region_id, name) values (1056, 'Retkinia');
insert into city(region_id, name) values (1056, 'Teofilw');
insert into city(region_id, name) values (1056, 'Widzew');
insert into city(region_id, name) values (1056, 'Zgierz');
insert into city(region_id, name) values (1115, 'Alijo');
insert into city(region_id, name) values (1115, 'Chaves');
insert into city(region_id, name) values (1115, 'Montalegre');
insert into city(region_id, name) values (1115, 'Vila Real');
insert into city(region_id, name) values (1135, 'Baraolt');
insert into city(region_id, name) values (1135, 'Covasna');
insert into city(region_id, name) values (1135, 'Intorsura Buzaului');
insert into city(region_id, name) values (1135, 'Sfntu Gheorghe');
insert into city(region_id, name) values (1135, 'Targu Secuiesc');
insert into city(region_id, name) values (1176, 'Addison');
insert into city(region_id, name) values (1176, 'Albany');
insert into city(region_id, name) values (1176, 'Alsey');
insert into city(region_id, name) values (1176, 'Alton');
insert into city(region_id, name) values (1176, 'Anna');
insert into city(region_id, name) values (1176, 'Arlington Heights');
insert into city(region_id, name) values (1176, 'Aurora');
insert into city(region_id, name) values (1176, 'Barrington');
insert into city(region_id, name) values (1176, 'Belleville');
insert into city(region_id, name) values (1176, 'Berwyn');
insert into city(region_id, name) values (1176, 'Bloomingdale');
insert into city(region_id, name) values (1176, 'Bolingbrook');
insert into city(region_id, name) values (1176, 'Buffalo Grove');
insert into city(region_id, name) values (1176, 'Bushnell');
insert into city(region_id, name) values (1176, 'Cary');
insert into city(region_id, name) values (1176, 'Champaign');
insert into city(region_id, name) values (1176, 'Chicago');
insert into city(region_id, name) values (1176, 'Chicago Heights');
insert into city(region_id, name) values (1176, 'Chicago Ridge');
insert into city(region_id, name) values (1176, 'Darien');
insert into city(region_id, name) values (1176, 'Deerfield');
insert into city(region_id, name) values (1176, 'Des Plaines');
insert into city(region_id, name) values (1176, 'Downers Grove');
insert into city(region_id, name) values (1176, 'Elk Grove Village');
insert into city(region_id, name) values (1176, 'Elmwood Park');
insert into city(region_id, name) values (1176, 'Evanston');
insert into city(region_id, name) values (1176, 'Franklin');
insert into city(region_id, name) values (1176, 'Geneva');
insert into city(region_id, name) values (1176, 'Glenview');
insert into city(region_id, name) values (1176, 'Hammond');
insert into city(region_id, name) values (1176, 'Harwood Heights');
insert into city(region_id, name) values (1176, 'La Grange Park');
insert into city(region_id, name) values (1176, 'Lemont');
insert into city(region_id, name) values (1176, 'Long Grove');
insert into city(region_id, name) values (1176, 'Loves Park');
insert into city(region_id, name) values (1176, 'Madison');
insert into city(region_id, name) values (1176, 'Monticello');
insert into city(region_id, name) values (1176, 'Morton Grove');
insert into city(region_id, name) values (1176, 'Mount Prospect');
insert into city(region_id, name) values (1176, 'Mundelein');
insert into city(region_id, name) values (1176, 'Naperville');
insert into city(region_id, name) values (1176, 'Niles');
insert into city(region_id, name) values (1176, 'Northbrook');
insert into city(region_id, name) values (1176, 'Oak Lawn');
insert into city(region_id, name) values (1176, 'Oak Park');
insert into city(region_id, name) values (1176, 'Palatine');
insert into city(region_id, name) values (1176, 'Rochester');
insert into city(region_id, name) values (1176, 'Rockford');
insert into city(region_id, name) values (1176, 'Rolling Meadows');
insert into city(region_id, name) values (1176, 'Roselle');
insert into city(region_id, name) values (1176, 'Round Lake');
insert into city(region_id, name) values (1176, 'Schaumburg');
insert into city(region_id, name) values (1176, 'Skokie');
insert into city(region_id, name) values (1176, 'Springfield');
insert into city(region_id, name) values (1176, 'Urbana');
insert into city(region_id, name) values (1176, 'Vernon Hills');
insert into city(region_id, name) values (1176, 'Waukegan');
insert into city(region_id, name) values (1176, 'Westmont');
insert into city(region_id, name) values (1176, 'Wheaton');
insert into city(region_id, name) values (1176, 'Wheeling');
insert into city(region_id, name) values (1235, 'Kingstaun');
insert into region(id, country_id, name) values (1236, 167, 'Voevodina');
insert into region(id, country_id, name) values (1237, 167, 'Kosovo i Metohiya');
insert into region(id, country_id, name) values (1238, 167, 'Centralnaya Serbiya');
insert into city(region_id, name) values (707, 'Arco');
insert into city(region_id, name) values (707, 'Borgo Valsugana');
insert into city(region_id, name) values (707, 'Mezzocorona');
insert into city(region_id, name) values (707, 'Riva del Garda');
insert into city(region_id, name) values (707, 'Rovereto');
insert into city(region_id, name) values (707, 'Trento');
insert into city(region_id, name) values (707, 'Vigo di Fassa');
insert into city(region_id, name) values (1057, 'Litzmannstadt');
insert into city(region_id, name) values (1116, 'Mangualde');
insert into city(region_id, name) values (1116, 'Oliveira de Frades');
insert into city(region_id, name) values (1116, 'Santa Comba Do');
insert into city(region_id, name) values (1116, 'Santiago');
insert into city(region_id, name) values (1116, 'So Joo da Pesqueira');
insert into city(region_id, name) values (1116, 'So Pedro do Sul');
insert into city(region_id, name) values (1116, 'Vimieiro');
insert into city(region_id, name) values (1116, 'Viseu');
insert into city(region_id, name) values (1116, 'Vizeu');
insert into city(region_id, name) values (1136, 'Fieni');
insert into city(region_id, name) values (1136, 'Gaesti');
insert into city(region_id, name) values (1136, 'Moreni');
insert into city(region_id, name) values (1136, 'Pucioasa');
insert into city(region_id, name) values (1136, 'Targoviste');
insert into city(region_id, name) values (1136, 'Titu');
insert into city(region_id, name) values (1177, 'Akron');
insert into city(region_id, name) values (1177, 'Angola');
insert into city(region_id, name) values (1177, 'Atlanta');
insert into city(region_id, name) values (1177, 'Attica');
insert into city(region_id, name) values (1177, 'Bloomington');
insert into city(region_id, name) values (1177, 'Carmel');
insert into city(region_id, name) values (1177, 'Central');
insert into city(region_id, name) values (1177, 'Elkhart');
insert into city(region_id, name) values (1177, 'Fishers');
insert into city(region_id, name) values (1177, 'Fort Wayne');
insert into city(region_id, name) values (1177, 'Goshen');
insert into city(region_id, name) values (1177, 'Greencastle');
insert into city(region_id, name) values (1177, 'Indianapolis');
insert into city(region_id, name) values (1177, 'Lafayette');
insert into city(region_id, name) values (1177, 'Michigan City');
insert into city(region_id, name) values (1177, 'Nappanee');
insert into city(region_id, name) values (1177, 'New Albany');
insert into city(region_id, name) values (1177, 'Richmond');
insert into city(region_id, name) values (1177, 'Spencerville');
insert into city(region_id, name) values (1177, 'Terre Haute');
insert into city(region_id, name) values (1177, 'West Lafayette');
insert into city(region_id, name) values (1236, 'Zapadnaya Bachka okrug');
insert into city(region_id, name) values (1236, 'Severnaya Bachka okrug');
insert into city(region_id, name) values (1236, 'Severno-Banatskii okrug');
insert into city(region_id, name) values (1236, 'Sredne-Banatskii okrug');
insert into city(region_id, name) values (1236, 'Sremskii okrug');
insert into city(region_id, name) values (1236, 'YUjnaya Bachka okrug');
insert into city(region_id, name) values (1236, 'YUjno-Banatskii okrug');
insert into region(id, country_id, name) values (1239, 168, 'Singapur');
insert into city(region_id, name) values (708, 'Assisi');
insert into city(region_id, name) values (708, 'Bastia Umbra');
insert into city(region_id, name) values (708, 'Castiglione del Lago');
insert into city(region_id, name) values (708, 'Citt di Castello');
insert into city(region_id, name) values (708, 'Costacciaro');
insert into city(region_id, name) values (708, 'Foligno');
insert into city(region_id, name) values (708, 'Marsciano');
insert into city(region_id, name) values (708, 'Nocera Umbra');
insert into city(region_id, name) values (708, 'Perugia');
insert into city(region_id, name) values (708, 'Spoleto');
insert into city(region_id, name) values (708, 'Todi');
insert into city(region_id, name) values (1058, 'Andrzejki');
insert into city(region_id, name) values (1058, 'Barany');
insert into city(region_id, name) values (1058, 'Zambrw');
insert into city(region_id, name) values (1137, 'Bailesti');
insert into city(region_id, name) values (1137, 'Calafat');
insert into city(region_id, name) values (1137, 'Craiova');
insert into city(region_id, name) values (1137, 'Filiasi');
insert into city(region_id, name) values (1137, 'Segarcea');
insert into city(region_id, name) values (1178, 'Afton');
insert into city(region_id, name) values (1178, 'Ames');
insert into city(region_id, name) values (1178, 'Bancroft');
insert into city(region_id, name) values (1178, 'Cedar Rapids');
insert into city(region_id, name) values (1178, 'Davenport');
insert into city(region_id, name) values (1178, 'Des Moines');
insert into city(region_id, name) values (1178, 'Iowa City');
insert into city(region_id, name) values (1178, 'Oskaloosa');
insert into city(region_id, name) values (1178, 'Postville');
insert into city(region_id, name) values (1178, 'Story City');
insert into city(region_id, name) values (1237, 'Kosovskomitrovachskii okrug');
insert into city(region_id, name) values (1237, 'Prizrenskii okrug');
insert into city(region_id, name) values (1239, 'Singapur');
insert into region(id, country_id, name) values (1240, 169, 'Damask');
insert into city(region_id, name) values (709, 'Arrone');
insert into city(region_id, name) values (709, 'Calvi dell''''Umbria');
insert into city(region_id, name) values (709, 'Giove');
insert into city(region_id, name) values (709, 'Orvieto');
insert into city(region_id, name) values (709, 'Terni');
insert into city(region_id, name) values (1059, 'Adampol');
insert into city(region_id, name) values (1059, 'Basonia');
insert into city(region_id, name) values (1059, 'Brzeznica Bychowska');
insert into city(region_id, name) values (1059, 'Choiny');
insert into city(region_id, name) values (1059, 'Kazimierz Dolny');
insert into city(region_id, name) values (1059, 'Kock');
insert into city(region_id, name) values (1059, 'Lubartw');
insert into city(region_id, name) values (1059, 'Lubomirka');
insert into city(region_id, name) values (1059, 'Ludwikw Grny');
insert into city(region_id, name) values (1059, 'Ludwin');
insert into city(region_id, name) values (1059, 'Milejw');
insert into city(region_id, name) values (1059, 'Niemce');
insert into city(region_id, name) values (1138, 'Beresti');
insert into city(region_id, name) values (1138, 'Galati');
insert into city(region_id, name) values (1138, 'Targu Bujor');
insert into city(region_id, name) values (1138, 'Tecuci');
insert into city(region_id, name) values (1179, 'Arkansas City');
insert into city(region_id, name) values (1179, 'Arma');
insert into city(region_id, name) values (1179, 'Atchison');
insert into city(region_id, name) values (1179, 'Bonner Springs');
insert into city(region_id, name) values (1179, 'Clay Center');
insert into city(region_id, name) values (1179, 'Green');
insert into city(region_id, name) values (1179, 'Kansas City');
insert into city(region_id, name) values (1179, 'Lawrence');
insert into city(region_id, name) values (1179, 'Manhattan');
insert into city(region_id, name) values (1179, 'Rose Hill');
insert into city(region_id, name) values (1179, 'Shawnee Mission');
insert into city(region_id, name) values (1179, 'Topeka');
insert into city(region_id, name) values (1179, 'Utica');
insert into city(region_id, name) values (1179, 'Wichita');
insert into city(region_id, name) values (1238, 'Belgrad');
insert into city(region_id, name) values (1238, 'Borskii okrug');
insert into city(region_id, name) values (1238, 'Zaecharskii okrug');
insert into city(region_id, name) values (1238, 'Zlatiborskii okrug');
insert into city(region_id, name) values (1238, 'Moravichskii okrug');
insert into city(region_id, name) values (1238, 'Nishavskii okrug');
insert into city(region_id, name) values (1238, 'okrug Rashka');
insert into city(region_id, name) values (1238, 'Pomoravskii okrug');
insert into city(region_id, name) values (1238, 'Rasinskii okrug');
insert into city(region_id, name) values (1238, 'SHumadiiskii okrug');
insert into city(region_id, name) values (1238, 'YAblanichskii okrug');
insert into city(region_id, name) values (1240, 'Damask');
insert into region(id, country_id, name) values (1241, 170, 'Bratislava');
insert into region(id, country_id, name) values (1242, 170, 'Kosice');
insert into region(id, country_id, name) values (1243, 170, 'Nitra');
insert into region(id, country_id, name) values (1244, 170, 'None');
insert into region(id, country_id, name) values (1245, 170, 'Presov');
insert into region(id, country_id, name) values (1246, 170, 'Trencin');
insert into region(id, country_id, name) values (1247, 170, 'Trnava');
insert into city(region_id, name) values (710, 'Aosta');
insert into city(region_id, name) values (710, 'Saint-Oyen');
insert into city(region_id, name) values (1060, 'Gruentberg');
insert into city(region_id, name) values (1060, 'Grnberg');
insert into city(region_id, name) values (1060, 'Zielona Gra');
insert into city(region_id, name) values (1139, 'Bolintin-Vale');
insert into city(region_id, name) values (1139, 'Giurgiu');
insert into city(region_id, name) values (1139, 'Mihailesti');
insert into city(region_id, name) values (1180, 'Adairville');
insert into city(region_id, name) values (1180, 'Adams');
insert into city(region_id, name) values (1180, 'Artemus');
insert into city(region_id, name) values (1180, 'Bowling Green');
insert into city(region_id, name) values (1180, 'Erlanger');
insert into city(region_id, name) values (1180, 'Falmouth');
insert into city(region_id, name) values (1180, 'Florence');
insert into city(region_id, name) values (1180, 'Frankfort');
insert into city(region_id, name) values (1180, 'Ft Mitchell');
insert into city(region_id, name) values (1180, 'Hi Hat');
insert into city(region_id, name) values (1180, 'Lancaster');
insert into city(region_id, name) values (1180, 'Lexington');
insert into city(region_id, name) values (1180, 'London');
insert into city(region_id, name) values (1180, 'Louisville');
insert into city(region_id, name) values (1180, 'Wendover');
insert into city(region_id, name) values (1241, 'Bratislava');
insert into city(region_id, name) values (1241, 'Bratislava-mesto');
insert into city(region_id, name) values (1241, 'Pozsony');
insert into region(id, country_id, name) values (1248, 171, 'Bohinj');
insert into region(id, country_id, name) values (1249, 171, 'Brezovica');
insert into region(id, country_id, name) values (1250, 171, 'None');
insert into city(region_id, name) values (711, 'Belluno');
insert into city(region_id, name) values (711, 'Domegge di Cadore');
insert into city(region_id, name) values (711, 'Feltre');
insert into city(region_id, name) values (711, 'Pieve di Cadore');
insert into city(region_id, name) values (1061, 'Cracovia');
insert into city(region_id, name) values (1061, 'Cracovie');
insert into city(region_id, name) values (1061, 'Cracow');
insert into city(region_id, name) values (1061, 'Krakau');
insert into city(region_id, name) values (1061, 'Krakov');
insert into city(region_id, name) values (1061, 'Krakw');
insert into city(region_id, name) values (1140, 'Bumbesti-Jiu');
insert into city(region_id, name) values (1140, 'Motru');
insert into city(region_id, name) values (1140, 'Novaci');
insert into city(region_id, name) values (1140, 'Rovinari');
insert into city(region_id, name) values (1140, 'Targu Carbunesti');
insert into city(region_id, name) values (1140, 'Targu Jiu');
insert into city(region_id, name) values (1140, 'Ticleni');
insert into city(region_id, name) values (1140, 'Tismana');
insert into city(region_id, name) values (1181, 'Amelia');
insert into city(region_id, name) values (1181, 'Anacoco');
insert into city(region_id, name) values (1181, 'Arcadia');
insert into city(region_id, name) values (1181, 'Baldwin');
insert into city(region_id, name) values (1181, 'Baton Rouge');
insert into city(region_id, name) values (1181, 'Blanks');
insert into city(region_id, name) values (1181, 'Boutte');
insert into city(region_id, name) values (1181, 'Chalmette');
insert into city(region_id, name) values (1181, 'Covington');
insert into city(region_id, name) values (1181, 'Creole');
insert into city(region_id, name) values (1181, 'Geismar');
insert into city(region_id, name) values (1181, 'Kenner');
insert into city(region_id, name) values (1181, 'Lafayette');
insert into city(region_id, name) values (1181, 'Lake Charles');
insert into city(region_id, name) values (1181, 'Metairie');
insert into city(region_id, name) values (1181, 'Natchitoches');
insert into city(region_id, name) values (1181, 'New Orleans');
insert into city(region_id, name) values (1181, 'Rayne');
insert into city(region_id, name) values (1181, 'Shreveport');
insert into city(region_id, name) values (1242, 'Kaschau');
insert into city(region_id, name) values (1242, 'Kassa');
insert into city(region_id, name) values (1242, 'Kosice');
insert into city(region_id, name) values (1248, 'Dvori');
insert into city(region_id, name) values (1248, 'Valica');
insert into region(id, country_id, name) values (1251, 172, 'Solomonovy o-va');
insert into city(region_id, name) values (712, 'Abano Terme');
insert into city(region_id, name) values (712, 'Agna');
insert into city(region_id, name) values (712, 'Baone');
insert into city(region_id, name) values (712, 'Battaglia Terme');
insert into city(region_id, name) values (712, 'Carmignano di Brenta');
insert into city(region_id, name) values (712, 'Casale di Scodosia');
insert into city(region_id, name) values (712, 'Cittadella');
insert into city(region_id, name) values (712, 'Conselve');
insert into city(region_id, name) values (712, 'Este');
insert into city(region_id, name) values (712, 'Legnaro');
insert into city(region_id, name) values (712, 'Maser di Padova');
insert into city(region_id, name) values (712, 'Monselice');
insert into city(region_id, name) values (712, 'Montagnana');
insert into city(region_id, name) values (712, 'Montegrotto Terme');
insert into city(region_id, name) values (712, 'Padova');
insert into city(region_id, name) values (712, 'Pozzonovo');
insert into city(region_id, name) values (712, 'Rubano');
insert into city(region_id, name) values (712, 'San Martino di Lupari');
insert into city(region_id, name) values (712, 'Saonara');
insert into city(region_id, name) values (712, 'Torreglia');
insert into city(region_id, name) values (1062, 'Warszawa');
insert into city(region_id, name) values (1141, 'Baile Tusnad');
insert into city(region_id, name) values (1141, 'Balan');
insert into city(region_id, name) values (1141, 'Borsec');
insert into city(region_id, name) values (1141, 'Cristuru Secuiesc');
insert into city(region_id, name) values (1141, 'Gheorgheni');
insert into city(region_id, name) values (1141, 'Miercurea Ciuc');
insert into city(region_id, name) values (1141, 'Odorheiu Secuiesc');
insert into city(region_id, name) values (1141, 'Toplita');
insert into city(region_id, name) values (1141, 'Vlahita');
insert into city(region_id, name) values (1182, 'Auburn');
insert into city(region_id, name) values (1182, 'Augusta');
insert into city(region_id, name) values (1182, 'Bangor');
insert into city(region_id, name) values (1182, 'Bar Harbor');
insert into city(region_id, name) values (1182, 'Belfast');
insert into city(region_id, name) values (1182, 'Bethel');
insert into city(region_id, name) values (1182, 'Ellsworth');
insert into city(region_id, name) values (1182, 'Northeast Harbor');
insert into city(region_id, name) values (1182, 'Old Orchard Beach');
insert into city(region_id, name) values (1182, 'Portland');
insert into city(region_id, name) values (1182, 'Scarborough');
insert into city(region_id, name) values (1182, 'Standish');
insert into city(region_id, name) values (1182, 'Washington');
insert into city(region_id, name) values (1182, 'York');
insert into city(region_id, name) values (1182, 'York Beach');
insert into city(region_id, name) values (1243, 'Nitra');
insert into city(region_id, name) values (1249, 'Brezovec');
insert into city(region_id, name) values (1249, 'Preseka');
insert into city(region_id, name) values (1251, 'Honiara');
insert into region(id, country_id, name) values (1252, 173, 'Mogadisho');
insert into city(region_id, name) values (713, 'Occhiobello');
insert into city(region_id, name) values (713, 'Rovigo');
insert into city(region_id, name) values (1063, 'Sodehnen');
insert into city(region_id, name) values (1142, 'Aninoasa');
insert into city(region_id, name) values (1142, 'Brad');
insert into city(region_id, name) values (1142, 'Calan');
insert into city(region_id, name) values (1142, 'Deva');
insert into city(region_id, name) values (1142, 'Geoagiu');
insert into city(region_id, name) values (1142, 'Hateg');
insert into city(region_id, name) values (1142, 'Hunedoara');
insert into city(region_id, name) values (1142, 'Lupeni');
insert into city(region_id, name) values (1142, 'Orastie');
insert into city(region_id, name) values (1142, 'Petrosani');
insert into city(region_id, name) values (1142, 'Simeria');
insert into city(region_id, name) values (1142, 'Uricani');
insert into city(region_id, name) values (1142, 'Vulcan');
insert into city(region_id, name) values (1183, 'Aberdeen');
insert into city(region_id, name) values (1183, 'Aberdeen Proving Ground');
insert into city(region_id, name) values (1183, 'Abingdon');
insert into city(region_id, name) values (1183, 'Annapolis');
insert into city(region_id, name) values (1183, 'Baltimore');
insert into city(region_id, name) values (1183, 'Bel Air');
insert into city(region_id, name) values (1183, 'Beltsville');
insert into city(region_id, name) values (1183, 'Berlin');
insert into city(region_id, name) values (1183, 'Bethesda');
insert into city(region_id, name) values (1183, 'Bowie');
insert into city(region_id, name) values (1183, 'California');
insert into city(region_id, name) values (1183, 'Cambridge');
insert into city(region_id, name) values (1183, 'Chevy Chase');
insert into city(region_id, name) values (1183, 'College Park');
insert into city(region_id, name) values (1183, 'Columbia');
insert into city(region_id, name) values (1183, 'Crofton');
insert into city(region_id, name) values (1183, 'Dundalk');
insert into city(region_id, name) values (1183, 'Ellicott City');
insert into city(region_id, name) values (1183, 'Frederick');
insert into city(region_id, name) values (1183, 'Fulton');
insert into city(region_id, name) values (1183, 'Gaithersburg');
insert into city(region_id, name) values (1183, 'Germantown');
insert into city(region_id, name) values (1183, 'Hagerstown');
insert into city(region_id, name) values (1183, 'Hyattsville');
insert into city(region_id, name) values (1183, 'Jefferson');
insert into city(region_id, name) values (1183, 'Joppa');
insert into city(region_id, name) values (1183, 'Laurel');
insert into city(region_id, name) values (1183, 'Lusby');
insert into city(region_id, name) values (1183, 'Lutherville Timonium');
insert into city(region_id, name) values (1183, 'Montgomery Village');
insert into city(region_id, name) values (1183, 'North East');
insert into city(region_id, name) values (1183, 'Oakland');
insert into city(region_id, name) values (1183, 'Ocean City');
insert into city(region_id, name) values (1183, 'Owings Mills');
insert into city(region_id, name) values (1183, 'Pikesville');
insert into city(region_id, name) values (1183, 'Potomac');
insert into city(region_id, name) values (1183, 'Reisterstown');
insert into city(region_id, name) values (1183, 'Rockville');
insert into city(region_id, name) values (1183, 'Salisbury');
insert into city(region_id, name) values (1183, 'Severna Park');
insert into city(region_id, name) values (1183, 'Silver Spring');
insert into city(region_id, name) values (1183, 'Towson');
insert into city(region_id, name) values (1244, 'Abrahamovce');
insert into city(region_id, name) values (1244, 'Aha');
insert into city(region_id, name) values (1244, 'Dunajsk Streda');
insert into city(region_id, name) values (1244, 'Michalovce');
insert into city(region_id, name) values (1244, 'Prievidza');
insert into city(region_id, name) values (1244, 'Zvolen');
insert into city(region_id, name) values (1250, 'Celje');
insert into city(region_id, name) values (1250, 'Dol pri Hrastniku');
insert into city(region_id, name) values (1250, 'Ljubljana');
insert into city(region_id, name) values (1250, 'Maribor');
insert into city(region_id, name) values (1250, 'Nemcavci');
insert into city(region_id, name) values (1250, 'Nova Gorica');
insert into city(region_id, name) values (1250, 'Portorose');
insert into city(region_id, name) values (1250, 'Velenje');
insert into city(region_id, name) values (1252, 'Mogadisho');
insert into region(id, country_id, name) values (1253, 174, 'Sudan');
insert into city(region_id, name) values (714, 'Castelfranco Veneto');
insert into city(region_id, name) values (714, 'Conegliano');
insert into city(region_id, name) values (714, 'Giavera del Montello');
insert into city(region_id, name) values (714, 'Mogliano Veneto');
insert into city(region_id, name) values (714, 'Montebelluna');
insert into city(region_id, name) values (714, 'Oderzo');
insert into city(region_id, name) values (714, 'Orsago');
insert into city(region_id, name) values (714, 'Paderno del Grappa');
insert into city(region_id, name) values (714, 'Pieve di Soligo');
insert into city(region_id, name) values (714, 'Quinto di Treviso');
insert into city(region_id, name) values (714, 'Roncade');
insert into city(region_id, name) values (714, 'Treviso');
insert into city(region_id, name) values (714, 'Vittorio Veneto');
insert into city(region_id, name) values (1064, 'Nowy Sacz');
insert into city(region_id, name) values (1064, 'Tylicz');
insert into city(region_id, name) values (1143, 'Fetesti');
insert into city(region_id, name) values (1143, 'Slobozia');
insert into city(region_id, name) values (1143, 'Tandarei');
insert into city(region_id, name) values (1143, 'Urziceni');
insert into city(region_id, name) values (1184, 'Acton');
insert into city(region_id, name) values (1184, 'Agawam');
insert into city(region_id, name) values (1184, 'Allston');
insert into city(region_id, name) values (1184, 'Amesbury');
insert into city(region_id, name) values (1184, 'Amherst');
insert into city(region_id, name) values (1184, 'Andover');
insert into city(region_id, name) values (1184, 'Attleboro');
insert into city(region_id, name) values (1184, 'Becket');
insert into city(region_id, name) values (1184, 'Berkley');
insert into city(region_id, name) values (1184, 'Bolton');
insert into city(region_id, name) values (1184, 'Boston');
insert into city(region_id, name) values (1184, 'Brookline');
insert into city(region_id, name) values (1184, 'Burlington');
insert into city(region_id, name) values (1184, 'Cambridge');
insert into city(region_id, name) values (1184, 'Canton');
insert into city(region_id, name) values (1184, 'Centerville');
insert into city(region_id, name) values (1184, 'Chicopee');
insert into city(region_id, name) values (1184, 'Dennis Port');
insert into city(region_id, name) values (1184, 'Eastham');
insert into city(region_id, name) values (1184, 'Essex');
insert into city(region_id, name) values (1184, 'Fall River');
insert into city(region_id, name) values (1184, 'Feeding Hills');
insert into city(region_id, name) values (1184, 'Framingham');
insert into city(region_id, name) values (1184, 'Franklin');
insert into city(region_id, name) values (1184, 'Greenfield');
insert into city(region_id, name) values (1184, 'Hyannis');
insert into city(region_id, name) values (1184, 'Lee');
insert into city(region_id, name) values (1184, 'Lexington');
insert into city(region_id, name) values (1184, 'Lynn');
insert into city(region_id, name) values (1184, 'Manchester');
insert into city(region_id, name) values (1184, 'Marlborough');
insert into city(region_id, name) values (1184, 'Marstons Mills');
insert into city(region_id, name) values (1184, 'Methuen');
insert into city(region_id, name) values (1184, 'Nantucket');
insert into city(region_id, name) values (1184, 'Newton');
insert into city(region_id, name) values (1184, 'Newtonville');
insert into city(region_id, name) values (1184, 'Northampton');
insert into city(region_id, name) values (1184, 'Palmer');
insert into city(region_id, name) values (1184, 'Pittsfield');
insert into city(region_id, name) values (1184, 'Rutland');
insert into city(region_id, name) values (1184, 'Salem');
insert into city(region_id, name) values (1184, 'Shirley');
insert into city(region_id, name) values (1184, 'South Hadley');
insert into city(region_id, name) values (1184, 'South Yarmouth');
insert into city(region_id, name) values (1184, 'Springfield');
insert into city(region_id, name) values (1184, 'West Roxbury');
insert into city(region_id, name) values (1184, 'West Springfield');
insert into city(region_id, name) values (1184, 'West Yarmouth');
insert into city(region_id, name) values (1184, 'Westfield');
insert into city(region_id, name) values (1184, 'Worcester');
insert into city(region_id, name) values (1245, 'Presov');
insert into city(region_id, name) values (1253, 'Vadi-Halfa');
insert into city(region_id, name) values (1253, 'Vau');
insert into city(region_id, name) values (1253, 'Djuba');
insert into city(region_id, name) values (1253, 'Malakal');
insert into city(region_id, name) values (1253, 'Omdurman');
insert into city(region_id, name) values (1253, 'Port-Sudan');
insert into city(region_id, name) values (1253, 'Hartum');
insert into city(region_id, name) values (1253, 'El-Obeid');
insert into region(id, country_id, name) values (1254, 175, 'Paramaribo');
insert into city(region_id, name) values (715, 'Annone Veneto');
insert into city(region_id, name) values (715, 'Cavarzere');
insert into city(region_id, name) values (715, 'Chioggia');
insert into city(region_id, name) values (715, 'Dolo');
insert into city(region_id, name) values (715, 'Eraclea');
insert into city(region_id, name) values (715, 'Iesolo');
insert into city(region_id, name) values (715, 'Marcon');
insert into city(region_id, name) values (715, 'Mira');
insert into city(region_id, name) values (715, 'Mirano');
insert into city(region_id, name) values (715, 'Pianiga');
insert into city(region_id, name) values (715, 'Portogruaro');
insert into city(region_id, name) values (715, 'San Don di Piave');
insert into city(region_id, name) values (715, 'Scorz');
insert into city(region_id, name) values (715, 'Spinea');
insert into city(region_id, name) values (715, 'Stra');
insert into city(region_id, name) values (715, 'Venezia');
insert into city(region_id, name) values (1065, 'Bartenstein');
insert into city(region_id, name) values (1065, 'Bartoszyce');
insert into city(region_id, name) values (1065, 'Dobre Miasto');
insert into city(region_id, name) values (1065, 'Ketrzyn');
insert into city(region_id, name) values (1065, 'Stary Olsztyn');
insert into city(region_id, name) values (1144, 'Harlau');
insert into city(region_id, name) values (1144, 'Iasi');
insert into city(region_id, name) values (1144, 'Pascani');
insert into city(region_id, name) values (1144, 'Targu Frumos');
insert into city(region_id, name) values (1185, 'Afton');
insert into city(region_id, name) values (1185, 'Akron');
insert into city(region_id, name) values (1185, 'Algonac');
insert into city(region_id, name) values (1185, 'Alpena');
insert into city(region_id, name) values (1185, 'Ann Arbor');
insert into city(region_id, name) values (1185, 'Applegate');
insert into city(region_id, name) values (1185, 'Atlanta');
insert into city(region_id, name) values (1185, 'Auburn Hills');
insert into city(region_id, name) values (1185, 'Berkley');
insert into city(region_id, name) values (1185, 'Birmingham');
insert into city(region_id, name) values (1185, 'Bloomfield Hills');
insert into city(region_id, name) values (1185, 'Canton');
insert into city(region_id, name) values (1185, 'Cedar Springs');
insert into city(region_id, name) values (1185, 'Center Line');
insert into city(region_id, name) values (1185, 'Clarkston');
insert into city(region_id, name) values (1185, 'Coldwater');
insert into city(region_id, name) values (1185, 'Commerce Township');
insert into city(region_id, name) values (1185, 'Dearborn');
insert into city(region_id, name) values (1185, 'Dearborn Heights');
insert into city(region_id, name) values (1185, 'Deerton');
insert into city(region_id, name) values (1185, 'Detroit');
insert into city(region_id, name) values (1185, 'East Lansing');
insert into city(region_id, name) values (1185, 'Farmington');
insert into city(region_id, name) values (1185, 'Flint');
insert into city(region_id, name) values (1185, 'Flushing');
insert into city(region_id, name) values (1185, 'Grand Rapids');
insert into city(region_id, name) values (1185, 'Greenville');
insert into city(region_id, name) values (1185, 'Grosse Pointe');
insert into city(region_id, name) values (1185, 'Hamtramck');
insert into city(region_id, name) values (1185, 'Kalamazoo');
insert into city(region_id, name) values (1185, 'Lake Odessa');
insert into city(region_id, name) values (1185, 'Lake Orion');
insert into city(region_id, name) values (1185, 'Lansing');
insert into city(region_id, name) values (1185, 'Madison Heights');
insert into city(region_id, name) values (1185, 'Novi');
insert into city(region_id, name) values (1185, 'Oak Park');
insert into city(region_id, name) values (1185, 'Oakland');
insert into city(region_id, name) values (1185, 'Okemos');
insert into city(region_id, name) values (1185, 'Pontiac');
insert into city(region_id, name) values (1185, 'Riga');
insert into city(region_id, name) values (1185, 'Rochester');
insert into city(region_id, name) values (1185, 'Royal Oak');
insert into city(region_id, name) values (1185, 'Saint Clair');
insert into city(region_id, name) values (1185, 'Southfield');
insert into city(region_id, name) values (1185, 'Sterling');
insert into city(region_id, name) values (1185, 'Sterling Heights');
insert into city(region_id, name) values (1185, 'Swartz Creek');
insert into city(region_id, name) values (1185, 'Traverse City');
insert into city(region_id, name) values (1185, 'Troy');
insert into city(region_id, name) values (1185, 'Utica');
insert into city(region_id, name) values (1185, 'Walled Lake');
insert into city(region_id, name) values (1185, 'Warren');
insert into city(region_id, name) values (1185, 'Waterford');
insert into city(region_id, name) values (1185, 'West Bloomfield');
insert into city(region_id, name) values (1185, 'Wixom');
insert into city(region_id, name) values (1185, 'Ypsilanti');
insert into city(region_id, name) values (1246, 'Trencin');
insert into city(region_id, name) values (1254, 'Paramaribo');
insert into region(id, country_id, name) values (1255, 176, 'Fritaun');
insert into city(region_id, name) values (716, 'Affi');
insert into city(region_id, name) values (716, 'Albaredo d''''Adige');
insert into city(region_id, name) values (716, 'Bardolino');
insert into city(region_id, name) values (716, 'Bovolone');
insert into city(region_id, name) values (716, 'Casaleone');
insert into city(region_id, name) values (716, 'Cologna Veneta');
insert into city(region_id, name) values (716, 'Garda');
insert into city(region_id, name) values (716, 'Isola della Scala');
insert into city(region_id, name) values (716, 'Lazise');
insert into city(region_id, name) values (716, 'Legnago');
insert into city(region_id, name) values (716, 'Nogarole Rocca');
insert into city(region_id, name) values (716, 'Peschiera del Garda');
insert into city(region_id, name) values (716, 'San Bonifacio');
insert into city(region_id, name) values (716, 'San Giovanni Ilarione');
insert into city(region_id, name) values (716, 'Sanguinetto');
insert into city(region_id, name) values (716, 'Sant''''Ambrogio di Valpolicella');
insert into city(region_id, name) values (716, 'Verona');
insert into city(region_id, name) values (716, 'Veronella');
insert into city(region_id, name) values (716, 'Villafranca di Verona');
insert into city(region_id, name) values (1066, 'Brieg');
insert into city(region_id, name) values (1066, 'Gogowek');
insert into city(region_id, name) values (1066, 'Grabczak');
insert into city(region_id, name) values (1066, 'Kedzierzyn-Kozle');
insert into city(region_id, name) values (1066, 'Kluczbork');
insert into city(region_id, name) values (1066, 'Krapkowice');
insert into city(region_id, name) values (1066, 'Lewice');
insert into city(region_id, name) values (1066, 'Nysa');
insert into city(region_id, name) values (1066, 'Opole-Szczepanowice');
insert into city(region_id, name) values (1066, 'Polkowice');
insert into city(region_id, name) values (1145, 'Buftea');
insert into city(region_id, name) values (1145, 'Otopeni');
insert into city(region_id, name) values (1186, 'Acton');
insert into city(region_id, name) values (1186, 'Albert Lea');
insert into city(region_id, name) values (1186, 'Alexandria');
insert into city(region_id, name) values (1186, 'Andover');
insert into city(region_id, name) values (1186, 'Anoka');
insert into city(region_id, name) values (1186, 'Austin');
insert into city(region_id, name) values (1186, 'Bagley');
insert into city(region_id, name) values (1186, 'Belle Plaine');
insert into city(region_id, name) values (1186, 'Blooming Prairie');
insert into city(region_id, name) values (1186, 'Burnsville');
insert into city(region_id, name) values (1186, 'Champlin');
insert into city(region_id, name) values (1186, 'Chisago City');
insert into city(region_id, name) values (1186, 'Cotton');
insert into city(region_id, name) values (1186, 'Dayton');
insert into city(region_id, name) values (1186, 'Detroit Lakes');
insert into city(region_id, name) values (1186, 'Dover');
insert into city(region_id, name) values (1186, 'Duluth');
insert into city(region_id, name) values (1186, 'Eden Prairie');
insert into city(region_id, name) values (1186, 'Elk River');
insert into city(region_id, name) values (1186, 'Farmington');
insert into city(region_id, name) values (1186, 'Grand Rapids');
insert into city(region_id, name) values (1186, 'Hopkins');
insert into city(region_id, name) values (1186, 'Isanti');
insert into city(region_id, name) values (1186, 'Lake Elmo');
insert into city(region_id, name) values (1186, 'Lakeville');
insert into city(region_id, name) values (1186, 'Mankato');
insert into city(region_id, name) values (1186, 'Minneapolis');
insert into city(region_id, name) values (1186, 'Minnesota City');
insert into city(region_id, name) values (1186, 'Minnetonka');
insert into city(region_id, name) values (1186, 'Moorhead');
insert into city(region_id, name) values (1186, 'Morris');
insert into city(region_id, name) values (1186, 'Mound');
insert into city(region_id, name) values (1186, 'North Branch');
insert into city(region_id, name) values (1186, 'Prior Lake');
insert into city(region_id, name) values (1186, 'Rochester');
insert into city(region_id, name) values (1186, 'Rosemount');
insert into city(region_id, name) values (1186, 'Rothsay');
insert into city(region_id, name) values (1186, 'Saint Cloud');
insert into city(region_id, name) values (1186, 'Saint Paul');
insert into city(region_id, name) values (1186, 'Shakopee');
insert into city(region_id, name) values (1186, 'Wayzata');
insert into city(region_id, name) values (1247, 'Trnava');
insert into city(region_id, name) values (1255, 'Fritaun');
insert into region(id, country_id, name) values (1256, 177, 'Gorno-Badahshanskaya obl.');
insert into region(id, country_id, name) values (1257, 177, 'Kulyabskaya obl.');
insert into region(id, country_id, name) values (1258, 177, 'Kurgan-Tyubinskaya obl.');
insert into region(id, country_id, name) values (1259, 177, 'Sogdiiskaya obl.');
insert into region(id, country_id, name) values (1260, 177, 'Tadjikistan');
insert into city(region_id, name) values (717, 'Altissimo');
insert into city(region_id, name) values (717, 'Arzignano');
insert into city(region_id, name) values (717, 'Asiago');
insert into city(region_id, name) values (717, 'Bassano del Grappa');
insert into city(region_id, name) values (717, 'Breganze');
insert into city(region_id, name) values (717, 'Brendola');
insert into city(region_id, name) values (717, 'Montecchio Maggiore');
insert into city(region_id, name) values (717, 'Pianezze');
insert into city(region_id, name) values (717, 'Schio');
insert into city(region_id, name) values (717, 'Tezze sul Brenta');
insert into city(region_id, name) values (717, 'Thiene');
insert into city(region_id, name) values (717, 'Valdagno');
insert into city(region_id, name) values (717, 'Vicenza');
insert into city(region_id, name) values (1067, 'Makinia Gorna');
insert into city(region_id, name) values (1067, 'Przasnysz');
insert into city(region_id, name) values (1146, 'Baia Mare');
insert into city(region_id, name) values (1146, 'Baia Sprie');
insert into city(region_id, name) values (1146, 'Borsa');
insert into city(region_id, name) values (1146, 'Cavnic');
insert into city(region_id, name) values (1146, 'Seini');
insert into city(region_id, name) values (1146, 'Sighetu Marmatiei');
insert into city(region_id, name) values (1146, 'Targu Lapus');
insert into city(region_id, name) values (1146, 'Viseu de Sus');
insert into city(region_id, name) values (1187, 'Bay Springs');
insert into city(region_id, name) values (1187, 'Biloxi');
insert into city(region_id, name) values (1187, 'Cleveland');
insert into city(region_id, name) values (1187, 'Gulfport');
insert into city(region_id, name) values (1187, 'Itta Bena');
insert into city(region_id, name) values (1187, 'Jackson');
insert into city(region_id, name) values (1187, 'Lucedale');
insert into city(region_id, name) values (1187, 'Natchez');
insert into city(region_id, name) values (1187, 'Ocean Springs');
insert into city(region_id, name) values (1187, 'Oxford');
insert into city(region_id, name) values (1187, 'Pascagoula');
insert into city(region_id, name) values (1187, 'Southaven');
insert into city(region_id, name) values (1256, 'Vanch');
insert into city(region_id, name) values (1256, 'Vrang');
insert into city(region_id, name) values (1256, 'Ishkashim');
insert into city(region_id, name) values (1256, 'Kudara');
insert into city(region_id, name) values (1256, 'Murgab');
insert into city(region_id, name) values (1256, 'Rushan');
insert into city(region_id, name) values (1256, 'Toktomush');
insert into city(region_id, name) values (1256, 'Horog');
insert into region(id, country_id, name) values (1261, 178, 'Taivan');
insert into city(region_id, name) values (1068, 'Trzcianka');
insert into city(region_id, name) values (1147, 'Baia de Arama');
insert into city(region_id, name) values (1147, 'Drobeta-Turnu-Severin');
insert into city(region_id, name) values (1147, 'Orsova');
insert into city(region_id, name) values (1147, 'Strehaia');
insert into city(region_id, name) values (1147, 'Vanju Mare');
insert into city(region_id, name) values (1188, 'Arnold');
insert into city(region_id, name) values (1188, 'Belton');
insert into city(region_id, name) values (1188, 'Branson');
insert into city(region_id, name) values (1188, 'California');
insert into city(region_id, name) values (1188, 'Columbia');
insert into city(region_id, name) values (1188, 'Fulton');
insert into city(region_id, name) values (1188, 'High Ridge');
insert into city(region_id, name) values (1188, 'Jefferson City');
insert into city(region_id, name) values (1188, 'Kansas City');
insert into city(region_id, name) values (1188, 'Lake Saint Louis');
insert into city(region_id, name) values (1188, 'Lees Summit');
insert into city(region_id, name) values (1188, 'Moberly');
insert into city(region_id, name) values (1188, 'New Haven');
insert into city(region_id, name) values (1188, 'Pomona');
insert into city(region_id, name) values (1188, 'Raymore');
insert into city(region_id, name) values (1188, 'Saint Charles');
insert into city(region_id, name) values (1188, 'Saint Louis');
insert into city(region_id, name) values (1188, 'Sedalia');
insert into city(region_id, name) values (1188, 'Springfield');
insert into city(region_id, name) values (1188, 'St. Robert');
insert into city(region_id, name) values (1188, 'Sweet Springs');
insert into city(region_id, name) values (1188, 'West Plains');
insert into city(region_id, name) values (1257, 'Dangara');
insert into city(region_id, name) values (1257, 'Kulyab');
insert into city(region_id, name) values (1257, 'Lenigradskii');
insert into city(region_id, name) values (1257, 'Parhar');
insert into city(region_id, name) values (1257, 'Sovetskii');
insert into city(region_id, name) values (1257, 'Hovaling');
insert into city(region_id, name) values (1261, 'Taibei');
insert into region(id, country_id, name) values (1262, 179, 'Surattani');
insert into region(id, country_id, name) values (1263, 179, 'Tailand');
insert into region(id, country_id, name) values (1264, 179, 'CHon Buri');
insert into city(region_id, name) values (1069, 'Piotrkw Trybunalski');
insert into city(region_id, name) values (1069, 'Sulejw');
insert into city(region_id, name) values (1069, 'Tomaszw Mazowiecki');
insert into city(region_id, name) values (1148, 'Iernut');
insert into city(region_id, name) values (1148, 'Ludus');
insert into city(region_id, name) values (1148, 'Reghin');
insert into city(region_id, name) values (1148, 'Sighisoara');
insert into city(region_id, name) values (1148, 'Sovata');
insert into city(region_id, name) values (1148, 'Targu Mures');
insert into city(region_id, name) values (1148, 'Tarnaveni');
insert into city(region_id, name) values (1189, 'Anaconda');
insert into city(region_id, name) values (1189, 'Angela');
insert into city(region_id, name) values (1189, 'Baker');
insert into city(region_id, name) values (1189, 'Belt');
insert into city(region_id, name) values (1189, 'Bigfork');
insert into city(region_id, name) values (1189, 'Billings');
insert into city(region_id, name) values (1189, 'Bozeman');
insert into city(region_id, name) values (1189, 'Broadview');
insert into city(region_id, name) values (1189, 'Florence');
insert into city(region_id, name) values (1189, 'Frenchtown');
insert into city(region_id, name) values (1189, 'Great Falls');
insert into city(region_id, name) values (1189, 'Helena');
insert into city(region_id, name) values (1189, 'Kalispell');
insert into city(region_id, name) values (1189, 'Libby');
insert into city(region_id, name) values (1189, 'Lincoln');
insert into city(region_id, name) values (1189, 'Missoula');
insert into city(region_id, name) values (1189, 'Polson');
insert into city(region_id, name) values (1189, 'Silver Star');
insert into city(region_id, name) values (1189, 'Sumatra');
insert into city(region_id, name) values (1258, 'Kalininabad');
insert into city(region_id, name) values (1258, 'Kolhozabad');
insert into city(region_id, name) values (1258, 'Kuibyshevskii');
insert into city(region_id, name) values (1258, 'Kurgan-Tyube');
insert into city(region_id, name) values (1258, 'Nijnii Pyandj');
insert into city(region_id, name) values (1258, 'Pyandj');
insert into city(region_id, name) values (1258, 'SHaartuz');
insert into city(region_id, name) values (1258, 'YAvan');
insert into city(region_id, name) values (1262, 'Samui');
insert into region(id, country_id, name) values (1265, 180, 'Tanzaniya');
insert into city(region_id, name) values (1070, 'Pock');
insert into city(region_id, name) values (1070, 'Plotsk');
insert into city(region_id, name) values (1149, 'Bicaz');
insert into city(region_id, name) values (1149, 'Piatra Neamt');
insert into city(region_id, name) values (1149, 'Roman');
insert into city(region_id, name) values (1149, 'Targu Neam');
insert into city(region_id, name) values (1190, 'Ansley');
insert into city(region_id, name) values (1190, 'Lincoln');
insert into city(region_id, name) values (1190, 'Omaha');
insert into city(region_id, name) values (1190, 'Saint Edward');
insert into city(region_id, name) values (1259, 'Adrasman');
insert into city(region_id, name) values (1259, 'Aini');
insert into city(region_id, name) values (1259, 'Asht');
insert into city(region_id, name) values (1259, 'Buston');
insert into city(region_id, name) values (1259, 'Ganchi');
insert into city(region_id, name) values (1259, 'Gafurov');
insert into city(region_id, name) values (1259, 'Zafarabad');
insert into city(region_id, name) values (1259, 'Zeravshan');
insert into city(region_id, name) values (1259, 'Istaravshan (Ura-Tyube)');
insert into city(region_id, name) values (1259, 'Isfara');
insert into city(region_id, name) values (1259, 'Kairakuum');
insert into city(region_id, name) values (1259, 'Kanibadam');
insert into city(region_id, name) values (1259, 'Kansai');
insert into city(region_id, name) values (1259, 'Nau');
insert into city(region_id, name) values (1259, 'Pendjikent');
insert into city(region_id, name) values (1259, 'Proletarsk');
insert into city(region_id, name) values (1259, 'Taboshar');
insert into city(region_id, name) values (1259, 'Hudjand');
insert into city(region_id, name) values (1259, 'CHkalovsk');
insert into city(region_id, name) values (1259, 'SHurab');
insert into city(region_id, name) values (1263, 'Bangkok');
insert into city(region_id, name) values (1265, 'Dar-es-Salam');
insert into city(region_id, name) values (1265, 'Dodoma');
insert into city(region_id, name) values (1265, 'Zanzibar');
insert into city(region_id, name) values (1265, 'Mvanza');
insert into region(id, country_id, name) values (1266, 181, 'Togo');
insert into city(region_id, name) values (1071, 'Reichshof');
insert into city(region_id, name) values (1071, 'Rzeszw');
insert into city(region_id, name) values (1071, 'Zheshev');
insert into city(region_id, name) values (1071, 'Zheshuv');
insert into city(region_id, name) values (1150, 'Bals');
insert into city(region_id, name) values (1150, 'Corabia');
insert into city(region_id, name) values (1150, 'Draganesti-Olt');
insert into city(region_id, name) values (1150, 'Piatra Olt');
insert into city(region_id, name) values (1150, 'Scornicesti');
insert into city(region_id, name) values (1150, 'Slatina');
insert into city(region_id, name) values (1191, 'Alamo');
insert into city(region_id, name) values (1191, 'Gardnerville Ranchos');
insert into city(region_id, name) values (1191, 'Henderson');
insert into city(region_id, name) values (1191, 'Las Vegas');
insert into city(region_id, name) values (1191, 'Manhattan');
insert into city(region_id, name) values (1191, 'Nixon');
insert into city(region_id, name) values (1191, 'Reno');
insert into city(region_id, name) values (1191, 'Sun Valley');
insert into city(region_id, name) values (1191, 'West Wendover');
insert into city(region_id, name) values (1260, 'Varzob');
insert into city(region_id, name) values (1260, 'Vahsh');
insert into city(region_id, name) values (1260, 'Garm');
insert into city(region_id, name) values (1260, 'Gissar');
insert into city(region_id, name) values (1260, 'Djirgatal');
insert into city(region_id, name) values (1260, 'Dusti');
insert into city(region_id, name) values (1260, 'Dushanbe');
insert into city(region_id, name) values (1260, 'Kofarnihon');
insert into city(region_id, name) values (1260, 'Kuibyshevsk');
insert into city(region_id, name) values (1260, 'Leninskii');
insert into city(region_id, name) values (1260, 'Moskovskii');
insert into city(region_id, name) values (1260, 'Nasrud');
insert into city(region_id, name) values (1260, 'Nurek');
insert into city(region_id, name) values (1260, 'Ordjonikidzeabad');
insert into city(region_id, name) values (1260, 'Tursunzade');
insert into city(region_id, name) values (1260, 'Faizabad');
insert into city(region_id, name) values (1264, 'Pattaya');
insert into city(region_id, name) values (1266, 'Lome');
insert into region(id, country_id, name) values (1267, 182, 'Fakaofo');
insert into city(region_id, name) values (1072, 'Danzig');
insert into city(region_id, name) values (1072, 'Gdansk');
insert into city(region_id, name) values (1151, 'Azuga');
insert into city(region_id, name) values (1151, 'Baicoi');
insert into city(region_id, name) values (1151, 'Boldesti-Scaeni');
insert into city(region_id, name) values (1151, 'Breaza');
insert into city(region_id, name) values (1151, 'Busteni');
insert into city(region_id, name) values (1151, 'Campina');
insert into city(region_id, name) values (1151, 'Comarnic');
insert into city(region_id, name) values (1151, 'Mizil');
insert into city(region_id, name) values (1151, 'Ploiesti');
insert into city(region_id, name) values (1151, 'Plopeni');
insert into city(region_id, name) values (1151, 'Sinaia');
insert into city(region_id, name) values (1151, 'Slanic');
insert into city(region_id, name) values (1151, 'Urlai');
insert into city(region_id, name) values (1151, 'Valenii de Munte');
insert into city(region_id, name) values (1192, 'Amherst');
insert into city(region_id, name) values (1192, 'Concord');
insert into city(region_id, name) values (1192, 'Contoocook');
insert into city(region_id, name) values (1192, 'Derry');
insert into city(region_id, name) values (1192, 'Durham');
insert into city(region_id, name) values (1192, 'East Derry');
insert into city(region_id, name) values (1192, 'Exeter');
insert into city(region_id, name) values (1192, 'Hampton');
insert into city(region_id, name) values (1192, 'Laconia');
insert into city(region_id, name) values (1192, 'Manchester');
insert into city(region_id, name) values (1192, 'Merrimack');
insert into city(region_id, name) values (1192, 'Nashua');
insert into city(region_id, name) values (1192, 'Newport');
insert into city(region_id, name) values (1192, 'Portsmouth');
insert into city(region_id, name) values (1192, 'Rye');
insert into city(region_id, name) values (1192, 'Salem');
insert into city(region_id, name) values (1192, 'West Lebanon');
insert into city(region_id, name) values (1192, 'Wolfeboro');
insert into city(region_id, name) values (1267, 'Fakaofo');
insert into region(id, country_id, name) values (1268, 183, 'Tonga');
insert into city(region_id, name) values (1073, 'Annopole');
insert into city(region_id, name) values (1073, 'Dabrowka Lesna');
insert into city(region_id, name) values (1073, 'Gniezno');
insert into city(region_id, name) values (1073, 'Oborniki');
insert into city(region_id, name) values (1073, 'Stare Miasto');
insert into city(region_id, name) values (1073, 'Strzeszyn');
insert into city(region_id, name) values (1073, 'Zielona Gra');
insert into city(region_id, name) values (1152, 'Cehu Silvaniei');
insert into city(region_id, name) values (1152, 'Jibou');
insert into city(region_id, name) values (1152, 'Simleu Silvaniei');
insert into city(region_id, name) values (1152, 'Zalau');
insert into city(region_id, name) values (1193, 'Absecon');
insert into city(region_id, name) values (1193, 'Allentown');
insert into city(region_id, name) values (1193, 'Alpine');
insert into city(region_id, name) values (1193, 'Asbury');
insert into city(region_id, name) values (1193, 'Asbury Park');
insert into city(region_id, name) values (1193, 'Atlantic City');
insert into city(region_id, name) values (1193, 'Atlantic Highlands');
insert into city(region_id, name) values (1193, 'Avalon');
insert into city(region_id, name) values (1193, 'Avenel');
insert into city(region_id, name) values (1193, 'Basking Ridge');
insert into city(region_id, name) values (1193, 'Bayonne');
insert into city(region_id, name) values (1193, 'Beach Haven');
insert into city(region_id, name) values (1193, 'Bedminster');
insert into city(region_id, name) values (1193, 'Belle Mead');
insert into city(region_id, name) values (1193, 'Belmar');
insert into city(region_id, name) values (1193, 'Berlin');
insert into city(region_id, name) values (1193, 'Bernards');
insert into city(region_id, name) values (1193, 'Bloomfield');
insert into city(region_id, name) values (1193, 'Bloomingdale');
insert into city(region_id, name) values (1193, 'Bogota');
insert into city(region_id, name) values (1193, 'Bordentown');
insert into city(region_id, name) values (1193, 'Brick');
insert into city(region_id, name) values (1193, 'Bridgewater');
insert into city(region_id, name) values (1193, 'Budd Lake');
insert into city(region_id, name) values (1193, 'Burlington');
insert into city(region_id, name) values (1193, 'Cape May');
insert into city(region_id, name) values (1193, 'Cape May Point');
insert into city(region_id, name) values (1193, 'Carteret');
insert into city(region_id, name) values (1193, 'Cherry Hill');
insert into city(region_id, name) values (1193, 'Clark');
insert into city(region_id, name) values (1193, 'Clementon');
insert into city(region_id, name) values (1193, 'Cliffside Park');
insert into city(region_id, name) values (1193, 'Clifton');
insert into city(region_id, name) values (1193, 'Clinton');
insert into city(region_id, name) values (1193, 'Closter');
insert into city(region_id, name) values (1193, 'Columbia');
insert into city(region_id, name) values (1193, 'Columbus');
insert into city(region_id, name) values (1193, 'Cranbury');
insert into city(region_id, name) values (1193, 'Cresskill');
insert into city(region_id, name) values (1193, 'Deal');
insert into city(region_id, name) values (1193, 'Delaware');
insert into city(region_id, name) values (1193, 'Denville');
insert into city(region_id, name) values (1193, 'Dover');
insert into city(region_id, name) values (1193, 'Dumont');
insert into city(region_id, name) values (1193, 'East Brunswick');
insert into city(region_id, name) values (1193, 'East Hanover');
insert into city(region_id, name) values (1193, 'East Orange');
insert into city(region_id, name) values (1193, 'Eatontown');
insert into city(region_id, name) values (1193, 'Edgewater');
insert into city(region_id, name) values (1193, 'Edison');
insert into city(region_id, name) values (1193, 'Elizabeth');
insert into city(region_id, name) values (1193, 'Elmwood Park');
insert into city(region_id, name) values (1193, 'Englewood');
insert into city(region_id, name) values (1193, 'Englishtown');
insert into city(region_id, name) values (1193, 'Essex Fells');
insert into city(region_id, name) values (1193, 'Fair Lawn');
insert into city(region_id, name) values (1193, 'Flemington');
insert into city(region_id, name) values (1193, 'Florham Park');
insert into city(region_id, name) values (1193, 'Fort Lee');
insert into city(region_id, name) values (1193, 'Franklin Park');
insert into city(region_id, name) values (1193, 'Freehold');
insert into city(region_id, name) values (1193, 'Garfield');
insert into city(region_id, name) values (1193, 'Glen Ridge');
insert into city(region_id, name) values (1193, 'Hackensack');
insert into city(region_id, name) values (1193, 'Hackettstown');
insert into city(region_id, name) values (1193, 'Hampton');
insert into city(region_id, name) values (1193, 'Harrison');
insert into city(region_id, name) values (1193, 'Hawthorne');
insert into city(region_id, name) values (1193, 'Hazlet');
insert into city(region_id, name) values (1193, 'Highland Park');
insert into city(region_id, name) values (1193, 'Hillsdale');
insert into city(region_id, name) values (1193, 'Hoboken');
insert into city(region_id, name) values (1193, 'Holmdel');
insert into city(region_id, name) values (1193, 'Hopewell');
insert into city(region_id, name) values (1193, 'Howell');
insert into city(region_id, name) values (1193, 'Jackson');
insert into city(region_id, name) values (1193, 'Jamesburg');
insert into city(region_id, name) values (1193, 'Jersey City');
insert into city(region_id, name) values (1193, 'Kearny');
insert into city(region_id, name) values (1193, 'Keasbey');
insert into city(region_id, name) values (1193, 'Kenilworth');
insert into city(region_id, name) values (1193, 'Lakehurst');
insert into city(region_id, name) values (1193, 'Lakewood');
insert into city(region_id, name) values (1193, 'Lincoln Park');
insert into city(region_id, name) values (1193, 'Linden');
insert into city(region_id, name) values (1193, 'Little Falls');
insert into city(region_id, name) values (1193, 'Long Branch');
insert into city(region_id, name) values (1193, 'Madison');
insert into city(region_id, name) values (1193, 'Mahwah');
insert into city(region_id, name) values (1193, 'Manville');
insert into city(region_id, name) values (1193, 'Maplewood');
insert into city(region_id, name) values (1193, 'Margate City');
insert into city(region_id, name) values (1193, 'Marlboro');
insert into city(region_id, name) values (1193, 'Marlton');
insert into city(region_id, name) values (1193, 'Matawan');
insert into city(region_id, name) values (1193, 'Middletown');
insert into city(region_id, name) values (1193, 'Millburn');
insert into city(region_id, name) values (1193, 'Monmouth Junction');
insert into city(region_id, name) values (1193, 'Montclair');
insert into city(region_id, name) values (1193, 'Montvale');
insert into city(region_id, name) values (1193, 'Montville');
insert into city(region_id, name) values (1193, 'Morganville');
insert into city(region_id, name) values (1193, 'Morris Plains');
insert into city(region_id, name) values (1193, 'Morristown');
insert into city(region_id, name) values (1193, 'Mount Arlington');
insert into city(region_id, name) values (1193, 'Mount Laurel');
insert into city(region_id, name) values (1193, 'Navesink');
insert into city(region_id, name) values (1193, 'Neptune');
insert into city(region_id, name) values (1193, 'New Brunswick');
insert into city(region_id, name) values (1193, 'New Egypt');
insert into city(region_id, name) values (1193, 'New York');
insert into city(region_id, name) values (1193, 'Newark');
insert into city(region_id, name) values (1193, 'Norma');
insert into city(region_id, name) values (1193, 'North Arlington');
insert into city(region_id, name) values (1193, 'North Bergen');
insert into city(region_id, name) values (1193, 'North Brunswick');
insert into city(region_id, name) values (1193, 'Nutley');
insert into city(region_id, name) values (1193, 'Oakhurst');
insert into city(region_id, name) values (1193, 'Ocean City');
insert into city(region_id, name) values (1193, 'Old Bridge');
insert into city(region_id, name) values (1193, 'Oradell');
insert into city(region_id, name) values (1193, 'Orange');
insert into city(region_id, name) values (1193, 'Palisades Park');
insert into city(region_id, name) values (1193, 'Paramus');
insert into city(region_id, name) values (1193, 'Parlin');
insert into city(region_id, name) values (1193, 'Parsippany');
insert into city(region_id, name) values (1193, 'Passaic');
insert into city(region_id, name) values (1193, 'Paterson');
insert into city(region_id, name) values (1193, 'Paulsboro');
insert into city(region_id, name) values (1193, 'Perth Amboy');
insert into city(region_id, name) values (1193, 'Phillipsburg');
insert into city(region_id, name) values (1193, 'Piscataway');
insert into city(region_id, name) values (1193, 'Plainfield');
insert into city(region_id, name) values (1193, 'Plainsboro');
insert into city(region_id, name) values (1193, 'Pomona');
insert into city(region_id, name) values (1193, 'Princeton');
insert into city(region_id, name) values (1193, 'Randolph');
insert into city(region_id, name) values (1193, 'Red Bank');
insert into city(region_id, name) values (1193, 'Ridgewood');
insert into city(region_id, name) values (1193, 'River Edge');
insert into city(region_id, name) values (1193, 'Rockaway');
insert into city(region_id, name) values (1193, 'Runnemede');
insert into city(region_id, name) values (1193, 'Rutherford');
insert into city(region_id, name) values (1193, 'Saddle Brook');
insert into city(region_id, name) values (1193, 'Saddle River');
insert into city(region_id, name) values (1193, 'Sayreville');
insert into city(region_id, name) values (1193, 'Scotch Plains');
insert into city(region_id, name) values (1193, 'Sea Girt');
insert into city(region_id, name) values (1193, 'Seaside Heights');
insert into city(region_id, name) values (1193, 'Short Hills');
insert into city(region_id, name) values (1193, 'Somerset');
insert into city(region_id, name) values (1193, 'Somerville');
insert into city(region_id, name) values (1193, 'South Amboy');
insert into city(region_id, name) values (1193, 'South Orange');
insert into city(region_id, name) values (1193, 'South River');
insert into city(region_id, name) values (1193, 'Spring Lake');
insert into city(region_id, name) values (1193, 'Springfield');
insert into city(region_id, name) values (1193, 'Stirling');
insert into city(region_id, name) values (1193, 'Stockton');
insert into city(region_id, name) values (1193, 'Stone Harbor');
insert into city(region_id, name) values (1193, 'Summit');
insert into city(region_id, name) values (1193, 'Sussex');
insert into city(region_id, name) values (1193, 'Teaneck');
insert into city(region_id, name) values (1193, 'Toms River');
insert into city(region_id, name) values (1193, 'Trenton');
insert into city(region_id, name) values (1193, 'Union');
insert into city(region_id, name) values (1193, 'Union City');
insert into city(region_id, name) values (1193, 'Ventnor City');
insert into city(region_id, name) values (1193, 'Vernon');
insert into city(region_id, name) values (1193, 'Vineland');
insert into city(region_id, name) values (1193, 'Wallington');
insert into city(region_id, name) values (1193, 'Washington');
insert into city(region_id, name) values (1193, 'Wayne');
insert into city(region_id, name) values (1193, 'West New York');
insert into city(region_id, name) values (1193, 'West Orange');
insert into city(region_id, name) values (1193, 'West Paterson');
insert into city(region_id, name) values (1193, 'Westfield');
insert into city(region_id, name) values (1193, 'Westwood');
insert into city(region_id, name) values (1193, 'Wharton');
insert into city(region_id, name) values (1193, 'Wildwood');
insert into city(region_id, name) values (1193, 'Woodbridge');
insert into city(region_id, name) values (1193, 'Woodcliff Lake');
insert into city(region_id, name) values (1268, 'Nukualofa');
insert into region(id, country_id, name) values (1269, 184, 'Port-of-Spein');
insert into city(region_id, name) values (1074, 'Grki');
insert into city(region_id, name) values (1074, 'Jaroslau');
insert into city(region_id, name) values (1074, 'Przemysl');
insert into city(region_id, name) values (1153, 'Carei');
insert into city(region_id, name) values (1153, 'Negresti-Oas');
insert into city(region_id, name) values (1153, 'Satu Mare');
insert into city(region_id, name) values (1153, 'Tasnad');
insert into city(region_id, name) values (1194, 'Alamogordo');
insert into city(region_id, name) values (1194, 'Albuquerque');
insert into city(region_id, name) values (1194, 'Angel Fire');
insert into city(region_id, name) values (1194, 'Aragon');
insert into city(region_id, name) values (1194, 'Cleveland');
insert into city(region_id, name) values (1194, 'Cuba');
insert into city(region_id, name) values (1194, 'Las Cruces');
insert into city(region_id, name) values (1194, 'Las Vegas');
insert into city(region_id, name) values (1194, 'Miami');
insert into city(region_id, name) values (1194, 'Newkirk');
insert into city(region_id, name) values (1194, 'Portales');
insert into city(region_id, name) values (1194, 'Roswell');
insert into city(region_id, name) values (1194, 'Santa Fe');
insert into city(region_id, name) values (1269, 'Port-of-Spein');
insert into region(id, country_id, name) values (1270, 185, 'Tuvalu');
insert into city(region_id, name) values (1075, 'Radom');
insert into city(region_id, name) values (1154, 'Agnita');
insert into city(region_id, name) values (1154, 'Avrig');
insert into city(region_id, name) values (1154, 'Cisnadie');
insert into city(region_id, name) values (1154, 'Copsa Mica');
insert into city(region_id, name) values (1154, 'Dumbraveni');
insert into city(region_id, name) values (1154, 'Medias');
insert into city(region_id, name) values (1154, 'Ocna Sibiului');
insert into city(region_id, name) values (1154, 'Sibiu');
insert into city(region_id, name) values (1154, 'Talmaciu');
insert into city(region_id, name) values (1195, 'Accord');
insert into city(region_id, name) values (1195, 'Acra');
insert into city(region_id, name) values (1195, 'Adams');
insert into city(region_id, name) values (1195, 'Adams Basin');
insert into city(region_id, name) values (1195, 'Adams Center');
insert into city(region_id, name) values (1195, 'Addison');
insert into city(region_id, name) values (1195, 'Adirondack');
insert into city(region_id, name) values (1195, 'Afton');
insert into city(region_id, name) values (1195, 'Alabama');
insert into city(region_id, name) values (1195, 'Albany');
insert into city(region_id, name) values (1195, 'Albion');
insert into city(region_id, name) values (1195, 'Alden');
insert into city(region_id, name) values (1195, 'Alexander');
insert into city(region_id, name) values (1195, 'Alexandria Bay');
insert into city(region_id, name) values (1195, 'Alfred');
insert into city(region_id, name) values (1195, 'Alpine');
insert into city(region_id, name) values (1195, 'Altamont');
insert into city(region_id, name) values (1195, 'Amsterdam');
insert into city(region_id, name) values (1195, 'Angelica');
insert into city(region_id, name) values (1195, 'Ardsley');
insert into city(region_id, name) values (1195, 'Ardsley On Hudson');
insert into city(region_id, name) values (1195, 'Armonk');
insert into city(region_id, name) values (1195, 'Astoria');
insert into city(region_id, name) values (1195, 'Athol');
insert into city(region_id, name) values (1195, 'Atlanta');
insert into city(region_id, name) values (1195, 'Atlantic Beach');
insert into city(region_id, name) values (1195, 'Babylon');
insert into city(region_id, name) values (1195, 'Barneveld');
insert into city(region_id, name) values (1195, 'Barton');
insert into city(region_id, name) values (1195, 'Basom');
insert into city(region_id, name) values (1195, 'Bellerose');
insert into city(region_id, name) values (1195, 'Black River');
insert into city(region_id, name) values (1195, 'Bolton Landing');
insert into city(region_id, name) values (1195, 'Boston');
insert into city(region_id, name) values (1195, 'Bradford');
insert into city(region_id, name) values (1195, 'Brasher Falls');
insert into city(region_id, name) values (1195, 'Breezy Point');
insert into city(region_id, name) values (1195, 'Bronx');
insert into city(region_id, name) values (1195, 'Brooklyn');
insert into city(region_id, name) values (1195, 'Buffalo');
insert into city(region_id, name) values (1195, 'Byron');
insert into city(region_id, name) values (1195, 'Cambridge');
insert into city(region_id, name) values (1195, 'Cameron');
insert into city(region_id, name) values (1195, 'Carthage');
insert into city(region_id, name) values (1195, 'Ceres');
insert into city(region_id, name) values (1195, 'Chelsea');
insert into city(region_id, name) values (1195, 'Cleveland');
insert into city(region_id, name) values (1195, 'Clifton Park');
insert into city(region_id, name) values (1195, 'Climax');
insert into city(region_id, name) values (1195, 'Colden');
insert into city(region_id, name) values (1195, 'College Point');
insert into city(region_id, name) values (1195, 'Conklin');
insert into city(region_id, name) values (1195, 'Copiague');
insert into city(region_id, name) values (1195, 'Corona');
insert into city(region_id, name) values (1195, 'Denver');
insert into city(region_id, name) values (1195, 'Dexter');
insert into city(region_id, name) values (1195, 'East Hampton');
insert into city(region_id, name) values (1195, 'East Northport');
insert into city(region_id, name) values (1195, 'Ellenburg');
insert into city(region_id, name) values (1195, 'Elmhurst');
insert into city(region_id, name) values (1195, 'Far Rockaway');
insert into city(region_id, name) values (1195, 'Florida');
insert into city(region_id, name) values (1195, 'Flushing');
insert into city(region_id, name) values (1195, 'Forest Hills');
insert into city(region_id, name) values (1195, 'Fresh Meadows');
insert into city(region_id, name) values (1195, 'Garden City');
insert into city(region_id, name) values (1195, 'Ghent');
insert into city(region_id, name) values (1195, 'Hampton');
insert into city(region_id, name) values (1195, 'Hauppauge');
insert into city(region_id, name) values (1195, 'Hempstead');
insert into city(region_id, name) values (1195, 'Hicksville');
insert into city(region_id, name) values (1195, 'Hortonville');
insert into city(region_id, name) values (1195, 'Huntington');
insert into city(region_id, name) values (1195, 'Hyde Park');
insert into city(region_id, name) values (1195, 'Ithaca');
insert into city(region_id, name) values (1195, 'Jacksonville');
insert into city(region_id, name) values (1195, 'Jamaica');
insert into city(region_id, name) values (1195, 'Kendall');
insert into city(region_id, name) values (1195, 'Kew Gardens');
insert into city(region_id, name) values (1195, 'Kingston');
insert into city(region_id, name) values (1195, 'Lake Placid');
insert into city(region_id, name) values (1195, 'Laurens');
insert into city(region_id, name) values (1195, 'Long Beach');
insert into city(region_id, name) values (1195, 'Long Island City');
insert into city(region_id, name) values (1195, 'Macedon');
insert into city(region_id, name) values (1195, 'Mahopac');
insert into city(region_id, name) values (1195, 'Malden On Hudson');
insert into city(region_id, name) values (1195, 'Manchester');
insert into city(region_id, name) values (1195, 'Manhasset');
insert into city(region_id, name) values (1195, 'Marathon');
insert into city(region_id, name) values (1195, 'Marlboro');
insert into city(region_id, name) values (1195, 'Massapequa');
insert into city(region_id, name) values (1195, 'Massapequa Park');
insert into city(region_id, name) values (1195, 'Mastic Beach');
insert into city(region_id, name) values (1195, 'Middletown');
insert into city(region_id, name) values (1195, 'Miller Place');
insert into city(region_id, name) values (1195, 'Modena');
insert into city(region_id, name) values (1195, 'Monsey');
insert into city(region_id, name) values (1195, 'Moriah Center');
insert into city(region_id, name) values (1195, 'Mount Kisco');
insert into city(region_id, name) values (1195, 'Mount Vernon');
insert into city(region_id, name) values (1195, 'Nanuet');
insert into city(region_id, name) values (1195, 'Natural Bridge');
insert into city(region_id, name) values (1195, 'New Baltimore');
insert into city(region_id, name) values (1195, 'New City');
insert into city(region_id, name) values (1195, 'New Hampton');
insert into city(region_id, name) values (1195, 'New Hartford');
insert into city(region_id, name) values (1195, 'New Paltz');
insert into city(region_id, name) values (1195, 'New Rochelle');
insert into city(region_id, name) values (1195, 'New Russia');
insert into city(region_id, name) values (1195, 'New Windsor');
insert into city(region_id, name) values (1195, 'New York');
insert into city(region_id, name) values (1195, 'New York Mills');
insert into city(region_id, name) values (1195, 'Newark');
insert into city(region_id, name) values (1195, 'Newburgh');
insert into city(region_id, name) values (1195, 'Oceanside');
insert into city(region_id, name) values (1195, 'Odessa');
insert into city(region_id, name) values (1195, 'Oriskany');
insert into city(region_id, name) values (1195, 'Ossining');
insert into city(region_id, name) values (1195, 'Oxford');
insert into city(region_id, name) values (1195, 'Oyster Bay');
insert into city(region_id, name) values (1195, 'Patchogue');
insert into city(region_id, name) values (1195, 'Philadelphia');
insert into city(region_id, name) values (1195, 'Phoenicia');
insert into city(region_id, name) values (1195, 'Plattsburgh');
insert into city(region_id, name) values (1195, 'Port Washington');
insert into city(region_id, name) values (1195, 'Potsdam');
insert into city(region_id, name) values (1195, 'Queens Village');
insert into city(region_id, name) values (1195, 'Rego Park');
insert into city(region_id, name) values (1195, 'Richmond Hill');
insert into city(region_id, name) values (1195, 'Ridgewood');
insert into city(region_id, name) values (1195, 'Riverhead');
insert into city(region_id, name) values (1195, 'Rochester');
insert into city(region_id, name) values (1195, 'Rome');
insert into city(region_id, name) values (1195, 'Russell');
insert into city(region_id, name) values (1195, 'Sardinia');
insert into city(region_id, name) values (1195, 'Scarsdale');
insert into city(region_id, name) values (1195, 'Schenectady');
insert into city(region_id, name) values (1195, 'Sidney');
insert into city(region_id, name) values (1195, 'Sound Beach');
insert into city(region_id, name) values (1195, 'Southampton');
insert into city(region_id, name) values (1195, 'Spring Valley');
insert into city(region_id, name) values (1195, 'Stony Brook');
insert into city(region_id, name) values (1195, 'Sunnyside');
insert into city(region_id, name) values (1195, 'Syosset');
insert into city(region_id, name) values (1195, 'Syracuse');
insert into city(region_id, name) values (1195, 'Taberg');
insert into city(region_id, name) values (1195, 'Utica');
insert into city(region_id, name) values (1195, 'Valley Stream');
insert into city(region_id, name) values (1195, 'Wappingers Falls');
insert into city(region_id, name) values (1195, 'Wellsburg');
insert into city(region_id, name) values (1195, 'West Nyack');
insert into city(region_id, name) values (1195, 'West Park');
insert into city(region_id, name) values (1195, 'Westbury');
insert into city(region_id, name) values (1195, 'Westford');
insert into city(region_id, name) values (1195, 'Westport');
insert into city(region_id, name) values (1195, 'White Plains');
insert into city(region_id, name) values (1195, 'Wolcott');
insert into city(region_id, name) values (1195, 'Yonkers');
insert into city(region_id, name) values (1195, 'York');
insert into city(region_id, name) values (1195, 'Yorktown Heights');
insert into city(region_id, name) values (1270, 'Funafuti');
insert into region(id, country_id, name) values (1271, 186, 'Tunisia');
insert into city(region_id, name) values (1076, 'Baranwka');
insert into city(region_id, name) values (1076, 'Kielnarowa');
insert into city(region_id, name) values (1076, 'Kolbuszowa');
insert into city(region_id, name) values (1076, 'Mielec');
insert into city(region_id, name) values (1076, 'Ropczyce');
insert into city(region_id, name) values (1076, 'Sieklwka');
insert into city(region_id, name) values (1076, 'Tyczyn');
insert into city(region_id, name) values (1155, 'Campulung Moldovenesc');
insert into city(region_id, name) values (1155, 'Falticeni');
insert into city(region_id, name) values (1155, 'Gura Humorului');
insert into city(region_id, name) values (1155, 'Radauti');
insert into city(region_id, name) values (1155, 'Siret');
insert into city(region_id, name) values (1155, 'Solca');
insert into city(region_id, name) values (1155, 'Suceava');
insert into city(region_id, name) values (1155, 'Vatra Dornei');
insert into city(region_id, name) values (1196, 'Aberdeen');
insert into city(region_id, name) values (1196, 'Apex');
insert into city(region_id, name) values (1196, 'Asheville');
insert into city(region_id, name) values (1196, 'Brevard');
insert into city(region_id, name) values (1196, 'Candler');
insert into city(region_id, name) values (1196, 'Carolina Beach');
insert into city(region_id, name) values (1196, 'Cary');
insert into city(region_id, name) values (1196, 'Cashiers');
insert into city(region_id, name) values (1196, 'Chapel Hill');
insert into city(region_id, name) values (1196, 'Charlotte');
insert into city(region_id, name) values (1196, 'Deep Gap');
insert into city(region_id, name) values (1196, 'Durham');
insert into city(region_id, name) values (1196, 'Eden');
insert into city(region_id, name) values (1196, 'Elizabeth City');
insert into city(region_id, name) values (1196, 'Fayetteville');
insert into city(region_id, name) values (1196, 'Fort Bragg');
insert into city(region_id, name) values (1196, 'Fuquay Varina');
insert into city(region_id, name) values (1196, 'Gastonia');
insert into city(region_id, name) values (1196, 'Graham');
insert into city(region_id, name) values (1196, 'Greensboro');
insert into city(region_id, name) values (1196, 'Greenville');
insert into city(region_id, name) values (1196, 'Grifton');
insert into city(region_id, name) values (1196, 'Hendersonville');
insert into city(region_id, name) values (1196, 'Indian Trail');
insert into city(region_id, name) values (1196, 'Jacksonville');
insert into city(region_id, name) values (1196, 'Kernersville');
insert into city(region_id, name) values (1196, 'Kill Devil Hills');
insert into city(region_id, name) values (1196, 'Kitty Hawk');
insert into city(region_id, name) values (1196, 'Matthews');
insert into city(region_id, name) values (1196, 'Minneapolis');
insert into city(region_id, name) values (1196, 'Morrisville');
insert into city(region_id, name) values (1196, 'Mount Olive');
insert into city(region_id, name) values (1196, 'Moyock');
insert into city(region_id, name) values (1196, 'New Bern');
insert into city(region_id, name) values (1196, 'Raeford');
insert into city(region_id, name) values (1196, 'Raleigh');
insert into city(region_id, name) values (1196, 'Shelby');
insert into city(region_id, name) values (1196, 'Wake Forest');
insert into city(region_id, name) values (1196, 'Wilmington');
insert into city(region_id, name) values (1196, 'Winston Salem');
insert into city(region_id, name) values (1196, 'Woodleaf');
insert into city(region_id, name) values (1196, 'Wrightsville Beach');
insert into city(region_id, name) values (1271, 'Nabeul');
insert into region(id, country_id, name) values (1272, 187, 'Ashhabadskaya obl.');
insert into region(id, country_id, name) values (1273, 187, 'Krasnovodskaya obl.');
insert into region(id, country_id, name) values (1274, 187, 'Maryiskaya obl.');
insert into region(id, country_id, name) values (1275, 187, 'Tashauzskaya obl.');
insert into region(id, country_id, name) values (1276, 187, 'CHardjouskaya obl.');
insert into city(region_id, name) values (1077, 'Siedlce');
insert into city(region_id, name) values (1077, 'Zembrw');
insert into city(region_id, name) values (1156, 'Alexandria');
insert into city(region_id, name) values (1156, 'Rosiori de Vede');
insert into city(region_id, name) values (1156, 'Turnu Magurele');
insert into city(region_id, name) values (1156, 'Videle');
insert into city(region_id, name) values (1156, 'Zimnicea');
insert into city(region_id, name) values (1197, 'Bismarck');
insert into city(region_id, name) values (1197, 'Fargo');
insert into city(region_id, name) values (1272, 'Ashhabad');
insert into city(region_id, name) values (1272, 'Baharden');
insert into city(region_id, name) values (1272, 'Bezmein');
insert into city(region_id, name) values (1272, 'Geok-Tepe');
insert into city(region_id, name) values (1272, 'Darvaza');
insert into city(region_id, name) values (1272, 'Kaahka');
insert into city(region_id, name) values (1272, 'Kirovsk');
insert into city(region_id, name) values (1272, 'Serahs');
insert into city(region_id, name) values (1272, 'Tedjen');
insert into region(id, country_id, name) values (1277, 188, 'Grand Turk');
insert into city(region_id, name) values (1078, 'Seradz');
insert into city(region_id, name) values (1078, 'Sieradz');
insert into city(region_id, name) values (1078, 'Zdunska Wola');
insert into city(region_id, name) values (1157, 'Buzias');
insert into city(region_id, name) values (1157, 'Deta');
insert into city(region_id, name) values (1157, 'Faget');
insert into city(region_id, name) values (1157, 'Jimbolia');
insert into city(region_id, name) values (1157, 'Lugoj');
insert into city(region_id, name) values (1157, 'Sannicolau Mare');
insert into city(region_id, name) values (1157, 'Timisoara');
insert into city(region_id, name) values (1198, 'Akron');
insert into city(region_id, name) values (1198, 'Alliance');
insert into city(region_id, name) values (1198, 'Alpha');
insert into city(region_id, name) values (1198, 'Ansonia');
insert into city(region_id, name) values (1198, 'Arcadia');
insert into city(region_id, name) values (1198, 'Athens');
insert into city(region_id, name) values (1198, 'Aurora');
insert into city(region_id, name) values (1198, 'Beachwood');
insert into city(region_id, name) values (1198, 'Bedford');
insert into city(region_id, name) values (1198, 'Canton');
insert into city(region_id, name) values (1198, 'Cherry Fork');
insert into city(region_id, name) values (1198, 'Chesterland');
insert into city(region_id, name) values (1198, 'Cincinnati');
insert into city(region_id, name) values (1198, 'Cleveland');
insert into city(region_id, name) values (1198, 'Columbus');
insert into city(region_id, name) values (1198, 'Dayton');
insert into city(region_id, name) values (1198, 'Hartville');
insert into city(region_id, name) values (1198, 'Hudson');
insert into city(region_id, name) values (1198, 'Huron');
insert into city(region_id, name) values (1198, 'Kent');
insert into city(region_id, name) values (1198, 'Lebanon');
insert into city(region_id, name) values (1198, 'Lockbourne');
insert into city(region_id, name) values (1198, 'Loveland');
insert into city(region_id, name) values (1198, 'Lyons');
insert into city(region_id, name) values (1198, 'Maineville');
insert into city(region_id, name) values (1198, 'Mansfield');
insert into city(region_id, name) values (1198, 'Marietta');
insert into city(region_id, name) values (1198, 'Massillon');
insert into city(region_id, name) values (1198, 'Newark');
insert into city(region_id, name) values (1198, 'North Royalton');
insert into city(region_id, name) values (1198, 'Oakwood');
insert into city(region_id, name) values (1198, 'Oberlin');
insert into city(region_id, name) values (1198, 'Ohio City');
insert into city(region_id, name) values (1198, 'Richmond');
insert into city(region_id, name) values (1198, 'Sandusky');
insert into city(region_id, name) values (1198, 'Springfield');
insert into city(region_id, name) values (1198, 'Sylvania');
insert into city(region_id, name) values (1198, 'Toledo');
insert into city(region_id, name) values (1198, 'Warren');
insert into city(region_id, name) values (1198, 'West Chester');
insert into city(region_id, name) values (1198, 'Willoughby');
insert into city(region_id, name) values (1198, 'Zanesville');
insert into city(region_id, name) values (1273, 'Bekdash');
insert into city(region_id, name) values (1273, 'Gasan-Kuli');
insert into city(region_id, name) values (1273, 'Djanga');
insert into city(region_id, name) values (1273, 'Kazandjik');
insert into city(region_id, name) values (1273, 'Karagel');
insert into city(region_id, name) values (1273, 'Kizyl-Arvat');
insert into city(region_id, name) values (1273, 'Krasnovodsk');
insert into city(region_id, name) values (1273, 'Nebit-Dag');
insert into city(region_id, name) values (1273, 'CHeleken');
insert into city(region_id, name) values (1277, 'Kev');
insert into city(region_id, name) values (1277, 'Terks-Ailends');
insert into region(id, country_id, name) values (1278, 189, 'Bartin');
insert into region(id, country_id, name) values (1279, 189, 'Bayburt');
insert into region(id, country_id, name) values (1280, 189, 'Karabuk');
insert into region(id, country_id, name) values (1281, 189, 'Adana');
insert into region(id, country_id, name) values (1282, 189, 'Aidyn');
insert into region(id, country_id, name) values (1283, 189, 'Amasya');
insert into region(id, country_id, name) values (1284, 189, 'Ankara');
insert into region(id, country_id, name) values (1285, 189, 'Antalya');
insert into region(id, country_id, name) values (1286, 189, 'Artvin');
insert into region(id, country_id, name) values (1287, 189, 'Afon');
insert into region(id, country_id, name) values (1288, 189, 'Balykesir');
insert into region(id, country_id, name) values (1289, 189, 'Biledjik');
insert into region(id, country_id, name) values (1290, 189, 'Bursa');
insert into region(id, country_id, name) values (1291, 189, 'Gaziantep');
insert into region(id, country_id, name) values (1292, 189, 'Denizli');
insert into region(id, country_id, name) values (1293, 189, 'Izmir');
insert into region(id, country_id, name) values (1294, 189, 'Isparta');
insert into region(id, country_id, name) values (1295, 189, 'Ichel');
insert into region(id, country_id, name) values (1296, 189, 'Kaiseri');
insert into region(id, country_id, name) values (1297, 189, 'Kars');
insert into region(id, country_id, name) values (1298, 189, 'Kodjaeli');
insert into region(id, country_id, name) values (1299, 189, 'Konya');
insert into region(id, country_id, name) values (1300, 189, 'Kyrklareli');
insert into region(id, country_id, name) values (1301, 189, 'Kyutahya');
insert into region(id, country_id, name) values (1302, 189, 'Malatya');
insert into region(id, country_id, name) values (1303, 189, 'Manisa');
insert into region(id, country_id, name) values (1304, 189, 'Sakarya');
insert into region(id, country_id, name) values (1305, 189, 'Samsun');
insert into region(id, country_id, name) values (1306, 189, 'Sivas');
insert into region(id, country_id, name) values (1307, 189, 'Stambul');
insert into region(id, country_id, name) values (1308, 189, 'CHorum');
insert into region(id, country_id, name) values (1309, 189, 'Edirne');
insert into region(id, country_id, name) values (1310, 189, 'Elyazyg');
insert into region(id, country_id, name) values (1311, 189, 'Erzindjan');
insert into region(id, country_id, name) values (1312, 189, 'Erzurum');
insert into region(id, country_id, name) values (1313, 189, 'Eskishehir');
insert into city(region_id, name) values (1079, 'Skieniewice');
insert into city(region_id, name) values (1079, 'Sochaczew');
insert into city(region_id, name) values (1158, 'Babadag');
insert into city(region_id, name) values (1158, 'Isaccea');
insert into city(region_id, name) values (1158, 'Macin');
insert into city(region_id, name) values (1158, 'Sulina');
insert into city(region_id, name) values (1158, 'Tulcea');
insert into city(region_id, name) values (1199, 'Dover');
insert into city(region_id, name) values (1199, 'Fort Sill');
insert into city(region_id, name) values (1199, 'Jenks');
insert into city(region_id, name) values (1199, 'Lawton');
insert into city(region_id, name) values (1199, 'Norman');
insert into city(region_id, name) values (1199, 'Oklahoma City');
insert into city(region_id, name) values (1199, 'Stillwater');
insert into city(region_id, name) values (1199, 'Tulsa');
insert into city(region_id, name) values (1274, 'Bairam-Ali');
insert into city(region_id, name) values (1274, 'Iolotan');
insert into city(region_id, name) values (1274, 'Mary');
insert into city(region_id, name) values (1274, 'Sakar-CHaga');
insert into city(region_id, name) values (1274, 'Tahta-Bazar');
insert into city(region_id, name) values (1274, 'Turkmen-Kala');
insert into city(region_id, name) values (1278, 'Bartyn');
insert into region(id, country_id, name) values (1314, 190, 'Jinja');
insert into region(id, country_id, name) values (1315, 190, 'Kampala');
insert into city(region_id, name) values (1080, 'Katowice');
insert into city(region_id, name) values (1080, 'Kattowitz');
insert into city(region_id, name) values (1080, 'Stalinogorod');
insert into city(region_id, name) values (1159, 'Baile Govora');
insert into city(region_id, name) values (1159, 'Baile Olanesti');
insert into city(region_id, name) values (1159, 'Brezoi');
insert into city(region_id, name) values (1159, 'Calimanesti-Caciulata');
insert into city(region_id, name) values (1159, 'Dragasani');
insert into city(region_id, name) values (1159, 'Horezu');
insert into city(region_id, name) values (1159, 'Ocnele Mari');
insert into city(region_id, name) values (1159, 'Rmnicu Vlcea');
insert into city(region_id, name) values (1200, 'Albany');
insert into city(region_id, name) values (1200, 'Beaverton');
insert into city(region_id, name) values (1200, 'Bend');
insert into city(region_id, name) values (1200, 'Clackamas');
insert into city(region_id, name) values (1200, 'Corvallis');
insert into city(region_id, name) values (1200, 'Dallas');
insert into city(region_id, name) values (1200, 'Detroit');
insert into city(region_id, name) values (1200, 'Estacada');
insert into city(region_id, name) values (1200, 'Eugene');
insert into city(region_id, name) values (1200, 'Gervais');
insert into city(region_id, name) values (1200, 'Gresham');
insert into city(region_id, name) values (1200, 'Hillsboro');
insert into city(region_id, name) values (1200, 'Lake Oswego');
insert into city(region_id, name) values (1200, 'Medford');
insert into city(region_id, name) values (1200, 'Phoenix');
insert into city(region_id, name) values (1200, 'Portland');
insert into city(region_id, name) values (1200, 'Powell Butte');
insert into city(region_id, name) values (1200, 'Salem');
insert into city(region_id, name) values (1200, 'Stayton');
insert into city(region_id, name) values (1200, 'Troutdale');
insert into city(region_id, name) values (1200, 'Woodburn');
insert into city(region_id, name) values (1275, 'Kunya-Urgench');
insert into city(region_id, name) values (1275, 'Tashauz');
insert into city(region_id, name) values (1279, 'Baiburt');
insert into city(region_id, name) values (1314, 'Iinya');
insert into region(id, country_id, name) values (1316, 191, 'Andijanskaya obl.');
insert into region(id, country_id, name) values (1317, 191, 'Buharskaya obl.');
insert into region(id, country_id, name) values (1318, 191, 'Djizakskaya obl.');
insert into region(id, country_id, name) values (1319, 191, 'Karakalpakiya');
insert into region(id, country_id, name) values (1320, 191, 'Kashkadarinskaya obl.');
insert into region(id, country_id, name) values (1321, 191, 'Navoiiskaya obl.');
insert into region(id, country_id, name) values (1322, 191, 'Namanganskaya obl.');
insert into region(id, country_id, name) values (1323, 191, 'Samarkandskaya obl.');
insert into region(id, country_id, name) values (1324, 191, 'Surhandarinskaya obl.');
insert into region(id, country_id, name) values (1325, 191, 'Syrdarinskaya obl.');
insert into region(id, country_id, name) values (1326, 191, 'Tashkentskaya obl.');
insert into region(id, country_id, name) values (1327, 191, 'Ferganskaya obl.');
insert into region(id, country_id, name) values (1328, 191, 'Horezmskaya obl.');
insert into city(region_id, name) values (1081, 'Dobra');
insert into city(region_id, name) values (1081, 'Supsk');
insert into city(region_id, name) values (1081, 'Stolp in Pommern');
insert into city(region_id, name) values (1160, 'Barlad');
insert into city(region_id, name) values (1160, 'Husi');
insert into city(region_id, name) values (1160, 'Negresti');
insert into city(region_id, name) values (1160, 'Vaslui');
insert into city(region_id, name) values (1201, 'Abington');
insert into city(region_id, name) values (1201, 'Adamstown');
insert into city(region_id, name) values (1201, 'Akron');
insert into city(region_id, name) values (1201, 'Allentown');
insert into city(region_id, name) values (1201, 'Apollo');
insert into city(region_id, name) values (1201, 'Bensalem');
insert into city(region_id, name) values (1201, 'Berlin');
insert into city(region_id, name) values (1201, 'Bethlehem');
insert into city(region_id, name) values (1201, 'Birdsboro');
insert into city(region_id, name) values (1201, 'Bristol');
insert into city(region_id, name) values (1201, 'Brooklyn');
insert into city(region_id, name) values (1201, 'Brookville');
insert into city(region_id, name) values (1201, 'Camp Hill');
insert into city(region_id, name) values (1201, 'Catasauqua');
insert into city(region_id, name) values (1201, 'Clarion');
insert into city(region_id, name) values (1201, 'Clarks Summit');
insert into city(region_id, name) values (1201, 'Coaldale');
insert into city(region_id, name) values (1201, 'Cranberry Twp');
insert into city(region_id, name) values (1201, 'Denver');
insert into city(region_id, name) values (1201, 'Eagleville');
insert into city(region_id, name) values (1201, 'East Earl');
insert into city(region_id, name) values (1201, 'Easton');
insert into city(region_id, name) values (1201, 'Enola');
insert into city(region_id, name) values (1201, 'Erie');
insert into city(region_id, name) values (1201, 'Exton');
insert into city(region_id, name) values (1201, 'Feasterville Trevose');
insert into city(region_id, name) values (1201, 'Franconia');
insert into city(region_id, name) values (1201, 'Gettysburg');
insert into city(region_id, name) values (1201, 'Girard');
insert into city(region_id, name) values (1201, 'Gladwyne');
insert into city(region_id, name) values (1201, 'Greensburg');
insert into city(region_id, name) values (1201, 'Harrisburg');
insert into city(region_id, name) values (1201, 'Hazleton');
insert into city(region_id, name) values (1201, 'Hershey');
insert into city(region_id, name) values (1201, 'Jamison');
insert into city(region_id, name) values (1201, 'King Of Prussia');
insert into city(region_id, name) values (1201, 'Lancaster');
insert into city(region_id, name) values (1201, 'Langhorne');
insert into city(region_id, name) values (1201, 'Lansdale');
insert into city(region_id, name) values (1201, 'Levittown');
insert into city(region_id, name) values (1201, 'Lewisburg');
insert into city(region_id, name) values (1201, 'Lewistown');
insert into city(region_id, name) values (1201, 'Lock Haven');
insert into city(region_id, name) values (1201, 'Mexico');
insert into city(region_id, name) values (1201, 'Monessen');
insert into city(region_id, name) values (1201, 'Morrisville');
insert into city(region_id, name) values (1201, 'Moscow');
insert into city(region_id, name) values (1201, 'Mountain Top');
insert into city(region_id, name) values (1201, 'New Hope');
insert into city(region_id, name) values (1201, 'Newtown');
insert into city(region_id, name) values (1201, 'Norristown');
insert into city(region_id, name) values (1201, 'North East');
insert into city(region_id, name) values (1201, 'Oxford');
insert into city(region_id, name) values (1201, 'Philadelphia');
insert into city(region_id, name) values (1201, 'Philipsburg');
insert into city(region_id, name) values (1201, 'Pittsburgh');
insert into city(region_id, name) values (1201, 'Reading');
insert into city(region_id, name) values (1201, 'Richboro');
insert into city(region_id, name) values (1201, 'Scranton');
insert into city(region_id, name) values (1201, 'State College');
insert into city(region_id, name) values (1201, 'Strasburg');
insert into city(region_id, name) values (1201, 'Stroudsburg');
insert into city(region_id, name) values (1201, 'Susquehanna');
insert into city(region_id, name) values (1201, 'Tobyhanna');
insert into city(region_id, name) values (1201, 'Towanda');
insert into city(region_id, name) values (1201, 'Uniontown');
insert into city(region_id, name) values (1201, 'Washington');
insert into city(region_id, name) values (1201, 'Wilkes Barre');
insert into city(region_id, name) values (1201, 'Willow Street');
insert into city(region_id, name) values (1276, 'Amu-Darya');
insert into city(region_id, name) values (1276, 'Gaz-Achak');
insert into city(region_id, name) values (1276, 'Gaurdak');
insert into city(region_id, name) values (1276, 'Deinau');
insert into city(region_id, name) values (1276, 'Karabekaul');
insert into city(region_id, name) values (1276, 'Kerki');
insert into city(region_id, name) values (1276, 'Mukry');
insert into city(region_id, name) values (1276, 'Neftezavodsk');
insert into city(region_id, name) values (1276, 'Sakar');
insert into city(region_id, name) values (1276, 'Sayat');
insert into city(region_id, name) values (1276, 'Farab');
insert into city(region_id, name) values (1276, 'Halach');
insert into city(region_id, name) values (1276, 'CHardjou');
insert into city(region_id, name) values (1276, 'CHarshanga');
insert into city(region_id, name) values (1280, 'Karabuk');
insert into city(region_id, name) values (1315, 'Kampala');
insert into city(region_id, name) values (1316, 'Altynkul');
insert into city(region_id, name) values (1316, 'Andijan');
insert into city(region_id, name) values (1316, 'Balykchi');
insert into city(region_id, name) values (1316, 'Leninsk');
insert into city(region_id, name) values (1316, 'Marhamat');
insert into city(region_id, name) values (1316, 'Sovetabad');
insert into city(region_id, name) values (1316, 'SHahrihan');
insert into region(id, country_id, name) values (1329, 192, 'Canelones');
insert into region(id, country_id, name) values (1330, 192, 'Colonia');
insert into region(id, country_id, name) values (1331, 192, 'Lavalleja');
insert into region(id, country_id, name) values (1332, 192, 'Maldonado');
insert into region(id, country_id, name) values (1333, 192, 'Montevideo');
insert into region(id, country_id, name) values (1334, 192, 'Paysand');
insert into region(id, country_id, name) values (1335, 192, 'Ro Negro');
insert into region(id, country_id, name) values (1336, 192, 'Rivera');
insert into region(id, country_id, name) values (1337, 192, 'Salto');
insert into region(id, country_id, name) values (1338, 192, 'Tacuaremb');
insert into region(id, country_id, name) values (1339, 192, 'Treinta y Tres');
insert into city(region_id, name) values (1082, 'Augustw');
insert into city(region_id, name) values (1082, 'Suvalkai');
insert into city(region_id, name) values (1082, 'Suvalki');
insert into city(region_id, name) values (1082, 'Wygryny');
insert into city(region_id, name) values (1161, 'Adjud');
insert into city(region_id, name) values (1161, 'Focsani');
insert into city(region_id, name) values (1161, 'Marasesti');
insert into city(region_id, name) values (1161, 'Odobesti');
insert into city(region_id, name) values (1161, 'Panciu');
insert into city(region_id, name) values (1281, 'Adana');
insert into city(region_id, name) values (1317, 'Alat');
insert into city(region_id, name) values (1317, 'Buhara');
insert into city(region_id, name) values (1317, 'Vabkent');
insert into city(region_id, name) values (1317, 'Gazli');
insert into city(region_id, name) values (1317, 'Galaasiya');
insert into city(region_id, name) values (1317, 'Gijduvan');
insert into city(region_id, name) values (1317, 'Kagan');
insert into city(region_id, name) values (1317, 'Karakul');
insert into city(region_id, name) values (1317, 'Romitan');
insert into city(region_id, name) values (1329, 'Arenal');
insert into city(region_id, name) values (1329, 'Canelones');
insert into region(id, country_id, name) values (1340, 193, 'Torshavn');
insert into city(region_id, name) values (1083, 'Kielce');
insert into city(region_id, name) values (1282, 'Aidyn');
insert into city(region_id, name) values (1318, 'Gallyaaral');
insert into city(region_id, name) values (1318, 'Djizak');
insert into city(region_id, name) values (1318, 'Zaamin');
insert into city(region_id, name) values (1318, 'Usmat');
insert into city(region_id, name) values (1318, 'YAngikishlak');
insert into city(region_id, name) values (1330, 'Pueblo de la Paz');
insert into city(region_id, name) values (1340, 'Torshavn');
insert into region(id, country_id, name) values (1341, 194, 'Fidji');
insert into city(region_id, name) values (1084, 'Sandomierz');
insert into city(region_id, name) values (1084, 'Stalowa Wola');
insert into city(region_id, name) values (1084, 'Tarnobrzeg');
insert into city(region_id, name) values (1283, 'Amasya');
insert into city(region_id, name) values (1319, 'Kegeili');
insert into city(region_id, name) values (1319, 'Kungrad');
insert into city(region_id, name) values (1319, 'Mangit');
insert into city(region_id, name) values (1319, 'Muinak');
insert into city(region_id, name) values (1319, 'Nukus');
insert into city(region_id, name) values (1319, 'Tahiatash');
insert into city(region_id, name) values (1319, 'Tahtakupyr');
insert into city(region_id, name) values (1319, 'Turtkul');
insert into city(region_id, name) values (1319, 'Hodjeili');
insert into city(region_id, name) values (1319, 'CHimbai');
insert into city(region_id, name) values (1319, 'SHumanai');
insert into city(region_id, name) values (1331, 'Minas');
insert into city(region_id, name) values (1341, 'Nukualofa');
insert into city(region_id, name) values (1341, 'Suva');
insert into region(id, country_id, name) values (1342, 195, 'Filippiny');
insert into city(region_id, name) values (1085, 'Brzesko');
insert into city(region_id, name) values (1085, 'Debica');
insert into city(region_id, name) values (1085, 'Tarnw');
insert into city(region_id, name) values (1284, 'Ankara');
insert into city(region_id, name) values (1320, 'Beshkent');
insert into city(region_id, name) values (1320, 'Guzar');
insert into city(region_id, name) values (1320, 'Kamashi');
insert into city(region_id, name) values (1320, 'Karshi');
insert into city(region_id, name) values (1320, 'Kasan');
insert into city(region_id, name) values (1320, 'Kitab');
insert into city(region_id, name) values (1320, 'SHahrisabz');
insert into city(region_id, name) values (1332, 'Maldonado');
insert into city(region_id, name) values (1332, 'Punta del Este');
insert into city(region_id, name) values (1342, 'Davao');
insert into city(region_id, name) values (1342, 'Zamboanga');
insert into city(region_id, name) values (1342, 'Iloilo');
insert into city(region_id, name) values (1342, 'Kesson-Siti');
insert into city(region_id, name) values (1342, 'Legaspi');
insert into city(region_id, name) values (1342, 'Manila');
insert into city(region_id, name) values (1342, 'Sebu');
insert into region(id, country_id, name) values (1343, 196, 'land');
insert into region(id, country_id, name) values (1344, 196, 'Eastern Finland');
insert into region(id, country_id, name) values (1345, 196, 'Lapland');
insert into region(id, country_id, name) values (1346, 196, 'None');
insert into region(id, country_id, name) values (1347, 196, 'Oulu');
insert into region(id, country_id, name) values (1348, 196, 'Southern Finland');
insert into region(id, country_id, name) values (1349, 196, 'Western Finland');
insert into city(region_id, name) values (1086, 'Grudziadz');
insert into city(region_id, name) values (1086, 'Torun');
insert into city(region_id, name) values (1086, 'Wabrzezno');
insert into city(region_id, name) values (1285, 'Antaliya');
insert into city(region_id, name) values (1321, 'Zarafshan');
insert into city(region_id, name) values (1321, 'Navoi');
insert into city(region_id, name) values (1321, 'Tamdybulak');
insert into city(region_id, name) values (1321, 'Uchkuduk');
insert into city(region_id, name) values (1333, 'Balneario Chacarita');
insert into city(region_id, name) values (1333, 'Buceo');
insert into city(region_id, name) values (1333, 'Montevideo');
insert into city(region_id, name) values (1333, 'Pocitos');
insert into city(region_id, name) values (1333, 'Villa Muoz');
insert into city(region_id, name) values (1343, 'kerlund');
insert into city(region_id, name) values (1343, 'Bast');
insert into city(region_id, name) values (1343, 'Bengtsble');
insert into city(region_id, name) values (1343, 'Fgl');
insert into city(region_id, name) values (1343, 'Godby');
insert into city(region_id, name) values (1343, 'Jomala');
insert into city(region_id, name) values (1343, 'Karleby');
insert into city(region_id, name) values (1343, 'Karlgrd');
insert into city(region_id, name) values (1343, 'Marianhamina');
insert into city(region_id, name) values (1343, 'Mariehamn');
insert into city(region_id, name) values (1343, 'Norrberg');
insert into region(id, country_id, name) values (1350, 197, 'Ain');
insert into region(id, country_id, name) values (1351, 197, 'Aisne');
insert into region(id, country_id, name) values (1352, 197, 'Allier');
insert into region(id, country_id, name) values (1353, 197, 'Alpes-de-Haute-Provence');
insert into region(id, country_id, name) values (1354, 197, 'Alpes-Maritimes');
insert into region(id, country_id, name) values (1355, 197, 'Ardche');
insert into region(id, country_id, name) values (1356, 197, 'Ardennes');
insert into region(id, country_id, name) values (1357, 197, 'Arige');
insert into region(id, country_id, name) values (1358, 197, 'Aube');
insert into region(id, country_id, name) values (1359, 197, 'Aude');
insert into region(id, country_id, name) values (1360, 197, 'Aveyron');
insert into region(id, country_id, name) values (1361, 197, 'Bas Rhin');
insert into region(id, country_id, name) values (1362, 197, 'Bouches-du-Rhne');
insert into region(id, country_id, name) values (1363, 197, 'Calvados');
insert into region(id, country_id, name) values (1364, 197, 'Cantal');
insert into region(id, country_id, name) values (1365, 197, 'Charente');
insert into region(id, country_id, name) values (1366, 197, 'Charente Maritime');
insert into region(id, country_id, name) values (1367, 197, 'Cher');
insert into region(id, country_id, name) values (1368, 197, 'Corrze');
insert into region(id, country_id, name) values (1369, 197, 'Corse');
insert into region(id, country_id, name) values (1370, 197, 'Cte d''''Or');
insert into region(id, country_id, name) values (1371, 197, 'Ctes d''''Armor');
insert into region(id, country_id, name) values (1372, 197, 'Creuse');
insert into region(id, country_id, name) values (1373, 197, 'Deux-Svres');
insert into region(id, country_id, name) values (1374, 197, 'Dordogne');
insert into region(id, country_id, name) values (1375, 197, 'Doubs');
insert into region(id, country_id, name) values (1376, 197, 'Drme');
insert into region(id, country_id, name) values (1377, 197, 'Essone');
insert into region(id, country_id, name) values (1378, 197, 'Eure');
insert into region(id, country_id, name) values (1379, 197, 'Eure-et-Loire');
insert into region(id, country_id, name) values (1380, 197, 'Finistre');
insert into region(id, country_id, name) values (1381, 197, 'Gard');
insert into region(id, country_id, name) values (1382, 197, 'Gers');
insert into region(id, country_id, name) values (1383, 197, 'Gironde');
insert into region(id, country_id, name) values (1384, 197, 'Haut Rhin');
insert into region(id, country_id, name) values (1385, 197, 'Haute-Garonne');
insert into region(id, country_id, name) values (1386, 197, 'Haute-Loire');
insert into region(id, country_id, name) values (1387, 197, 'Haute-Marne');
insert into region(id, country_id, name) values (1388, 197, 'Haute-Sane');
insert into region(id, country_id, name) values (1389, 197, 'Haute-Savoie');
insert into region(id, country_id, name) values (1390, 197, 'Haute-Vienne');
insert into region(id, country_id, name) values (1391, 197, 'Hautes-Alpes');
insert into region(id, country_id, name) values (1392, 197, 'Hautes-Pyrnes');
insert into region(id, country_id, name) values (1393, 197, 'Hauts-de-Seine');
insert into region(id, country_id, name) values (1394, 197, 'Hrault');
insert into region(id, country_id, name) values (1395, 197, 'Ille et Vilaine');
insert into region(id, country_id, name) values (1396, 197, 'Indre');
insert into region(id, country_id, name) values (1397, 197, 'Indre-et-Loire');
insert into region(id, country_id, name) values (1398, 197, 'Isre');
insert into region(id, country_id, name) values (1399, 197, 'Jura');
insert into region(id, country_id, name) values (1400, 197, 'Landes');
insert into region(id, country_id, name) values (1401, 197, 'Loir-et-Cher');
insert into region(id, country_id, name) values (1402, 197, 'Loire');
insert into region(id, country_id, name) values (1403, 197, 'Loire Atlantique');
insert into region(id, country_id, name) values (1404, 197, 'Loiret');
insert into region(id, country_id, name) values (1405, 197, 'Lot');
insert into region(id, country_id, name) values (1406, 197, 'Lot-et-Garonne');
insert into region(id, country_id, name) values (1407, 197, 'Lozre');
insert into region(id, country_id, name) values (1408, 197, 'Maine et Loire');
insert into region(id, country_id, name) values (1409, 197, 'Manche');
insert into region(id, country_id, name) values (1410, 197, 'Marne');
insert into region(id, country_id, name) values (1411, 197, 'Mayenne');
insert into region(id, country_id, name) values (1412, 197, 'Meurthe-et-Moselle');
insert into region(id, country_id, name) values (1413, 197, 'Meuse');
insert into region(id, country_id, name) values (1414, 197, 'Morbihan');
insert into region(id, country_id, name) values (1415, 197, 'Moselle');
insert into region(id, country_id, name) values (1416, 197, 'Nord');
insert into region(id, country_id, name) values (1417, 197, 'Oise');
insert into region(id, country_id, name) values (1418, 197, 'Orne');
insert into region(id, country_id, name) values (1419, 197, 'Paris');
insert into region(id, country_id, name) values (1420, 197, 'Pas-de-Calais');
insert into region(id, country_id, name) values (1421, 197, 'Puy-de-Dme');
insert into region(id, country_id, name) values (1422, 197, 'Pyrnes-Atlantiques');
insert into region(id, country_id, name) values (1423, 197, 'Pyrnes-Orientales');
insert into region(id, country_id, name) values (1424, 197, 'Rhne');
insert into region(id, country_id, name) values (1425, 197, 'Sane et Loire');
insert into region(id, country_id, name) values (1426, 197, 'Savoie');
insert into region(id, country_id, name) values (1427, 197, 'Seine-et-Marne');
insert into region(id, country_id, name) values (1428, 197, 'Seine-Maritime');
insert into region(id, country_id, name) values (1429, 197, 'Seine-Saint-Denis');
insert into region(id, country_id, name) values (1430, 197, 'Somme');
insert into region(id, country_id, name) values (1431, 197, 'Tarn');
insert into region(id, country_id, name) values (1432, 197, 'Tarn-et-Garonne');
insert into region(id, country_id, name) values (1433, 197, 'Territoire de Belfort');
insert into region(id, country_id, name) values (1434, 197, 'Val-d''''Oise');
insert into region(id, country_id, name) values (1435, 197, 'Val-de-Marne');
insert into region(id, country_id, name) values (1436, 197, 'Var');
insert into region(id, country_id, name) values (1437, 197, 'Vaucluse');
insert into region(id, country_id, name) values (1438, 197, 'Vende');
insert into region(id, country_id, name) values (1439, 197, 'Vienne');
insert into region(id, country_id, name) values (1440, 197, 'Vosges');
insert into region(id, country_id, name) values (1441, 197, 'Yonne');
insert into region(id, country_id, name) values (1442, 197, 'Yvelines');
insert into city(region_id, name) values (1087, 'Szczawno-Zdrj');
insert into city(region_id, name) values (1286, 'Artvin');
insert into city(region_id, name) values (1322, 'Kasansai');
insert into city(region_id, name) values (1322, 'Namangan');
insert into city(region_id, name) values (1322, 'Pap');
insert into city(region_id, name) values (1322, 'Uchkurgan');
insert into city(region_id, name) values (1322, 'CHartak');
insert into city(region_id, name) values (1322, 'CHust');
insert into city(region_id, name) values (1322, 'YAngikurgan');
insert into city(region_id, name) values (1334, 'Poblado del Borracho');
insert into city(region_id, name) values (1344, 'Ahvenlahti');
insert into city(region_id, name) values (1344, 'Aatola');
insert into city(region_id, name) values (1344, 'Ahmovaara');
insert into city(region_id, name) values (1344, 'Ahola');
insert into city(region_id, name) values (1344, 'Airaksela');
insert into city(region_id, name) values (1344, 'Egyptinkorpi');
insert into city(region_id, name) values (1344, 'Haso');
insert into city(region_id, name) values (1344, 'Heiniemi');
insert into city(region_id, name) values (1344, 'Hernejrvi');
insert into city(region_id, name) values (1344, 'Hieru');
insert into city(region_id, name) values (1344, 'Iisalmi');
insert into city(region_id, name) values (1344, 'Isal''''mi');
insert into city(region_id, name) values (1344, 'Isomki');
insert into city(region_id, name) values (1344, 'Joensuu');
insert into city(region_id, name) values (1344, 'Joroinen');
insert into city(region_id, name) values (1344, 'Juankoski');
insert into city(region_id, name) values (1344, 'Juva');
insert into city(region_id, name) values (1344, 'Kaavi');
insert into city(region_id, name) values (1344, 'Kalamki');
insert into city(region_id, name) values (1344, 'Kitee');
insert into city(region_id, name) values (1344, 'Kokkola');
insert into city(region_id, name) values (1344, 'Kontioranta');
insert into city(region_id, name) values (1344, 'Kuomiokoski');
insert into city(region_id, name) values (1344, 'Kuopio');
insert into city(region_id, name) values (1344, 'Leppvirta');
insert into city(region_id, name) values (1344, 'Lieksa');
insert into city(region_id, name) values (1344, 'Mikkeli');
insert into city(region_id, name) values (1344, 'Mikkelin Maalaiskunta');
insert into city(region_id, name) values (1344, 'Nilsi');
insert into city(region_id, name) values (1344, 'Noljakka');
insert into city(region_id, name) values (1344, 'Nurmes');
insert into city(region_id, name) values (1344, 'Nurmijrvi');
insert into city(region_id, name) values (1344, 'Outokumpu');
insert into city(region_id, name) values (1344, 'Pieksmki');
insert into city(region_id, name) values (1344, 'Punkaharju');
insert into city(region_id, name) values (1344, 'Puumala');
insert into city(region_id, name) values (1344, 'Pyhjrvi');
insert into city(region_id, name) values (1344, 'Salo');
insert into city(region_id, name) values (1344, 'Savonlinna');
insert into city(region_id, name) values (1344, 'Siilinjrvi');
insert into city(region_id, name) values (1344, 'Suonenjoki');
insert into city(region_id, name) values (1344, 'Tohmajrvi');
insert into city(region_id, name) values (1344, 'Tusku');
insert into city(region_id, name) values (1344, 'Varkaus');
insert into city(region_id, name) values (1344, 'Vehmersalmi');
insert into city(region_id, name) values (1344, 'Viitasaari');
insert into city(region_id, name) values (1350, 'Amareins');
insert into city(region_id, name) values (1350, 'Argis');
insert into city(region_id, name) values (1350, 'Bg-la-Ville');
insert into city(region_id, name) values (1350, 'Bourg-en-Bresse');
insert into city(region_id, name) values (1350, 'Bouvent');
insert into city(region_id, name) values (1350, 'Cessy');
insert into city(region_id, name) values (1350, 'Confort');
insert into city(region_id, name) values (1350, 'Divonne-les-Bains');
insert into city(region_id, name) values (1350, 'Ferney-Voltaire');
insert into city(region_id, name) values (1350, 'Montceaux');
insert into city(region_id, name) values (1350, 'Pron');
insert into city(region_id, name) values (1350, 'Port');
insert into city(region_id, name) values (1350, 'Saint-Nizier-le-Bouchoux');
insert into city(region_id, name) values (1350, 'Saint-Vulbas');
insert into city(region_id, name) values (1350, 'Vesancy');
insert into city(region_id, name) values (1350, 'Vonnas');
insert into region(id, country_id, name) values (1443, 198, 'Caennes');
insert into city(region_id, name) values (1088, 'Olsztyn');
insert into city(region_id, name) values (1287, 'Afon');
insert into city(region_id, name) values (1323, 'Aktash');
insert into city(region_id, name) values (1323, 'Ziadin');
insert into city(region_id, name) values (1323, 'Ingichka');
insert into city(region_id, name) values (1323, 'Kattakurgan');
insert into city(region_id, name) values (1323, 'Krasnogvardeisk');
insert into city(region_id, name) values (1323, 'Samarkand');
insert into city(region_id, name) values (1323, 'Urgut');
insert into city(region_id, name) values (1335, 'Sauce');
insert into city(region_id, name) values (1345, 'Aanaar');
insert into city(region_id, name) values (1345, 'Aatsinki');
insert into city(region_id, name) values (1345, 'Ahola');
insert into city(region_id, name) values (1345, 'Akanlahti');
insert into city(region_id, name) values (1345, 'Alanampa');
insert into city(region_id, name) values (1345, 'Arvola');
insert into city(region_id, name) values (1345, 'Haara');
insert into city(region_id, name) values (1345, 'Hepola');
insert into city(region_id, name) values (1345, 'Hoikkaniemi');
insert into city(region_id, name) values (1345, 'Inari');
insert into city(region_id, name) values (1345, 'Ivalo');
insert into city(region_id, name) values (1345, 'Kainuu');
insert into city(region_id, name) values (1345, 'Kemi');
insert into city(region_id, name) values (1345, 'Kemijrvi');
insert into city(region_id, name) values (1345, 'Keminmaa');
insert into city(region_id, name) values (1345, 'Ketola');
insert into city(region_id, name) values (1345, 'Kittil');
insert into city(region_id, name) values (1345, 'Koivu');
insert into city(region_id, name) values (1345, 'Kolari');
insert into city(region_id, name) values (1345, 'Kngs');
insert into city(region_id, name) values (1345, 'Lappea');
insert into city(region_id, name) values (1345, 'Pello');
insert into city(region_id, name) values (1345, 'Rovala');
insert into city(region_id, name) values (1345, 'Rovaniemi');
insert into city(region_id, name) values (1345, 'Rovanieni');
insert into city(region_id, name) values (1345, 'Runkaus');
insert into city(region_id, name) values (1345, 'Tervola');
insert into city(region_id, name) values (1345, 'Tohmo');
insert into city(region_id, name) values (1345, 'Tornio');
insert into city(region_id, name) values (1345, 'Turska');
insert into city(region_id, name) values (1351, 'Achery');
insert into city(region_id, name) values (1351, 'Acy');
insert into city(region_id, name) values (1351, 'Hirson');
insert into city(region_id, name) values (1351, 'Saint-Quentin');
insert into city(region_id, name) values (1351, 'Soissons');
insert into city(region_id, name) values (1351, 'Soize');
insert into city(region_id, name) values (1443, 'Cayenne');
insert into city(region_id, name) values (1443, 'Kourou');
insert into city(region_id, name) values (1443, 'Sinnamary');
insert into region(id, country_id, name) values (1444, 199, 'Papeete');
insert into city(region_id, name) values (1089, 'Anin');
insert into city(region_id, name) values (1089, 'Bielany');
insert into city(region_id, name) values (1089, 'Bieliny');
insert into city(region_id, name) values (1089, 'Dziekanow Lesny');
insert into city(region_id, name) values (1089, 'Janczewice');
insert into city(region_id, name) values (1089, 'Jankw Nowy');
insert into city(region_id, name) values (1089, 'Legionowo');
insert into city(region_id, name) values (1089, 'Ostrw');
insert into city(region_id, name) values (1089, 'Ozarow Mazowiecki');
insert into city(region_id, name) values (1089, 'Praga');
insert into city(region_id, name) values (1089, 'Pruszkw');
insert into city(region_id, name) values (1089, 'Radzymin');
insert into city(region_id, name) values (1089, 'Varsavia');
insert into city(region_id, name) values (1089, 'Varshava');
insert into city(region_id, name) values (1089, 'Varsovie');
insert into city(region_id, name) values (1089, 'Warsaw');
insert into city(region_id, name) values (1089, 'Warschau');
insert into city(region_id, name) values (1089, 'Warszawa');
insert into city(region_id, name) values (1089, 'Warszwka');
insert into city(region_id, name) values (1089, 'Wawer');
insert into city(region_id, name) values (1089, 'Wawrzyszew Nowy');
insert into city(region_id, name) values (1089, 'Wolominek');
insert into city(region_id, name) values (1089, 'Zielona');
insert into city(region_id, name) values (1089, 'Zoliborz');
insert into city(region_id, name) values (1288, 'Balykesir');
insert into city(region_id, name) values (1324, 'Baisun');
insert into city(region_id, name) values (1324, 'Denau');
insert into city(region_id, name) values (1324, 'Karluk');
insert into city(region_id, name) values (1324, 'Termez');
insert into city(region_id, name) values (1324, 'Uzun');
insert into city(region_id, name) values (1324, 'SHerabad');
insert into city(region_id, name) values (1324, 'SHurchi');
insert into city(region_id, name) values (1336, 'Cortume');
insert into city(region_id, name) values (1336, 'Los Potreros');
insert into city(region_id, name) values (1336, 'Rivera');
insert into city(region_id, name) values (1346, 'Hiukkamki');
insert into city(region_id, name) values (1346, 'Kinola');
insert into city(region_id, name) values (1346, 'Ruokojrvi');
insert into city(region_id, name) values (1346, 'Vihavuoren Saha');
insert into city(region_id, name) values (1352, 'Abrest');
insert into city(region_id, name) values (1352, 'Bayet');
insert into city(region_id, name) values (1352, 'Charmes');
insert into city(region_id, name) values (1352, 'Montluon');
insert into city(region_id, name) values (1352, 'Vichy');
insert into city(region_id, name) values (1444, 'Papeete');
insert into region(id, country_id, name) values (1445, 200, 'Dubrovacko-Neretvanska');
insert into region(id, country_id, name) values (1446, 200, 'Grad Zagreb');
insert into region(id, country_id, name) values (1447, 200, 'Istarska');
insert into region(id, country_id, name) values (1448, 200, 'Karlovacka');
insert into region(id, country_id, name) values (1449, 200, 'Medimurska');
insert into region(id, country_id, name) values (1450, 200, 'None');
insert into region(id, country_id, name) values (1451, 200, 'Primorsko-Goranska');
insert into region(id, country_id, name) values (1452, 200, 'Sibensko-Kninska');
insert into region(id, country_id, name) values (1453, 200, 'Sisacko-Moslavacka');
insert into region(id, country_id, name) values (1454, 200, 'Splitsko-Dalmatinska');
insert into region(id, country_id, name) values (1455, 200, 'Varazdinska');
insert into region(id, country_id, name) values (1456, 200, 'Zagrebacka');
insert into city(region_id, name) values (1090, 'Posen');
insert into city(region_id, name) values (1090, 'Poznan');
insert into city(region_id, name) values (1289, 'Biledjik');
insert into city(region_id, name) values (1325, 'Baht');
insert into city(region_id, name) values (1325, 'Gulistan');
insert into city(region_id, name) values (1325, 'Dimitrovskoe');
insert into city(region_id, name) values (1325, 'Krestyanskii');
insert into city(region_id, name) values (1325, 'Syrdarya');
insert into city(region_id, name) values (1325, 'Syrdarya');
insert into city(region_id, name) values (1325, 'Havast');
insert into city(region_id, name) values (1325, 'SHirin');
insert into city(region_id, name) values (1325, 'YAngier');
insert into city(region_id, name) values (1337, 'Salto');
insert into city(region_id, name) values (1347, 'Aaita');
insert into city(region_id, name) values (1347, 'Ahenp');
insert into city(region_id, name) values (1347, 'Aho');
insert into city(region_id, name) values (1347, 'Aitta');
insert into city(region_id, name) values (1347, 'Alajrvi');
insert into city(region_id, name) values (1347, 'Auho');
insert into city(region_id, name) values (1347, 'Haapajrvi');
insert into city(region_id, name) values (1347, 'Haapavesi');
insert into city(region_id, name) values (1347, 'Haukipudas');
insert into city(region_id, name) values (1347, 'Hyrynsaimi');
insert into city(region_id, name) values (1347, 'Jrvenp');
insert into city(region_id, name) values (1347, 'Kajaani');
insert into city(region_id, name) values (1347, 'Kalajoki');
insert into city(region_id, name) values (1347, 'Kankaanp');
insert into city(region_id, name) values (1347, 'Kempele');
insert into city(region_id, name) values (1347, 'Kestil');
insert into city(region_id, name) values (1347, 'Kuhmo');
insert into city(region_id, name) values (1347, 'Kurki');
insert into city(region_id, name) values (1347, 'Kuusamo');
insert into city(region_id, name) values (1347, 'Muhos');
insert into city(region_id, name) values (1347, 'Nivala');
insert into city(region_id, name) values (1347, 'Oulainen');
insert into city(region_id, name) values (1347, 'Oulu');
insert into city(region_id, name) values (1347, 'Paltamo');
insert into city(region_id, name) values (1347, 'Puolivlinkangas');
insert into city(region_id, name) values (1347, 'Pyhsalmi');
insert into city(region_id, name) values (1347, 'Raahe');
insert into city(region_id, name) values (1347, 'Sievi');
insert into city(region_id, name) values (1347, 'Somero');
insert into city(region_id, name) values (1347, 'Sotkamo');
insert into city(region_id, name) values (1347, 'Suomusal''''mi');
insert into city(region_id, name) values (1347, 'Suomussalmi');
insert into city(region_id, name) values (1347, 'Taipalo');
insert into city(region_id, name) values (1347, 'Utajrvi');
insert into city(region_id, name) values (1347, 'Vaala');
insert into city(region_id, name) values (1347, 'Vesa');
insert into city(region_id, name) values (1347, 'Vuokatti');
insert into city(region_id, name) values (1347, 'Ylivieska');
insert into city(region_id, name) values (1353, 'Argens');
insert into city(region_id, name) values (1353, 'Banon');
insert into city(region_id, name) values (1353, 'Mlan');
insert into city(region_id, name) values (1353, 'Saint-Andr-les-Alpes');
insert into city(region_id, name) values (1445, 'Dubrovnik');
insert into region(id, country_id, name) values (1457, 201, 'CHad');
insert into city(region_id, name) values (1091, 'Rypin');
insert into city(region_id, name) values (1091, 'Wocawek');
insert into city(region_id, name) values (1290, 'Bursa');
insert into city(region_id, name) values (1326, 'Alimkent');
insert into city(region_id, name) values (1326, 'Almazar');
insert into city(region_id, name) values (1326, 'Almalyk');
insert into city(region_id, name) values (1326, 'Angren');
insert into city(region_id, name) values (1326, 'Ahangaran');
insert into city(region_id, name) values (1326, 'Bakabad');
insert into city(region_id, name) values (1326, 'Bekabad');
insert into city(region_id, name) values (1326, 'Buka');
insert into city(region_id, name) values (1326, 'Gazalkent');
insert into city(region_id, name) values (1326, 'Iskandar');
insert into city(region_id, name) values (1326, 'Keles');
insert into city(region_id, name) values (1326, 'Parkent');
insert into city(region_id, name) values (1326, 'Pskent');
insert into city(region_id, name) values (1326, 'Sidjak');
insert into city(region_id, name) values (1326, 'Soldatskii');
insert into city(region_id, name) values (1326, 'Tashkent');
insert into city(region_id, name) values (1326, 'Toitepa');
insert into city(region_id, name) values (1326, 'CHinaz');
insert into city(region_id, name) values (1326, 'CHirchik');
insert into city(region_id, name) values (1326, 'YAngiabad');
insert into city(region_id, name) values (1326, 'YAngibazar');
insert into city(region_id, name) values (1326, 'YAngiyul');
insert into city(region_id, name) values (1338, 'Tacuaremb');
insert into city(region_id, name) values (1348, 'by');
insert into city(region_id, name) values (1348, 'Ahjo');
insert into city(region_id, name) values (1348, 'Ahola');
insert into city(region_id, name) values (1348, 'Ala-Malmi');
insert into city(region_id, name) values (1348, 'minnefors');
insert into city(region_id, name) values (1348, 'Asikkala');
insert into city(region_id, name) values (1348, 'Askola');
insert into city(region_id, name) values (1348, 'Bengtsr');
insert into city(region_id, name) values (1348, 'Borg');
insert into city(region_id, name) values (1348, 'Box');
insert into city(region_id, name) values (1348, 'Daj');
insert into city(region_id, name) values (1348, 'Epoo');
insert into city(region_id, name) values (1348, 'Esbo');
insert into city(region_id, name) values (1348, 'Espoo');
insert into city(region_id, name) values (1348, 'Forssa');
insert into city(region_id, name) values (1348, 'Haaga');
insert into city(region_id, name) values (1348, 'Hakunila');
insert into city(region_id, name) values (1348, 'Hlsinge');
insert into city(region_id, name) values (1348, 'Hmeenlinna');
insert into city(region_id, name) values (1348, 'Hamina');
insert into city(region_id, name) values (1348, 'Hanko');
insert into city(region_id, name) values (1348, 'Hanski');
insert into city(region_id, name) values (1348, 'Hauho');
insert into city(region_id, name) values (1348, 'Heimala');
insert into city(region_id, name) values (1348, 'Heinola');
insert into city(region_id, name) values (1348, 'Helsinge');
insert into city(region_id, name) values (1348, 'Helsingfors');
insert into city(region_id, name) values (1348, 'Helsinki');
insert into city(region_id, name) values (1348, 'Hyvinge');
insert into city(region_id, name) values (1348, 'Hyvink');
insert into city(region_id, name) values (1348, 'Imatra');
insert into city(region_id, name) values (1348, 'Ing');
insert into city(region_id, name) values (1348, 'Janakkala');
insert into city(region_id, name) values (1348, 'Jrvenp');
insert into city(region_id, name) values (1348, 'Joensuu');
insert into city(region_id, name) values (1348, 'Joutseno');
insert into city(region_id, name) values (1348, 'Kaipiainen');
insert into city(region_id, name) values (1348, 'Karjaa');
insert into city(region_id, name) values (1348, 'Kerava');
insert into city(region_id, name) values (1348, 'Kirkkonummi');
insert into city(region_id, name) values (1348, 'Klaukkala');
insert into city(region_id, name) values (1348, 'Kontro');
insert into city(region_id, name) values (1348, 'Kotimki');
insert into city(region_id, name) values (1348, 'Kotka');
insert into city(region_id, name) values (1348, 'Kourula');
insert into city(region_id, name) values (1348, 'Kouvola');
insert into city(region_id, name) values (1348, 'Kouvola-Tornionmki');
insert into city(region_id, name) values (1348, 'Kuopiola');
insert into city(region_id, name) values (1348, 'Kuusankoski');
insert into city(region_id, name) values (1348, 'Kymin Tehtaat');
insert into city(region_id, name) values (1348, 'Lahti');
insert into city(region_id, name) values (1348, 'Lappeenranta');
insert into city(region_id, name) values (1348, 'Lappenranta');
insert into city(region_id, name) values (1348, 'Liljendal');
insert into city(region_id, name) values (1348, 'Lohja');
insert into city(region_id, name) values (1348, 'Loviisa');
insert into city(region_id, name) values (1348, 'Lovisa');
insert into city(region_id, name) values (1348, 'Malmi');
insert into city(region_id, name) values (1348, 'Miehikkl');
insert into city(region_id, name) values (1348, 'Nummela');
insert into city(region_id, name) values (1348, 'Nurmijrvi');
insert into city(region_id, name) values (1348, 'Oulunkyl');
insert into city(region_id, name) values (1348, 'Parikkala');
insert into city(region_id, name) values (1348, 'Porvo');
insert into city(region_id, name) values (1348, 'Porvoo');
insert into city(region_id, name) values (1348, 'Pukkila');
insert into city(region_id, name) values (1348, 'Pyhjrvi');
insert into city(region_id, name) values (1348, 'Riihimki');
insert into city(region_id, name) values (1348, 'Salo');
insert into city(region_id, name) values (1348, 'Simpele');
insert into city(region_id, name) values (1348, 'Siuntio');
insert into city(region_id, name) values (1348, 'Storkrr');
insert into city(region_id, name) values (1348, 'Tammisaari');
insert into city(region_id, name) values (1348, 'Tapiola');
insert into city(region_id, name) values (1348, 'Tavastehus');
insert into city(region_id, name) values (1348, 'Tenhola');
insert into city(region_id, name) values (1348, 'Turkia');
insert into city(region_id, name) values (1348, 'Uusimaa');
insert into city(region_id, name) values (1348, 'Vainikkala');
insert into city(region_id, name) values (1348, 'Vanda');
insert into city(region_id, name) values (1348, 'Vantaa');
insert into city(region_id, name) values (1348, 'Yelsinki');
insert into city(region_id, name) values (1354, 'Aiglun');
insert into city(region_id, name) values (1354, 'Antibes');
insert into city(region_id, name) values (1354, 'Auribeau-sur-Siagne');
insert into city(region_id, name) values (1354, 'Auvare');
insert into city(region_id, name) values (1354, 'Beaulieu-sur-Mer');
insert into city(region_id, name) values (1354, 'Beausoleil');
insert into city(region_id, name) values (1354, 'Belvdre');
insert into city(region_id, name) values (1354, 'Biot');
insert into city(region_id, name) values (1354, 'Cannes');
insert into city(region_id, name) values (1354, 'Cap-d''''Ail');
insert into city(region_id, name) values (1354, 'Juan-les-Pins');
insert into city(region_id, name) values (1354, 'La Tour');
insert into city(region_id, name) values (1354, 'Mandelieu-la-Napoule');
insert into city(region_id, name) values (1354, 'Menton');
insert into city(region_id, name) values (1354, 'Mougins');
insert into city(region_id, name) values (1354, 'Nice');
insert into city(region_id, name) values (1354, 'Saint-Jean-Cap-Ferrat');
insert into city(region_id, name) values (1354, 'Valbonne');
insert into city(region_id, name) values (1354, 'Villeneuve-Loubet');
insert into city(region_id, name) values (1446, 'Adamovec');
insert into city(region_id, name) values (1446, 'Dubrava');
insert into city(region_id, name) values (1446, 'Sesvete');
insert into city(region_id, name) values (1446, 'Zabreg');
insert into city(region_id, name) values (1446, 'Zagrabia');
insert into city(region_id, name) values (1446, 'Zagreb');
insert into city(region_id, name) values (1457, 'Abeshe');
insert into city(region_id, name) values (1457, 'Larjo');
insert into city(region_id, name) values (1457, 'Ndjamena');
insert into region(id, country_id, name) values (1458, 202, 'CHernogoriya');
insert into city(region_id, name) values (1092, 'Baki');
insert into city(region_id, name) values (1092, 'Brzykw');
insert into city(region_id, name) values (1092, 'Bukownica');
insert into city(region_id, name) values (1092, 'Krzyki');
insert into city(region_id, name) values (1092, 'Olesnica');
insert into city(region_id, name) values (1092, 'Srodmiescie');
insert into city(region_id, name) values (1092, 'Swidnica Polska');
insert into city(region_id, name) values (1092, 'Woow');
insert into city(region_id, name) values (1092, 'Wrocaw Bartoszewice');
insert into city(region_id, name) values (1092, 'Wrocaw Pracze');
insert into city(region_id, name) values (1092, 'Wrocaw Strachowice');
insert into city(region_id, name) values (1092, 'Wrocaw-Gadow May');
insert into city(region_id, name) values (1092, 'Wrocaw-Karowice');
insert into city(region_id, name) values (1092, 'Wrocaw-Osobowice');
insert into city(region_id, name) values (1092, 'Wrocaw-Psie Pole');
insert into city(region_id, name) values (1291, 'Gaziantep');
insert into city(region_id, name) values (1327, 'Altyaryk');
insert into city(region_id, name) values (1327, 'Besharyk');
insert into city(region_id, name) values (1327, 'Vuadil');
insert into city(region_id, name) values (1327, 'Dangara');
insert into city(region_id, name) values (1327, 'Kokand');
insert into city(region_id, name) values (1327, 'Kuva');
insert into city(region_id, name) values (1327, 'Kuvasai');
insert into city(region_id, name) values (1327, 'Margilan');
insert into city(region_id, name) values (1327, 'Uchkuprik');
insert into city(region_id, name) values (1327, 'Fergana');
insert into city(region_id, name) values (1327, 'YAipan');
insert into city(region_id, name) values (1339, 'Arrozal Treinta y Tres');
insert into city(region_id, name) values (1339, 'Paso de Piriz');
insert into city(region_id, name) values (1349, 'nekoski');
insert into city(region_id, name) values (1349, 'Aarlahti');
insert into city(region_id, name) values (1349, 'Aartuka');
insert into city(region_id, name) values (1349, 'Aasla');
insert into city(region_id, name) values (1349, 'bo');
insert into city(region_id, name) values (1349, 'Ahlholm');
insert into city(region_id, name) values (1349, 'Aho');
insert into city(region_id, name) values (1349, 'Aijala');
insert into city(region_id, name) values (1349, 'Alajrvi');
insert into city(region_id, name) values (1349, 'Alastaro');
insert into city(region_id, name) values (1349, 'Brnd');
insert into city(region_id, name) values (1349, 'Etel-Vartsala');
insert into city(region_id, name) values (1349, 'Eura');
insert into city(region_id, name) values (1349, 'Haapamki');
insert into city(region_id, name) values (1349, 'Haapasalo');
insert into city(region_id, name) values (1349, 'Halikko');
insert into city(region_id, name) values (1349, 'Helsinge');
insert into city(region_id, name) values (1349, 'Helsinki');
insert into city(region_id, name) values (1349, 'Huittinen');
insert into city(region_id, name) values (1349, 'Jakobstad');
insert into city(region_id, name) values (1349, 'Jms');
insert into city(region_id, name) values (1349, 'Jeppo');
insert into city(region_id, name) values (1349, 'Joensuu');
insert into city(region_id, name) values (1349, 'Jokela');
insert into city(region_id, name) values (1349, 'Juva');
insert into city(region_id, name) values (1349, 'Jyvskyl');
insert into city(region_id, name) values (1349, 'Jyvskyln Maalaiskunta');
insert into city(region_id, name) values (1349, 'Kaarina');
insert into city(region_id, name) values (1349, 'Kangasala');
insert into city(region_id, name) values (1349, 'Kangasniemi');
insert into city(region_id, name) values (1349, 'Kankaanp');
insert into city(region_id, name) values (1349, 'Kauhajoki');
insert into city(region_id, name) values (1349, 'Kauhava');
insert into city(region_id, name) values (1349, 'Kaustinen');
insert into city(region_id, name) values (1349, 'Keuruu');
insert into city(region_id, name) values (1349, 'Kokemki');
insert into city(region_id, name) values (1349, 'Kokkola');
insert into city(region_id, name) values (1349, 'Kotka');
insert into city(region_id, name) values (1349, 'Kouvala');
insert into city(region_id, name) values (1349, 'Kouvola');
insert into city(region_id, name) values (1349, 'Kovalanmki');
insert into city(region_id, name) values (1349, 'Kristinestad');
insert into city(region_id, name) values (1349, 'Kurejoki');
insert into city(region_id, name) values (1349, 'Kurikka');
insert into city(region_id, name) values (1349, 'Laasala');
insert into city(region_id, name) values (1349, 'Lahti');
insert into city(region_id, name) values (1349, 'Lahtinen');
insert into city(region_id, name) values (1349, 'Lappajrvi');
insert into city(region_id, name) values (1349, 'Lapua');
insert into city(region_id, name) values (1349, 'Laukaa');
insert into city(region_id, name) values (1349, 'Laupunen');
insert into city(region_id, name) values (1349, 'Lieto');
insert into city(region_id, name) values (1349, 'Loimaa');
insert into city(region_id, name) values (1349, 'Maunula');
insert into city(region_id, name) values (1349, 'Merikarvia');
insert into city(region_id, name) values (1349, 'Naantali');
insert into city(region_id, name) values (1349, 'Nrpes');
insert into city(region_id, name) values (1349, 'Nyukarlebyu');
insert into city(region_id, name) values (1349, 'Parkano');
insert into city(region_id, name) values (1349, 'Pietarsaari');
insert into city(region_id, name) values (1349, 'Pitkjrvi');
insert into city(region_id, name) values (1349, 'Pori');
insert into city(region_id, name) values (1349, 'Raisio');
insert into city(region_id, name) values (1349, 'Ramsi');
insert into city(region_id, name) values (1349, 'Rauma');
insert into city(region_id, name) values (1349, 'Redamo');
insert into city(region_id, name) values (1349, 'Riihikoski');
insert into city(region_id, name) values (1349, 'Riihimki');
insert into city(region_id, name) values (1349, 'Salo');
insert into city(region_id, name) values (1349, 'Seinjoki');
insert into city(region_id, name) values (1349, 'Somerniemi');
insert into city(region_id, name) values (1349, 'Somero');
insert into city(region_id, name) values (1349, 'Sydnmaa');
insert into city(region_id, name) values (1349, 'Tammerfors');
insert into city(region_id, name) values (1349, 'Tampere');
insert into city(region_id, name) values (1349, 'Tourula');
insert into city(region_id, name) values (1349, 'Turku');
insert into city(region_id, name) values (1349, 'Tuuri');
insert into city(region_id, name) values (1349, 'Urjala');
insert into city(region_id, name) values (1349, 'Usikaupunki');
insert into city(region_id, name) values (1349, 'Uusikaupunki');
insert into city(region_id, name) values (1349, 'Vaasa');
insert into city(region_id, name) values (1349, 'Valkeakoski');
insert into city(region_id, name) values (1349, 'Vammala');
insert into city(region_id, name) values (1349, 'Vasa');
insert into city(region_id, name) values (1349, 'Vihtavuori');
insert into city(region_id, name) values (1349, 'Virrat');
insert into city(region_id, name) values (1349, 'Vista');
insert into city(region_id, name) values (1349, 'Vuoskoski');
insert into city(region_id, name) values (1349, 'Wasa');
insert into city(region_id, name) values (1355, 'Alboussire');
insert into city(region_id, name) values (1355, 'Aubenas');
insert into city(region_id, name) values (1355, 'Beauvne');
insert into city(region_id, name) values (1355, 'Chambonas');
insert into city(region_id, name) values (1355, 'Joyeuse');
insert into city(region_id, name) values (1355, 'La Voulte-sur-Rhne');
insert into city(region_id, name) values (1355, 'Saint-Pray');
insert into city(region_id, name) values (1447, 'Abrega');
insert into city(region_id, name) values (1447, 'Materada');
insert into city(region_id, name) values (1447, 'Opatija');
insert into city(region_id, name) values (1447, 'Pazin');
insert into city(region_id, name) values (1447, 'Porec');
insert into city(region_id, name) values (1447, 'Rovinj');
insert into city(region_id, name) values (1458, 'Bar');
insert into city(region_id, name) values (1458, 'Budva');
insert into city(region_id, name) values (1458, 'Kolashin');
insert into city(region_id, name) values (1458, 'Podgorica');
insert into city(region_id, name) values (1458, 'Tivat');
insert into city(region_id, name) values (1458, 'Herceg-Novi');
insert into city(region_id, name) values (1458, 'Cetine');
insert into region(id, country_id, name) values (1459, 203, 'Hlavni Mesto Praha');
insert into region(id, country_id, name) values (1460, 203, 'Jihocesky Kraj');
insert into region(id, country_id, name) values (1461, 203, 'Jihomoravsky Kraj');
insert into region(id, country_id, name) values (1462, 203, 'Karlovarsky Kraj');
insert into region(id, country_id, name) values (1463, 203, 'Kralovehradecky Kraj');
insert into region(id, country_id, name) values (1464, 203, 'Liberecky Kraj');
insert into region(id, country_id, name) values (1465, 203, 'Moravskoslezsky Kraj');
insert into region(id, country_id, name) values (1466, 203, 'None');
insert into region(id, country_id, name) values (1467, 203, 'Olomoucky Kraj');
insert into region(id, country_id, name) values (1468, 203, 'Pardubicky Kraj');
insert into region(id, country_id, name) values (1469, 203, 'Plzensky Kraj');
insert into region(id, country_id, name) values (1470, 203, 'Stredocesky Kraj');
insert into region(id, country_id, name) values (1471, 203, 'Ustecky Kraj');
insert into region(id, country_id, name) values (1472, 203, 'Vysocina');
insert into region(id, country_id, name) values (1473, 203, 'Zlinsky Kraj');
insert into city(region_id, name) values (1093, 'Abtei');
insert into city(region_id, name) values (1093, 'Biaogard');
insert into city(region_id, name) values (1093, 'Borne');
insert into city(region_id, name) values (1093, 'Kalisz Pomorski');
insert into city(region_id, name) values (1093, 'Koobrzeg');
insert into city(region_id, name) values (1093, 'Kolberg');
insert into city(region_id, name) values (1093, 'Koszalin');
insert into city(region_id, name) values (1093, 'Plate');
insert into city(region_id, name) values (1093, 'Sajsino');
insert into city(region_id, name) values (1093, 'Stargard Szczecinski');
insert into city(region_id, name) values (1093, 'Stettin');
insert into city(region_id, name) values (1093, 'Swinioujscie');
insert into city(region_id, name) values (1093, 'Swinoujscie');
insert into city(region_id, name) values (1093, 'Szczecin');
insert into city(region_id, name) values (1093, 'Szczecin Gumience');
insert into city(region_id, name) values (1093, 'Szczecinek');
insert into city(region_id, name) values (1093, 'Trzebiatw');
insert into city(region_id, name) values (1292, 'Denizli');
insert into city(region_id, name) values (1328, 'Urgench');
insert into city(region_id, name) values (1328, 'Hiva');
insert into city(region_id, name) values (1356, 'Aiglemont');
insert into city(region_id, name) values (1356, 'Charleville-Mzires');
insert into city(region_id, name) values (1356, 'Rethel');
insert into city(region_id, name) values (1356, 'Sedan');
insert into city(region_id, name) values (1448, 'Karlovac');
insert into city(region_id, name) values (1459, 'Praha');
insert into region(id, country_id, name) values (1474, 204, 'Aisn del General Carlos Ibnez del Campo');
insert into region(id, country_id, name) values (1475, 204, 'Antofagasta');
insert into region(id, country_id, name) values (1476, 204, 'Araucana');
insert into region(id, country_id, name) values (1477, 204, 'Atacama');
insert into region(id, country_id, name) values (1478, 204, 'Bo-Bo');
insert into region(id, country_id, name) values (1479, 204, 'Coquimbo');
insert into region(id, country_id, name) values (1480, 204, 'Libertador General Bernardo O''''Higgins');
insert into region(id, country_id, name) values (1481, 204, 'Los Lagos');
insert into region(id, country_id, name) values (1482, 204, 'Magallanes y de la Antrtica Chilena');
insert into region(id, country_id, name) values (1483, 204, 'Maule');
insert into region(id, country_id, name) values (1484, 204, 'Region Metropolitana');
insert into region(id, country_id, name) values (1485, 204, 'Tarapac');
insert into region(id, country_id, name) values (1486, 204, 'Valparaso');
insert into city(region_id, name) values (1094, 'Dub');
insert into city(region_id, name) values (1094, 'Tomaszw Lubelski');
insert into city(region_id, name) values (1094, 'Zamosc');
insert into city(region_id, name) values (1293, 'Izmir');
insert into city(region_id, name) values (1357, 'Aigues-Vives');
insert into city(region_id, name) values (1357, 'Albis');
insert into city(region_id, name) values (1357, 'Allires');
insert into city(region_id, name) values (1357, 'Saverdun');
insert into city(region_id, name) values (1357, 'Sem');
insert into city(region_id, name) values (1449, 'Cakovec');
insert into city(region_id, name) values (1449, 'Nedelisce');
insert into city(region_id, name) values (1460, 'Bhmisch Budweis');
insert into city(region_id, name) values (1460, 'Budejovice');
insert into city(region_id, name) values (1460, 'Budweis');
insert into city(region_id, name) values (1460, 'Ceske Budejovice');
insert into city(region_id, name) values (1460, 'Ceske Krumlov');
insert into city(region_id, name) values (1460, 'Cesky Krumlov');
insert into city(region_id, name) values (1460, 'Krummau');
insert into city(region_id, name) values (1460, 'Psek');
insert into city(region_id, name) values (1460, 'Prachatice');
insert into city(region_id, name) values (1460, 'Prachatitz');
insert into city(region_id, name) values (1460, 'Strakonice');
insert into city(region_id, name) values (1460, 'Tbor');
insert into city(region_id, name) values (1474, 'Coihaique');
insert into city(region_id, name) values (1474, 'Coyhaique');
insert into region(id, country_id, name) values (1487, 205, 'Aargau');
insert into region(id, country_id, name) values (1488, 205, 'Appenzell Ausserrhoden');
insert into region(id, country_id, name) values (1489, 205, 'Appenzell Innerrhoden');
insert into region(id, country_id, name) values (1490, 205, 'Basel-Landschaft');
insert into region(id, country_id, name) values (1491, 205, 'Basel-Stadt');
insert into region(id, country_id, name) values (1492, 205, 'Bern');
insert into region(id, country_id, name) values (1493, 205, 'Fribourg');
insert into region(id, country_id, name) values (1494, 205, 'Genve');
insert into region(id, country_id, name) values (1495, 205, 'Glarus');
insert into region(id, country_id, name) values (1496, 205, 'Graubnden');
insert into region(id, country_id, name) values (1497, 205, 'Jura');
insert into region(id, country_id, name) values (1498, 205, 'Luzern');
insert into region(id, country_id, name) values (1499, 205, 'Neuchtel');
insert into region(id, country_id, name) values (1500, 205, 'Nidwalden');
insert into region(id, country_id, name) values (1501, 205, 'Obwalden');
insert into region(id, country_id, name) values (1502, 205, 'Sankt Gallen');
insert into region(id, country_id, name) values (1503, 205, 'Schaffhausen');
insert into region(id, country_id, name) values (1504, 205, 'Schwyz');
insert into region(id, country_id, name) values (1505, 205, 'Solothurn');
insert into region(id, country_id, name) values (1506, 205, 'Thurgau');
insert into region(id, country_id, name) values (1507, 205, 'Ticino');
insert into region(id, country_id, name) values (1508, 205, 'Uri');
insert into region(id, country_id, name) values (1509, 205, 'Valais');
insert into region(id, country_id, name) values (1510, 205, 'Vaud');
insert into region(id, country_id, name) values (1511, 205, 'Zug');
insert into region(id, country_id, name) values (1512, 205, 'Zrich');
insert into city(region_id, name) values (1095, 'Gubin');
insert into city(region_id, name) values (1095, 'Krosno Odrzanskie');
insert into city(region_id, name) values (1095, 'Sulechw');
insert into city(region_id, name) values (1095, 'Zagan');
insert into city(region_id, name) values (1095, 'Zary');
insert into city(region_id, name) values (1294, 'Isparta');
insert into city(region_id, name) values (1358, 'Ailleville');
insert into city(region_id, name) values (1358, 'Amance');
insert into city(region_id, name) values (1358, 'Arsonval');
insert into city(region_id, name) values (1358, 'Bar-sur-Seine');
insert into city(region_id, name) values (1358, 'Mry-sur-Seine');
insert into city(region_id, name) values (1358, 'Troyes');
insert into city(region_id, name) values (1450, 'Pula');
insert into city(region_id, name) values (1461, 'Berno');
insert into city(region_id, name) values (1461, 'Blansko');
insert into city(region_id, name) values (1461, 'Breclav');
insert into city(region_id, name) values (1461, 'Brno');
insert into city(region_id, name) values (1461, 'Brnn');
insert into city(region_id, name) values (1461, 'Hodonn');
insert into city(region_id, name) values (1461, 'Vyskov');
insert into city(region_id, name) values (1461, 'Znojmo');
insert into city(region_id, name) values (1475, 'Antofagasta');
insert into city(region_id, name) values (1487, 'Aarau');
insert into city(region_id, name) values (1487, 'Aarburg');
insert into city(region_id, name) values (1487, 'Baden');
insert into city(region_id, name) values (1487, 'Birr');
insert into city(region_id, name) values (1487, 'Dttingen');
insert into city(region_id, name) values (1487, 'Frick');
insert into city(region_id, name) values (1487, 'Kaiseraugst');
insert into city(region_id, name) values (1487, 'Lenzburg');
insert into city(region_id, name) values (1487, 'Mellingen');
insert into city(region_id, name) values (1487, 'Menziken');
insert into city(region_id, name) values (1487, 'Merenschwand');
insert into city(region_id, name) values (1487, 'Mumpf');
insert into city(region_id, name) values (1487, 'Niederlenz');
insert into city(region_id, name) values (1487, 'Oberentfelden');
insert into city(region_id, name) values (1487, 'Oberrti');
insert into city(region_id, name) values (1487, 'Rheinfelden');
insert into city(region_id, name) values (1487, 'Seengen');
insert into city(region_id, name) values (1487, 'Sins');
insert into city(region_id, name) values (1487, 'Stilli');
insert into city(region_id, name) values (1487, 'Suhr');
insert into city(region_id, name) values (1487, 'Turgi');
insert into city(region_id, name) values (1487, 'Villmergen');
insert into city(region_id, name) values (1487, 'Wettingen');
insert into city(region_id, name) values (1487, 'Wrenlingen');
insert into city(region_id, name) values (1487, 'Zofingen');
insert into region(id, country_id, name) values (1513, 206, 'Blekinge Lan');
insert into region(id, country_id, name) values (1514, 206, 'Dalarnas Lan');
insert into region(id, country_id, name) values (1515, 206, 'Gavleborgs Lan');
insert into region(id, country_id, name) values (1516, 206, 'Gotlands Lan');
insert into region(id, country_id, name) values (1517, 206, 'Hallands Lan');
insert into region(id, country_id, name) values (1518, 206, 'Jamtlands Lan');
insert into region(id, country_id, name) values (1519, 206, 'Jonkopings Lan');
insert into region(id, country_id, name) values (1520, 206, 'Kalmar Lan');
insert into region(id, country_id, name) values (1521, 206, 'Kronobergs Lan');
insert into region(id, country_id, name) values (1522, 206, 'None');
insert into region(id, country_id, name) values (1523, 206, 'Norrbottens Lan');
insert into region(id, country_id, name) values (1524, 206, 'Orebro Lan');
insert into region(id, country_id, name) values (1525, 206, 'Ostergotlands Lan');
insert into region(id, country_id, name) values (1526, 206, 'Skane Lan');
insert into region(id, country_id, name) values (1527, 206, 'Sodermanlands Lan');
insert into region(id, country_id, name) values (1528, 206, 'Stockholms Lan');
insert into region(id, country_id, name) values (1529, 206, 'Uppsala Lan');
insert into region(id, country_id, name) values (1530, 206, 'Varmlands Lan');
insert into region(id, country_id, name) values (1531, 206, 'Vasterbottens Lan');
insert into region(id, country_id, name) values (1532, 206, 'Vasternorrlands Lan');
insert into region(id, country_id, name) values (1533, 206, 'Vastmanlands Lan');
insert into region(id, country_id, name) values (1534, 206, 'Vastra Gotaland');
insert into city(region_id, name) values (1295, 'Mersin');
insert into city(region_id, name) values (1359, 'Ajac');
insert into city(region_id, name) values (1359, 'Azille');
insert into city(region_id, name) values (1359, 'Carcassonne');
insert into city(region_id, name) values (1359, 'Castelnaudary');
insert into city(region_id, name) values (1359, 'Fa');
insert into city(region_id, name) values (1359, 'Fabrezan');
insert into city(region_id, name) values (1359, 'Lzignan-Corbires');
insert into city(region_id, name) values (1359, 'Limoux');
insert into city(region_id, name) values (1359, 'Luc-sur-Orbieu');
insert into city(region_id, name) values (1359, 'Narbonne');
insert into city(region_id, name) values (1359, 'Narbonne-Plage');
insert into city(region_id, name) values (1359, 'Villelongue-d''''Aude');
insert into city(region_id, name) values (1451, 'Barusic');
insert into city(region_id, name) values (1451, 'Opatija');
insert into city(region_id, name) values (1451, 'Rijeka');
insert into city(region_id, name) values (1462, 'Carlsbad');
insert into city(region_id, name) values (1462, 'Cheb');
insert into city(region_id, name) values (1462, 'Eger');
insert into city(region_id, name) values (1462, 'Falkenau');
insert into city(region_id, name) values (1462, 'Falknov');
insert into city(region_id, name) values (1462, 'Karl Vary');
insert into city(region_id, name) values (1462, 'Karlovy Vary');
insert into city(region_id, name) values (1462, 'Karlsbad');
insert into city(region_id, name) values (1462, 'Sokolov');
insert into city(region_id, name) values (1462, 'Sokolov nad Ohri');
insert into city(region_id, name) values (1476, 'Pucn');
insert into city(region_id, name) values (1476, 'Temuco');
insert into city(region_id, name) values (1488, 'Gais');
insert into city(region_id, name) values (1488, 'Heiden');
insert into city(region_id, name) values (1488, 'Herisau');
insert into city(region_id, name) values (1488, 'Zrchersmhle');
insert into city(region_id, name) values (1513, 'Abborremla');
insert into city(region_id, name) values (1513, 'lmtamla');
insert into city(region_id, name) values (1513, 'Asarum');
insert into city(region_id, name) values (1513, 'Backaryd');
insert into city(region_id, name) values (1513, 'Karlshamn');
insert into city(region_id, name) values (1513, 'Karlskrona');
insert into city(region_id, name) values (1513, 'Kylinge');
insert into city(region_id, name) values (1513, 'Olofstrm');
insert into city(region_id, name) values (1513, 'Rdeby');
insert into city(region_id, name) values (1513, 'Ronneby');
insert into city(region_id, name) values (1513, 'Slvesborg');
insert into region(id, country_id, name) values (1535, 207, 'SHri-Lanka');
insert into city(region_id, name) values (1296, 'Keiseri');
insert into city(region_id, name) values (1360, 'Agen-d''''Aveyron');
insert into city(region_id, name) values (1360, 'Auriac-Lagast');
insert into city(region_id, name) values (1360, 'Bozouls');
insert into city(region_id, name) values (1360, 'Brandonnet');
insert into city(region_id, name) values (1360, 'Brommat');
insert into city(region_id, name) values (1360, 'Curan');
insert into city(region_id, name) values (1360, 'Nant');
insert into city(region_id, name) values (1360, 'Rodez');
insert into city(region_id, name) values (1360, 'Saint-Beaulize');
insert into city(region_id, name) values (1452, 'Sebenico');
insert into city(region_id, name) values (1452, 'Sibenik');
insert into city(region_id, name) values (1463, 'Gradets Kralove');
insert into city(region_id, name) values (1463, 'Hradec Krlov');
insert into city(region_id, name) values (1463, 'Jicin');
insert into city(region_id, name) values (1463, 'Nchod');
insert into city(region_id, name) values (1463, 'Reichenau');
insert into city(region_id, name) values (1463, 'Rychnov nad Kneznou');
insert into city(region_id, name) values (1463, 'Trutnov');
insert into city(region_id, name) values (1477, 'Copiap');
insert into city(region_id, name) values (1489, 'Appenzell');
insert into city(region_id, name) values (1489, 'Gonten');
insert into city(region_id, name) values (1514, 'Avesta');
insert into city(region_id, name) values (1514, 'Bodarna');
insert into city(region_id, name) values (1514, 'Borlnge');
insert into city(region_id, name) values (1514, 'Falun');
insert into city(region_id, name) values (1514, 'Gagnef');
insert into city(region_id, name) values (1514, 'Grngesberg');
insert into city(region_id, name) values (1514, 'Hedemora');
insert into city(region_id, name) values (1514, 'Hkberget');
insert into city(region_id, name) values (1514, 'Ludvika');
insert into city(region_id, name) values (1514, 'Mora-Noret');
insert into city(region_id, name) values (1535, 'Kolombo');
insert into region(id, country_id, name) values (1536, 208, 'Azuay');
insert into region(id, country_id, name) values (1537, 208, 'Bolvar');
insert into region(id, country_id, name) values (1538, 208, 'Chimborazo');
insert into region(id, country_id, name) values (1539, 208, 'El Oro');
insert into region(id, country_id, name) values (1540, 208, 'Galpagos');
insert into region(id, country_id, name) values (1541, 208, 'Guayas');
insert into region(id, country_id, name) values (1542, 208, 'Imbabura');
insert into region(id, country_id, name) values (1543, 208, 'Loja');
insert into region(id, country_id, name) values (1544, 208, 'Manab');
insert into region(id, country_id, name) values (1545, 208, 'Napo');
insert into region(id, country_id, name) values (1546, 208, 'Pastaza');
insert into region(id, country_id, name) values (1547, 208, 'Pichincha');
insert into region(id, country_id, name) values (1548, 208, 'Tungurahua');
insert into city(region_id, name) values (1297, 'Kars');
insert into city(region_id, name) values (1361, 'Achenheim');
insert into city(region_id, name) values (1361, 'Allenwiller');
insert into city(region_id, name) values (1361, 'Altenheim');
insert into city(region_id, name) values (1361, 'Barr');
insert into city(region_id, name) values (1361, 'Illkirch-Graffenstaden');
insert into city(region_id, name) values (1361, 'Niederbronn-les-Bains');
insert into city(region_id, name) values (1361, 'Russ');
insert into city(region_id, name) values (1361, 'Saverne');
insert into city(region_id, name) values (1361, 'Schiltigheim');
insert into city(region_id, name) values (1361, 'Slestat');
insert into city(region_id, name) values (1361, 'Strasbourg');
insert into city(region_id, name) values (1361, 'Wintzenbach');
insert into city(region_id, name) values (1453, 'Cesko Selo');
insert into city(region_id, name) values (1453, 'Sisak');
insert into city(region_id, name) values (1464, 'Ceska Lipa');
insert into city(region_id, name) values (1464, 'Jablonec');
insert into city(region_id, name) values (1464, 'Jablonec nad Nisou');
insert into city(region_id, name) values (1464, 'Liberec');
insert into city(region_id, name) values (1464, 'Lipa');
insert into city(region_id, name) values (1464, 'Reichenberg');
insert into city(region_id, name) values (1464, 'Semily');
insert into city(region_id, name) values (1478, 'Boca Bo-Bo');
insert into city(region_id, name) values (1478, 'Cabrero');
insert into city(region_id, name) values (1478, 'Cajn de Mela');
insert into city(region_id, name) values (1478, 'Callaqui');
insert into city(region_id, name) values (1478, 'Chilln');
insert into city(region_id, name) values (1478, 'Ciudad de Concepcion');
insert into city(region_id, name) values (1478, 'Concepcin');
insert into city(region_id, name) values (1478, 'Lota Alto');
insert into city(region_id, name) values (1478, 'Quirihue');
insert into city(region_id, name) values (1490, 'Allschwil');
insert into city(region_id, name) values (1490, 'Arisdorf');
insert into city(region_id, name) values (1490, 'Arlesheim');
insert into city(region_id, name) values (1490, 'Binningen');
insert into city(region_id, name) values (1490, 'Ettingen');
insert into city(region_id, name) values (1490, 'Frenkendorf');
insert into city(region_id, name) values (1490, 'Laufen');
insert into city(region_id, name) values (1490, 'Liestal');
insert into city(region_id, name) values (1490, 'Mnchenstein');
insert into city(region_id, name) values (1490, 'Muttenz');
insert into city(region_id, name) values (1490, 'Sissach');
insert into city(region_id, name) values (1515, 'Bollns');
insert into city(region_id, name) values (1515, 'Delsbo');
insert into city(region_id, name) values (1515, 'Gfle');
insert into city(region_id, name) values (1515, 'Gvle');
insert into city(region_id, name) values (1515, 'Hudiksvall');
insert into city(region_id, name) values (1515, 'Ljusdal');
insert into city(region_id, name) values (1515, 'Sandviken');
insert into city(region_id, name) values (1515, 'Sderhamn');
insert into city(region_id, name) values (1515, 'Valbo');
insert into city(region_id, name) values (1536, 'Cuenca');
insert into region(id, country_id, name) values (1549, 209, 'Malabo');
insert into city(region_id, name) values (1298, 'Izmit');
insert into city(region_id, name) values (1298, 'Kokeli');
insert into city(region_id, name) values (1362, 'Aix-en-Provence');
insert into city(region_id, name) values (1362, 'Arles');
insert into city(region_id, name) values (1362, 'Aubagne');
insert into city(region_id, name) values (1362, 'Belcodne');
insert into city(region_id, name) values (1362, 'Bouc-Bel-Air');
insert into city(region_id, name) values (1362, 'Carry-le-Rouet');
insert into city(region_id, name) values (1362, 'Marseille');
insert into city(region_id, name) values (1362, 'Martigues');
insert into city(region_id, name) values (1362, 'Saint-Paul-lez-Durance');
insert into city(region_id, name) values (1362, 'Salon-de-Provence');
insert into city(region_id, name) values (1362, 'Tarascon');
insert into city(region_id, name) values (1454, 'Spalato');
insert into city(region_id, name) values (1454, 'Split');
insert into city(region_id, name) values (1465, 'Bruntl');
insert into city(region_id, name) values (1465, 'Freistadt');
insert into city(region_id, name) values (1465, 'Frdek-Mstek');
insert into city(region_id, name) values (1465, 'Karvin');
insert into city(region_id, name) values (1465, 'Novy Jicin');
insert into city(region_id, name) values (1465, 'Opava');
insert into city(region_id, name) values (1465, 'Ostrava');
insert into city(region_id, name) values (1479, 'Algarrobo');
insert into city(region_id, name) values (1479, 'Illapel');
insert into city(region_id, name) values (1479, 'La Serena');
insert into city(region_id, name) values (1479, 'Ovalle');
insert into city(region_id, name) values (1479, 'Vicua');
insert into city(region_id, name) values (1491, 'Basel');
insert into city(region_id, name) values (1491, 'Bettingen');
insert into city(region_id, name) values (1516, 'Alby');
insert into city(region_id, name) values (1516, 'Roma');
insert into city(region_id, name) values (1516, 'Visby');
insert into city(region_id, name) values (1537, 'Asuncin');
insert into city(region_id, name) values (1537, 'Bilovn');
insert into city(region_id, name) values (1549, 'Malabo');
insert into region(id, country_id, name) values (1550, 210, 'Eritreya');
insert into city(region_id, name) values (1299, 'Konia');
insert into city(region_id, name) values (1363, 'Ablon');
insert into city(region_id, name) values (1363, 'Anisy');
insert into city(region_id, name) values (1363, 'Caen');
insert into city(region_id, name) values (1363, 'Canon');
insert into city(region_id, name) values (1363, 'Deauville');
insert into city(region_id, name) values (1363, 'Douville-en-Auge');
insert into city(region_id, name) values (1455, 'Varazdin');
insert into city(region_id, name) values (1466, 'Abaschin');
insert into city(region_id, name) values (1466, 'Adlerova Hut');
insert into city(region_id, name) values (1466, 'Brno-Kralovo');
insert into city(region_id, name) values (1466, 'Filz');
insert into city(region_id, name) values (1466, 'Jablonn nad Orlic');
insert into city(region_id, name) values (1466, 'Kladno');
insert into city(region_id, name) values (1466, 'Krupka');
insert into city(region_id, name) values (1466, 'Mal Skla');
insert into city(region_id, name) values (1466, 'Prague-Vinohrady');
insert into city(region_id, name) values (1466, 'Pretin');
insert into city(region_id, name) values (1466, 'Raabe');
insert into city(region_id, name) values (1466, 'Vsebor');
insert into city(region_id, name) values (1480, 'Codegua');
insert into city(region_id, name) values (1480, 'Isla del Guindo');
insert into city(region_id, name) values (1480, 'Peumo');
insert into city(region_id, name) values (1480, 'Rancagua');
insert into city(region_id, name) values (1480, 'San Vicente de Taguatagua');
insert into city(region_id, name) values (1492, 'Arch');
insert into city(region_id, name) values (1492, 'Bellelay');
insert into city(region_id, name) values (1492, 'Belp');
insert into city(region_id, name) values (1492, 'Bern');
insert into city(region_id, name) values (1492, 'Biglen');
insert into city(region_id, name) values (1492, 'Boll');
insert into city(region_id, name) values (1492, 'Brienzwiler');
insert into city(region_id, name) values (1492, 'Corgmont');
insert into city(region_id, name) values (1492, 'Heimenschwand');
insert into city(region_id, name) values (1492, 'Herzogenbuchsee');
insert into city(region_id, name) values (1492, 'Huttwil');
insert into city(region_id, name) values (1492, 'Interlaken');
insert into city(region_id, name) values (1492, 'Langenthal');
insert into city(region_id, name) values (1492, 'Lotzwil');
insert into city(region_id, name) values (1492, 'Lyss');
insert into city(region_id, name) values (1492, 'Mrigen');
insert into city(region_id, name) values (1492, 'Nidau');
insert into city(region_id, name) values (1492, 'Steffisburg');
insert into city(region_id, name) values (1492, 'Thun');
insert into city(region_id, name) values (1492, 'Uttigen');
insert into city(region_id, name) values (1492, 'Zweiltschinen');
insert into city(region_id, name) values (1517, 'Abild');
insert into city(region_id, name) values (1517, 'ker');
insert into city(region_id, name) values (1517, 'Allared');
insert into city(region_id, name) values (1517, 'Falkenberg');
insert into city(region_id, name) values (1517, 'Halmstad');
insert into city(region_id, name) values (1517, 'Hyltebruk');
insert into city(region_id, name) values (1517, 'Kpinge');
insert into city(region_id, name) values (1517, 'Kungsbacka');
insert into city(region_id, name) values (1517, 'Varberg');
insert into city(region_id, name) values (1538, 'Riobamba');
insert into city(region_id, name) values (1550, 'Asmara');
insert into region(id, country_id, name) values (1551, 211, 'Estoniya');
insert into city(region_id, name) values (1300, 'Kirikkal');
insert into city(region_id, name) values (1364, 'Aurillac');
insert into city(region_id, name) values (1364, 'Bassignac');
insert into city(region_id, name) values (1456, 'Dubrava');
insert into city(region_id, name) values (1456, 'Topolje');
insert into city(region_id, name) values (1456, 'Vrbovec');
insert into city(region_id, name) values (1456, 'Zadar');
insert into city(region_id, name) values (1456, 'Zara');
insert into city(region_id, name) values (1467, 'Jesenk');
insert into city(region_id, name) values (1467, 'Olomouc');
insert into city(region_id, name) values (1467, 'Prerov');
insert into city(region_id, name) values (1467, 'Prostejov');
insert into city(region_id, name) values (1467, 'Sumperk');
insert into city(region_id, name) values (1481, 'Aguas Buenas');
insert into city(region_id, name) values (1481, 'Ancud');
insert into city(region_id, name) values (1481, 'Antillanca');
insert into city(region_id, name) values (1481, 'California');
insert into city(region_id, name) values (1481, 'Castro');
insert into city(region_id, name) values (1481, 'Osorno');
insert into city(region_id, name) values (1481, 'Pichil');
insert into city(region_id, name) values (1481, 'Puerto Montt');
insert into city(region_id, name) values (1481, 'Valdivia');
insert into city(region_id, name) values (1493, 'Barberche');
insert into city(region_id, name) values (1493, 'Bulle');
insert into city(region_id, name) values (1493, 'Cheyres');
insert into city(region_id, name) values (1493, 'Fribourg');
insert into city(region_id, name) values (1518, 'lven');
insert into city(region_id, name) values (1518, 'stersund');
insert into city(region_id, name) values (1518, 'Stockholm');
insert into city(region_id, name) values (1539, 'Alvarez');
insert into city(region_id, name) values (1539, 'Machala');
insert into city(region_id, name) values (1551, 'Abya-Paluoya');
insert into city(region_id, name) values (1551, 'Azeri');
insert into city(region_id, name) values (1551, 'Antsla');
insert into city(region_id, name) values (1551, 'Valga');
insert into city(region_id, name) values (1551, 'Vasknarva');
insert into city(region_id, name) values (1551, 'Vilyandi');
insert into city(region_id, name) values (1551, 'Vyru');
insert into city(region_id, name) values (1551, 'Iygeva');
insert into city(region_id, name) values (1551, 'Iyhvi');
insert into city(region_id, name) values (1551, 'Kallaste');
insert into city(region_id, name) values (1551, 'Keila');
insert into city(region_id, name) values (1551, 'Kehra');
insert into city(region_id, name) values (1551, 'Kiviyli');
insert into city(region_id, name) values (1551, 'Kilingi');
insert into city(region_id, name) values (1551, 'Kilingi-Nymme');
insert into city(region_id, name) values (1551, 'Kingisepp');
insert into city(region_id, name) values (1551, 'Kohtla-YArve');
insert into city(region_id, name) values (1551, 'Kunda');
insert into city(region_id, name) values (1551, 'Kuresaare');
insert into city(region_id, name) values (1551, 'Kyardla');
insert into city(region_id, name) values (1551, 'Mustvee');
insert into city(region_id, name) values (1551, 'Myizakyula');
insert into city(region_id, name) values (1551, 'Narva');
insert into city(region_id, name) values (1551, 'Paide');
insert into city(region_id, name) values (1551, 'Paldiski');
insert into city(region_id, name) values (1551, 'Pylva');
insert into city(region_id, name) values (1551, 'Pyltsamaa');
insert into city(region_id, name) values (1551, 'Pyarnu');
insert into city(region_id, name) values (1551, 'Rakvere');
insert into city(region_id, name) values (1551, 'Rapla');
insert into city(region_id, name) values (1551, 'Ryapino');
insert into city(region_id, name) values (1551, 'Sillamyae');
insert into city(region_id, name) values (1551, 'Suure-YAani');
insert into city(region_id, name) values (1551, 'Tallin');
insert into city(region_id, name) values (1551, 'Tapa');
insert into city(region_id, name) values (1551, 'Tartu');
insert into city(region_id, name) values (1551, 'Tyrva');
insert into city(region_id, name) values (1551, 'Haapsalu');
insert into city(region_id, name) values (1551, 'Elva');
insert into region(id, country_id, name) values (1552, 212, 'Efiopiya');
insert into city(region_id, name) values (1301, 'Kutahia');
insert into city(region_id, name) values (1365, 'Aigre');
insert into city(region_id, name) values (1365, 'Angoulme');
insert into city(region_id, name) values (1365, 'Cognac');
insert into city(region_id, name) values (1468, 'Chrudim');
insert into city(region_id, name) values (1468, 'Pardubice');
insert into city(region_id, name) values (1468, 'Pardubitz');
insert into city(region_id, name) values (1468, 'Svitave');
insert into city(region_id, name) values (1468, 'st nad Orlic');
insert into city(region_id, name) values (1482, 'Magallanes');
insert into city(region_id, name) values (1482, 'Punta Arenas');
insert into city(region_id, name) values (1494, 'Bellevue');
insert into city(region_id, name) values (1494, 'Bernex');
insert into city(region_id, name) values (1494, 'Chambsy');
insert into city(region_id, name) values (1494, 'Chancy');
insert into city(region_id, name) values (1494, 'Chne-Bougeries');
insert into city(region_id, name) values (1494, 'Collonge-Bellerive');
insert into city(region_id, name) values (1494, 'Cologny');
insert into city(region_id, name) values (1494, 'Confignon');
insert into city(region_id, name) values (1494, 'Genf');
insert into city(region_id, name) values (1494, 'Hermance');
insert into city(region_id, name) values (1494, 'Jussy');
insert into city(region_id, name) values (1494, 'La Praille');
insert into city(region_id, name) values (1494, 'Le Grand-Saconnex');
insert into city(region_id, name) values (1494, 'Meyrin');
insert into city(region_id, name) values (1494, 'Onex');
insert into city(region_id, name) values (1494, 'Plan-les-Ouates');
insert into city(region_id, name) values (1494, 'Russin');
insert into city(region_id, name) values (1494, 'Vernier');
insert into city(region_id, name) values (1494, 'Versoix');
insert into city(region_id, name) values (1494, 'Vsenaz');
insert into city(region_id, name) values (1519, 'Bodafors');
insert into city(region_id, name) values (1519, 'Eksj');
insert into city(region_id, name) values (1519, 'Gislaved');
insert into city(region_id, name) values (1519, 'Huskvarna');
insert into city(region_id, name) values (1519, 'Jnkping');
insert into city(region_id, name) values (1519, 'Nssj');
insert into city(region_id, name) values (1519, 'Trans');
insert into city(region_id, name) values (1519, 'Vrnamo');
insert into city(region_id, name) values (1519, 'Vetlanda');
insert into city(region_id, name) values (1540, 'Puerto Ayora');
insert into city(region_id, name) values (1552, 'Addis-Abeba');
insert into city(region_id, name) values (1552, 'Gonder');
insert into city(region_id, name) values (1552, 'Desse');
insert into region(id, country_id, name) values (1553, 213, 'Iohanesburg');
insert into city(region_id, name) values (1302, 'Malatia');
insert into city(region_id, name) values (1366, 'Beaugeay');
insert into city(region_id, name) values (1366, 'Benon');
insert into city(region_id, name) values (1366, 'La Rochelle');
insert into city(region_id, name) values (1366, 'Nantill');
insert into city(region_id, name) values (1366, 'Royan');
insert into city(region_id, name) values (1366, 'Saint-Georges-de-Didonne');
insert into city(region_id, name) values (1469, 'Domazlice');
insert into city(region_id, name) values (1469, 'Klatovy');
insert into city(region_id, name) values (1469, 'Pilsen');
insert into city(region_id, name) values (1469, 'Plzen');
insert into city(region_id, name) values (1469, 'Rokycan');
insert into city(region_id, name) values (1469, 'Rokycany');
insert into city(region_id, name) values (1469, 'Tachov');
insert into city(region_id, name) values (1483, 'Baos de Panimvida');
insert into city(region_id, name) values (1483, 'Caliboro');
insert into city(region_id, name) values (1483, 'Talca');
insert into city(region_id, name) values (1495, 'Filzbach');
insert into city(region_id, name) values (1495, 'Matt');
insert into city(region_id, name) values (1495, 'Mollis');
insert into city(region_id, name) values (1520, 'Aboda');
insert into city(region_id, name) values (1520, 'Borsna');
insert into city(region_id, name) values (1520, 'Degerhamn');
insert into city(region_id, name) values (1520, 'Hgsby');
insert into city(region_id, name) values (1520, 'Hultsfred');
insert into city(region_id, name) values (1520, 'Kalmar');
insert into city(region_id, name) values (1520, 'Malm');
insert into city(region_id, name) values (1520, 'Mrlunda');
insert into city(region_id, name) values (1520, 'Oskarshamn');
insert into city(region_id, name) values (1520, 'Vstervik');
insert into city(region_id, name) values (1520, 'Vimmerby');
insert into city(region_id, name) values (1541, 'Alfredo Baquerizo Moreno');
insert into city(region_id, name) values (1541, 'Bella Vista');
insert into city(region_id, name) values (1541, 'Durn');
insert into city(region_id, name) values (1541, 'Guayaquil');
insert into city(region_id, name) values (1541, 'Salinas');
insert into city(region_id, name) values (1553, 'Iohanesburg');
insert into region(id, country_id, name) values (1554, 214, 'Cheju');
insert into region(id, country_id, name) values (1555, 214, 'Chollabuk');
insert into region(id, country_id, name) values (1556, 214, 'Chollanam');
insert into region(id, country_id, name) values (1557, 214, 'Chungcheongbuk');
insert into region(id, country_id, name) values (1558, 214, 'Chungcheongnam');
insert into region(id, country_id, name) values (1559, 214, 'Incheon');
insert into region(id, country_id, name) values (1560, 214, 'Kangweon');
insert into region(id, country_id, name) values (1561, 214, 'Kwangju');
insert into region(id, country_id, name) values (1562, 214, 'Kyeonggi');
insert into region(id, country_id, name) values (1563, 214, 'Kyeongsangbuk');
insert into region(id, country_id, name) values (1564, 214, 'Kyeongsangnam');
insert into region(id, country_id, name) values (1565, 214, 'Pusan');
insert into region(id, country_id, name) values (1566, 214, 'Seoul');
insert into region(id, country_id, name) values (1567, 214, 'Taegu');
insert into region(id, country_id, name) values (1568, 214, 'Taejeon');
insert into region(id, country_id, name) values (1569, 214, 'Ulsan');
insert into region(id, country_id, name) values (1570, 214, 'YUjnaya Koreya');
insert into city(region_id, name) values (1303, 'Manisa');
insert into city(region_id, name) values (1367, 'Annoix');
insert into city(region_id, name) values (1367, 'Azy');
insert into city(region_id, name) values (1367, 'Bourges');
insert into city(region_id, name) values (1367, 'Cerbois');
insert into city(region_id, name) values (1367, 'Chry');
insert into city(region_id, name) values (1367, 'Culan');
insert into city(region_id, name) values (1367, 'Uzay-le-Venon');
insert into city(region_id, name) values (1367, 'Vierzon');
insert into city(region_id, name) values (1470, 'Benesov');
insert into city(region_id, name) values (1470, 'Beroun');
insert into city(region_id, name) values (1470, 'Kladno');
insert into city(region_id, name) values (1470, 'Koln');
insert into city(region_id, name) values (1470, 'Kutn Hora');
insert into city(region_id, name) values (1470, 'Melnik');
insert into city(region_id, name) values (1470, 'Mlad Boleslav');
insert into city(region_id, name) values (1470, 'Nimburg');
insert into city(region_id, name) values (1470, 'Nymburk');
insert into city(region_id, name) values (1470, 'Pribram');
insert into city(region_id, name) values (1470, 'Rakovnk');
insert into city(region_id, name) values (1484, 'CiudadSantiago');
insert into city(region_id, name) values (1484, 'La Florida');
insert into city(region_id, name) values (1484, 'La Granja');
insert into city(region_id, name) values (1484, 'La Reina');
insert into city(region_id, name) values (1484, 'Lampa');
insert into city(region_id, name) values (1484, 'Maip');
insert into city(region_id, name) values (1484, 'uoa');
insert into city(region_id, name) values (1484, 'Pealoln');
insert into city(region_id, name) values (1484, 'Puente Alto');
insert into city(region_id, name) values (1484, 'Quilicura');
insert into city(region_id, name) values (1484, 'San Bernardo');
insert into city(region_id, name) values (1484, 'San Joaqun');
insert into city(region_id, name) values (1484, 'Santiago');
insert into city(region_id, name) values (1496, 'Ardez');
insert into city(region_id, name) values (1496, 'Bivio');
insert into city(region_id, name) values (1496, 'Chur');
insert into city(region_id, name) values (1496, 'Davos Platz');
insert into city(region_id, name) values (1496, 'Klosters');
insert into city(region_id, name) values (1496, 'Pontresina');
insert into city(region_id, name) values (1496, 'Poschiavo');
insert into city(region_id, name) values (1496, 'Samedan');
insert into city(region_id, name) values (1496, 'Sils im Domleschg');
insert into city(region_id, name) values (1496, 'Silvaplana');
insert into city(region_id, name) values (1521, 'latorp');
insert into city(region_id, name) values (1521, 'lmehult');
insert into city(region_id, name) values (1521, 'Ljungby');
insert into city(region_id, name) values (1521, 'Markaryd');
insert into city(region_id, name) values (1521, 'Vxj');
insert into city(region_id, name) values (1521, 'Vexi');
insert into city(region_id, name) values (1542, 'Ibarra');
insert into city(region_id, name) values (1554, 'CHeyu');
insert into region(id, country_id, name) values (1571, 215, 'YUjnaya Osetiya');
insert into city(region_id, name) values (1304, 'Adapazari');
insert into city(region_id, name) values (1368, 'Brive-la-Gaillarde');
insert into city(region_id, name) values (1368, 'Corrze');
insert into city(region_id, name) values (1471, 'Aussig');
insert into city(region_id, name) values (1471, 'Chomutov');
insert into city(region_id, name) values (1471, 'Decin');
insert into city(region_id, name) values (1471, 'Litomerice');
insert into city(region_id, name) values (1471, 'Louny');
insert into city(region_id, name) values (1471, 'Most');
insert into city(region_id, name) values (1471, 'Teplice');
insert into city(region_id, name) values (1471, 'Teplice-Sanov');
insert into city(region_id, name) values (1471, 'st');
insert into city(region_id, name) values (1471, 'st nad Labem');
insert into city(region_id, name) values (1485, 'Alto del Molino');
insert into city(region_id, name) values (1485, 'Arica');
insert into city(region_id, name) values (1485, 'Iquique');
insert into city(region_id, name) values (1497, 'Alle');
insert into city(region_id, name) values (1497, 'Delmont');
insert into city(region_id, name) values (1497, 'La Chaux-des-Breuleux');
insert into city(region_id, name) values (1522, 'Brmsebro');
insert into city(region_id, name) values (1522, 'Linds');
insert into city(region_id, name) values (1522, 'Lindshammar');
insert into city(region_id, name) values (1522, 'Sylarna');
insert into city(region_id, name) values (1543, 'Loja');
insert into city(region_id, name) values (1555, 'Kunsan');
insert into city(region_id, name) values (1555, 'Namvon');
insert into city(region_id, name) values (1571, 'Djava');
insert into city(region_id, name) values (1571, 'Chinvali');
insert into region(id, country_id, name) values (1572, 216, 'YAmaika');
insert into city(region_id, name) values (1305, 'Samsun');
insert into city(region_id, name) values (1369, 'Ajaccio');
insert into city(region_id, name) values (1369, 'Bastelica');
insert into city(region_id, name) values (1369, 'Bastia');
insert into city(region_id, name) values (1369, 'Calvi');
insert into city(region_id, name) values (1369, 'L''''le-Rousse');
insert into city(region_id, name) values (1369, 'Porto');
insert into city(region_id, name) values (1369, 'Propriano');
insert into city(region_id, name) values (1472, 'Deutsch Brod');
insert into city(region_id, name) values (1472, 'Havlickuv Brod');
insert into city(region_id, name) values (1472, 'Jihlava');
insert into city(region_id, name) values (1472, 'Pelhrimov');
insert into city(region_id, name) values (1472, 'Pilgram');
insert into city(region_id, name) values (1472, 'Trebic');
insert into city(region_id, name) values (1472, 'Zdar');
insert into city(region_id, name) values (1472, 'Zdar nad Sazavou');
insert into city(region_id, name) values (1486, 'Calera');
insert into city(region_id, name) values (1486, 'Peablanca');
insert into city(region_id, name) values (1486, 'Placilla de Peuelas');
insert into city(region_id, name) values (1486, 'Putaendo');
insert into city(region_id, name) values (1486, 'Quilpu');
insert into city(region_id, name) values (1486, 'San Antonio');
insert into city(region_id, name) values (1486, 'Valparaso');
insert into city(region_id, name) values (1486, 'Via del Mar');
insert into city(region_id, name) values (1498, 'Ballwil');
insert into city(region_id, name) values (1498, 'Dagmersellen');
insert into city(region_id, name) values (1498, 'Doppleschwand');
insert into city(region_id, name) values (1498, 'Ebikon');
insert into city(region_id, name) values (1498, 'Eich');
insert into city(region_id, name) values (1498, 'Emmen');
insert into city(region_id, name) values (1498, 'Gelfingen');
insert into city(region_id, name) values (1498, 'Kriens');
insert into city(region_id, name) values (1498, 'Luthern');
insert into city(region_id, name) values (1498, 'Luzern');
insert into city(region_id, name) values (1498, 'Nottwil');
insert into city(region_id, name) values (1498, 'Sursee');
insert into city(region_id, name) values (1523, 'lvsbyn');
insert into city(region_id, name) values (1523, 'Boden');
insert into city(region_id, name) values (1523, 'Bodn');
insert into city(region_id, name) values (1523, 'Gllivare');
insert into city(region_id, name) values (1523, 'Haaparanta');
insert into city(region_id, name) values (1523, 'Haparanda');
insert into city(region_id, name) values (1523, 'Kalix');
insert into city(region_id, name) values (1523, 'Kallax');
insert into city(region_id, name) values (1523, 'Kiruna');
insert into city(region_id, name) values (1523, 'Lappea');
insert into city(region_id, name) values (1523, 'Lule');
insert into city(region_id, name) values (1523, 'Malmberget');
insert into city(region_id, name) values (1523, 'Persn');
insert into city(region_id, name) values (1523, 'Pite');
insert into city(region_id, name) values (1523, 'Uumaa');
insert into city(region_id, name) values (1544, 'Manta');
insert into city(region_id, name) values (1544, 'Montecristi');
insert into city(region_id, name) values (1544, 'Portoviejo');
insert into city(region_id, name) values (1544, 'Rocafuerte');
insert into city(region_id, name) values (1556, 'Iosu');
insert into city(region_id, name) values (1556, 'Mokp''''o');
insert into city(region_id, name) values (1556, 'CHechon');
insert into region(id, country_id, name) values (1573, 217, 'Aiti');
insert into region(id, country_id, name) values (1574, 217, 'Aomori');
insert into region(id, country_id, name) values (1575, 217, 'Vakayama');
insert into region(id, country_id, name) values (1576, 217, 'Gumma');
insert into region(id, country_id, name) values (1577, 217, 'Ibaraki');
insert into region(id, country_id, name) values (1578, 217, 'Ivate');
insert into region(id, country_id, name) values (1579, 217, 'Isikava');
insert into region(id, country_id, name) values (1580, 217, 'Kagosima');
insert into region(id, country_id, name) values (1581, 217, 'Kanagava');
insert into region(id, country_id, name) values (1582, 217, 'Kioto');
insert into region(id, country_id, name) values (1583, 217, 'Koti');
insert into region(id, country_id, name) values (1584, 217, 'Miyagi');
insert into region(id, country_id, name) values (1585, 217, 'Miyadzaki');
insert into region(id, country_id, name) values (1586, 217, 'Nagano');
insert into region(id, country_id, name) values (1587, 217, 'Nagasaki');
insert into region(id, country_id, name) values (1588, 217, 'Nara');
insert into region(id, country_id, name) values (1589, 217, 'Niigata');
insert into region(id, country_id, name) values (1590, 217, 'Okayama');
insert into region(id, country_id, name) values (1591, 217, 'Okinava');
insert into region(id, country_id, name) values (1592, 217, 'Osaka');
insert into region(id, country_id, name) values (1593, 217, 'Saga');
insert into region(id, country_id, name) values (1594, 217, 'Saitama');
insert into region(id, country_id, name) values (1595, 217, 'Siga');
insert into region(id, country_id, name) values (1596, 217, 'Sidzuoka');
insert into region(id, country_id, name) values (1597, 217, 'Tiba');
insert into region(id, country_id, name) values (1598, 217, 'Tokio');
insert into region(id, country_id, name) values (1599, 217, 'Tokusima');
insert into region(id, country_id, name) values (1600, 217, 'Totigi');
insert into region(id, country_id, name) values (1601, 217, 'Toyama');
insert into region(id, country_id, name) values (1602, 217, 'Fukui');
insert into region(id, country_id, name) values (1603, 217, 'Fukuoka');
insert into region(id, country_id, name) values (1604, 217, 'Fukusima');
insert into region(id, country_id, name) values (1605, 217, 'Hirosima');
insert into region(id, country_id, name) values (1606, 217, 'Hokkaido');
insert into region(id, country_id, name) values (1607, 217, 'Hpogo');
insert into region(id, country_id, name) values (1608, 217, 'Ehime');
insert into region(id, country_id, name) values (1609, 217, 'YAmaguti');
insert into region(id, country_id, name) values (1610, 217, 'YAmanasi');
insert into city(region_id, name) values (1306, 'Sivas');
insert into city(region_id, name) values (1370, 'Ahuy');
insert into city(region_id, name) values (1370, 'Chtillon-sur-Seine');
insert into city(region_id, name) values (1370, 'Chenve');
insert into city(region_id, name) values (1370, 'Dijon');
insert into city(region_id, name) values (1370, 'Nicey');
insert into city(region_id, name) values (1370, 'Spoy');
insert into city(region_id, name) values (1370, 'Touillon');
insert into city(region_id, name) values (1473, 'Gottwaldov');
insert into city(region_id, name) values (1473, 'Kromeriz');
insert into city(region_id, name) values (1473, 'Uherske Hradiste');
insert into city(region_id, name) values (1473, 'Vsetn');
insert into city(region_id, name) values (1473, 'Wszetyn');
insert into city(region_id, name) values (1473, 'Zln');
insert into city(region_id, name) values (1499, 'La Chaux-de-Fonds');
insert into city(region_id, name) values (1499, 'Le Landeron');
insert into city(region_id, name) values (1499, 'Marin-Epagnier');
insert into city(region_id, name) values (1499, 'Neuchtel');
insert into city(region_id, name) values (1524, 'Backa');
insert into city(region_id, name) values (1524, 'Hallsberg');
insert into city(region_id, name) values (1524, 'Kariskoga');
insert into city(region_id, name) values (1524, 'Karlskoga');
insert into city(region_id, name) values (1524, 'Lindesberg');
insert into city(region_id, name) values (1524, 'Lund');
insert into city(region_id, name) values (1524, 'na');
insert into city(region_id, name) values (1524, 'rebro');
insert into city(region_id, name) values (1524, 'Stlldalen');
insert into city(region_id, name) values (1545, 'C.J. Arosemena Tola');
insert into city(region_id, name) values (1557, 'CHongju');
insert into city(region_id, name) values (1557, 'CHungju');
insert into city(region_id, name) values (1573, 'Ichinomiya');
insert into city(region_id, name) values (1573, 'Kasugai');
insert into city(region_id, name) values (1573, 'Nagoia');
insert into city(region_id, name) values (1573, 'Okazaki');
insert into city(region_id, name) values (1573, 'Toiota');
insert into city(region_id, name) values (1573, 'Toiohashi');
insert into city(region_id, name) values (1307, 'Stambul');
insert into city(region_id, name) values (1371, 'Andel');
insert into city(region_id, name) values (1371, 'Chtelaudren');
insert into city(region_id, name) values (1371, 'Guingamp');
insert into city(region_id, name) values (1371, 'Loscout-sur-Meu');
insert into city(region_id, name) values (1371, 'Plrin');
insert into city(region_id, name) values (1371, 'Saint-Brieuc');
insert into city(region_id, name) values (1371, 'Saint-Jacut-de-la-Mer');
insert into city(region_id, name) values (1500, 'Beckenried');
insert into city(region_id, name) values (1500, 'Kehrsiten');
insert into city(region_id, name) values (1500, 'Stans');
insert into city(region_id, name) values (1525, 'Finspng');
insert into city(region_id, name) values (1525, 'Linkping');
insert into city(region_id, name) values (1525, 'Mjlby');
insert into city(region_id, name) values (1525, 'Motala');
insert into city(region_id, name) values (1525, 'Norrkping');
insert into city(region_id, name) values (1525, 'Skrblacka');
insert into city(region_id, name) values (1525, 'Vadstena');
insert into city(region_id, name) values (1546, 'Amazonas');
insert into city(region_id, name) values (1558, 'Asan');
insert into city(region_id, name) values (1558, 'CH''''onan');
insert into city(region_id, name) values (1574, 'Aomori');
insert into city(region_id, name) values (1574, 'Goshogavara');
insert into city(region_id, name) values (1574, 'Hachinohe');
insert into city(region_id, name) values (1574, 'Hirosaki');
insert into city(region_id, name) values (1308, 'Korum');
insert into city(region_id, name) values (1372, 'Ars');
insert into city(region_id, name) values (1372, 'Guret');
insert into city(region_id, name) values (1501, 'Grafenort');
insert into city(region_id, name) values (1526, 'hus');
insert into city(region_id, name) values (1526, 'karp');
insert into city(region_id, name) values (1526, 'Alstad');
insert into city(region_id, name) values (1526, 'ngelholm');
insert into city(region_id, name) values (1526, 'Arlv');
insert into city(region_id, name) values (1526, 'storp');
insert into city(region_id, name) values (1526, 'Bjrnholm');
insert into city(region_id, name) values (1526, 'Bromma');
insert into city(region_id, name) values (1526, 'Eslv');
insert into city(region_id, name) values (1526, 'Flenninge');
insert into city(region_id, name) values (1526, 'Hlsingborg');
insert into city(region_id, name) values (1526, 'Hssleholm');
insert into city(region_id, name) values (1526, 'Helsingborg');
insert into city(region_id, name) values (1526, 'Kristianstad');
insert into city(region_id, name) values (1526, 'Landskrona');
insert into city(region_id, name) values (1526, 'Lund');
insert into city(region_id, name) values (1526, 'Malm');
insert into city(region_id, name) values (1526, 'Osby');
insert into city(region_id, name) values (1526, 'Simrishamn');
insert into city(region_id, name) values (1526, 'Stockholm');
insert into city(region_id, name) values (1526, 'Viken');
insert into city(region_id, name) values (1526, 'Yxenhult');
insert into city(region_id, name) values (1547, 'Arcadia');
insert into city(region_id, name) values (1547, 'Machachi');
insert into city(region_id, name) values (1547, 'Quinche');
insert into city(region_id, name) values (1547, 'Quito');
insert into city(region_id, name) values (1547, 'Santo Domingo de los Colorados');
insert into city(region_id, name) values (1559, 'Inchhon');
insert into city(region_id, name) values (1575, 'Vakeiama');
insert into city(region_id, name) values (1575, 'SHingu');
insert into city(region_id, name) values (1309, 'Edirn');
insert into city(region_id, name) values (1373, 'Bressuire');
insert into city(region_id, name) values (1373, 'Chrign');
insert into city(region_id, name) values (1373, 'Niort');
insert into city(region_id, name) values (1502, 'Bad Ragaz');
insert into city(region_id, name) values (1502, 'Flawil');
insert into city(region_id, name) values (1502, 'Flums');
insert into city(region_id, name) values (1502, 'Gams');
insert into city(region_id, name) values (1502, 'Goldach');
insert into city(region_id, name) values (1502, 'Gommiswald');
insert into city(region_id, name) values (1502, 'Heerbrugg');
insert into city(region_id, name) values (1502, 'Jona');
insert into city(region_id, name) values (1502, 'Lichtensteig');
insert into city(region_id, name) values (1502, 'Niederuzwil');
insert into city(region_id, name) values (1502, 'Rheineck');
insert into city(region_id, name) values (1502, 'Rorschacherberg');
insert into city(region_id, name) values (1502, 'Sargans');
insert into city(region_id, name) values (1502, 'Uzwil');
insert into city(region_id, name) values (1502, 'Wittenbach');
insert into city(region_id, name) values (1527, 'rsta');
insert into city(region_id, name) values (1527, 'Eskilstuna');
insert into city(region_id, name) values (1527, 'Flen');
insert into city(region_id, name) values (1527, 'Lundby');
insert into city(region_id, name) values (1527, 'Nykping');
insert into city(region_id, name) values (1527, 'Rosenlund');
insert into city(region_id, name) values (1527, 'Strngns');
insert into city(region_id, name) values (1527, 'Trosa');
insert into city(region_id, name) values (1527, 'Vingker');
insert into city(region_id, name) values (1548, 'Baos');
insert into city(region_id, name) values (1548, 'Benigno Vela');
insert into city(region_id, name) values (1548, 'Bentez');
insert into city(region_id, name) values (1560, 'Vonju');
insert into city(region_id, name) values (1560, 'Kangnung');
insert into city(region_id, name) values (1560, 'Tondychon');
insert into city(region_id, name) values (1560, 'CHunchon');
insert into city(region_id, name) values (1576, 'Kiriu');
insert into city(region_id, name) values (1576, 'Maebashi');
insert into city(region_id, name) values (1576, 'Ota');
insert into city(region_id, name) values (1576, 'Takasaki');
insert into city(region_id, name) values (1310, 'Elazig');
insert into city(region_id, name) values (1374, 'Besse');
insert into city(region_id, name) values (1374, 'Cercles');
insert into city(region_id, name) values (1374, 'Le Bugue');
insert into city(region_id, name) values (1374, 'Monbazillac');
insert into city(region_id, name) values (1374, 'Pazayac');
insert into city(region_id, name) values (1374, 'Prigueux');
insert into city(region_id, name) values (1374, 'Sarlat-la-Canda');
insert into city(region_id, name) values (1503, 'Beringen');
insert into city(region_id, name) values (1503, 'Schaffhausen');
insert into city(region_id, name) values (1528, 'Abborkroken');
insert into city(region_id, name) values (1528, 'by');
insert into city(region_id, name) values (1528, 'dala');
insert into city(region_id, name) values (1528, 'kersberg');
insert into city(region_id, name) values (1528, 'kersberga');
insert into city(region_id, name) values (1528, 'keshov');
insert into city(region_id, name) values (1528, 'Albano');
insert into city(region_id, name) values (1528, 'Alby');
insert into city(region_id, name) values (1528, 'lmora');
insert into city(region_id, name) values (1528, 'Almvik');
insert into city(region_id, name) values (1528, 'lsten');
insert into city(region_id, name) values (1528, 'Alvik');
insert into city(region_id, name) values (1528, 'lvsj');
insert into city(region_id, name) values (1528, 'rsta');
insert into city(region_id, name) values (1528, 'Aspudden');
insert into city(region_id, name) values (1528, 'Backa');
insert into city(region_id, name) values (1528, 'Barkaby');
insert into city(region_id, name) values (1528, 'Botkyrka');
insert into city(region_id, name) values (1528, 'Bro');
insert into city(region_id, name) values (1528, 'Bromma');
insert into city(region_id, name) values (1528, 'Dalar');
insert into city(region_id, name) values (1528, 'Danderyd');
insert into city(region_id, name) values (1528, 'Drottningholm');
insert into city(region_id, name) values (1528, 'Eriksund');
insert into city(region_id, name) values (1528, 'Fagersj');
insert into city(region_id, name) values (1528, 'Farsta');
insert into city(region_id, name) values (1528, 'Fiskstra');
insert into city(region_id, name) values (1528, 'Fittja');
insert into city(region_id, name) values (1528, 'Fridhem');
insert into city(region_id, name) values (1528, 'Gamla Stan');
insert into city(region_id, name) values (1528, 'Grundvik');
insert into city(region_id, name) values (1528, 'Handen');
insert into city(region_id, name) values (1528, 'Harg');
insert into city(region_id, name) values (1528, 'Hsselby');
insert into city(region_id, name) values (1528, 'Huddinge');
insert into city(region_id, name) values (1528, 'Husby');
insert into city(region_id, name) values (1528, 'Islinge');
insert into city(region_id, name) values (1528, 'Jakobsberg');
insert into city(region_id, name) values (1528, 'Karlsvik');
insert into city(region_id, name) values (1528, 'Kista');
insert into city(region_id, name) values (1528, 'Kristineberg');
insert into city(region_id, name) values (1528, 'Labben');
insert into city(region_id, name) values (1528, 'Liding');
insert into city(region_id, name) values (1528, 'Marsta');
insert into city(region_id, name) values (1528, 'Mrsta');
insert into city(region_id, name) values (1528, 'Nacka');
insert into city(region_id, name) values (1528, 'Norrtelje');
insert into city(region_id, name) values (1528, 'Norsborg');
insert into city(region_id, name) values (1528, 'Nynshamm');
insert into city(region_id, name) values (1528, 'Nynshamn');
insert into city(region_id, name) values (1528, 'Orninge');
insert into city(region_id, name) values (1528, 'stermalm');
insert into city(region_id, name) values (1528, 'Rickeby');
insert into city(region_id, name) values (1528, 'Rinkeby');
insert into city(region_id, name) values (1528, 'Saln');
insert into city(region_id, name) values (1528, 'Saltsjbaden');
insert into city(region_id, name) values (1528, 'Sigtuna');
insert into city(region_id, name) values (1528, 'Skrholmen');
insert into city(region_id, name) values (1528, 'Sdermalm');
insert into city(region_id, name) values (1528, 'Sdertlje');
insert into city(region_id, name) values (1528, 'Sollentuna');
insert into city(region_id, name) values (1528, 'Solna');
insert into city(region_id, name) values (1528, 'Sol');
insert into city(region_id, name) values (1528, 'Sotinge');
insert into city(region_id, name) values (1528, 'Spnga');
insert into city(region_id, name) values (1528, 'Stockholm');
insert into city(region_id, name) values (1528, 'Stocksund');
insert into city(region_id, name) values (1528, 'Storholmen');
insert into city(region_id, name) values (1528, 'Sundbyberg');
insert into city(region_id, name) values (1528, 'Sundyberg');
insert into city(region_id, name) values (1528, 'Svarts');
insert into city(region_id, name) values (1528, 'Svedmyra');
insert into city(region_id, name) values (1528, 'Tby');
insert into city(region_id, name) values (1528, 'Tumba');
insert into city(region_id, name) values (1528, 'Uplands Vsby');
insert into city(region_id, name) values (1528, 'Upplands-Vsby');
insert into city(region_id, name) values (1528, 'Uppsala');
insert into city(region_id, name) values (1528, 'Vllingby');
insert into city(region_id, name) values (1528, 'Vrby');
insert into city(region_id, name) values (1528, 'Vista');
insert into city(region_id, name) values (1528, 'Vitsand');
insert into city(region_id, name) values (1561, 'Kvanchju');
insert into city(region_id, name) values (1577, 'Ibaraki');
insert into city(region_id, name) values (1577, 'Mito');
insert into city(region_id, name) values (1577, 'Hitachi');
insert into city(region_id, name) values (1577, 'Cuschiura');
insert into city(region_id, name) values (1311, 'Erzinkan');
insert into city(region_id, name) values (1375, 'Alaise');
insert into city(region_id, name) values (1375, 'Besanon');
insert into city(region_id, name) values (1375, 'Doubs');
insert into city(region_id, name) values (1375, 'Montbliard');
insert into city(region_id, name) values (1375, 'Sochaux');
insert into city(region_id, name) values (1375, 'Vaux-et-Chantegrue');
insert into city(region_id, name) values (1375, 'Villers-le-Lac');
insert into city(region_id, name) values (1504, 'Altendorf');
insert into city(region_id, name) values (1504, 'Brunnen');
insert into city(region_id, name) values (1504, 'Einsiedeln');
insert into city(region_id, name) values (1504, 'Sattel');
insert into city(region_id, name) values (1504, 'Schindellegi');
insert into city(region_id, name) values (1504, 'Schwyz');
insert into city(region_id, name) values (1529, 'dalen');
insert into city(region_id, name) values (1529, 'Askskr');
insert into city(region_id, name) values (1529, 'Blsta');
insert into city(region_id, name) values (1529, 'Enkping');
insert into city(region_id, name) values (1529, 'Fiskvik');
insert into city(region_id, name) values (1529, 'Malma');
insert into city(region_id, name) values (1529, 'Skutskr');
insert into city(region_id, name) values (1529, 'Tierp');
insert into city(region_id, name) values (1529, 'Uppland');
insert into city(region_id, name) values (1529, 'Uppsala');
insert into city(region_id, name) values (1562, 'Iongju');
insert into city(region_id, name) values (1562, 'Suvon');
insert into city(region_id, name) values (1578, 'Miiako');
insert into city(region_id, name) values (1578, 'Morioka');
insert into city(region_id, name) values (1312, 'Erzurum');
insert into city(region_id, name) values (1376, 'Alixan');
insert into city(region_id, name) values (1376, 'Barbires');
insert into city(region_id, name) values (1376, 'Beauvallon');
insert into city(region_id, name) values (1376, 'Bourg-ls-Valence');
insert into city(region_id, name) values (1376, 'Montlimar');
insert into city(region_id, name) values (1376, 'Pierrelatte');
insert into city(region_id, name) values (1376, 'Romans-sur-Isre');
insert into city(region_id, name) values (1376, 'Tain-l''''Hermitage');
insert into city(region_id, name) values (1376, 'Valence');
insert into city(region_id, name) values (1505, 'Egerkingen');
insert into city(region_id, name) values (1505, 'Gerlafingen');
insert into city(region_id, name) values (1505, 'Grenchen');
insert into city(region_id, name) values (1505, 'Halten');
insert into city(region_id, name) values (1505, 'Obergsgen');
insert into city(region_id, name) values (1505, 'Olten');
insert into city(region_id, name) values (1505, 'Solothurn');
insert into city(region_id, name) values (1530, 'Filipstad');
insert into city(region_id, name) values (1530, 'Grums');
insert into city(region_id, name) values (1530, 'Hammar');
insert into city(region_id, name) values (1530, 'Karlstad');
insert into city(region_id, name) values (1530, 'Kristinehamn');
insert into city(region_id, name) values (1530, 'Lesjfors');
insert into city(region_id, name) values (1530, 'Linds');
insert into city(region_id, name) values (1530, 'Storfors');
insert into city(region_id, name) values (1530, 'Vesters');
insert into city(region_id, name) values (1563, 'Andong');
insert into city(region_id, name) values (1563, 'Kiongdju');
insert into city(region_id, name) values (1563, 'P''''ohang');
insert into city(region_id, name) values (1579, 'Kanazava');
insert into city(region_id, name) values (1313, 'Eskisehir');
insert into city(region_id, name) values (1377, 'Bivres');
insert into city(region_id, name) values (1377, 'vry');
insert into city(region_id, name) values (1506, 'Amriswil');
insert into city(region_id, name) values (1506, 'Arbon');
insert into city(region_id, name) values (1506, 'Egnach');
insert into city(region_id, name) values (1506, 'Frauenfeld');
insert into city(region_id, name) values (1506, 'Kreuzlingen');
insert into city(region_id, name) values (1506, 'Romanshorn');
insert into city(region_id, name) values (1506, 'Schlattingen');
insert into city(region_id, name) values (1506, 'Steckborn');
insert into city(region_id, name) values (1531, 'sele');
insert into city(region_id, name) values (1531, 'Boliden');
insert into city(region_id, name) values (1531, 'Skellefte');
insert into city(region_id, name) values (1531, 'Ume');
insert into city(region_id, name) values (1564, 'Masan');
insert into city(region_id, name) values (1564, 'Miriang');
insert into city(region_id, name) values (1564, 'CHinhe');
insert into city(region_id, name) values (1564, 'CHinyu');
insert into city(region_id, name) values (1580, 'Kanoya');
insert into city(region_id, name) values (1378, 'Acon');
insert into city(region_id, name) values (1378, 'Amfreville-sur-Iton');
insert into city(region_id, name) values (1378, 'Brionne');
insert into city(region_id, name) values (1378, 'vreux');
insert into city(region_id, name) values (1378, 'Vernon');
insert into city(region_id, name) values (1507, 'Agno');
insert into city(region_id, name) values (1507, 'Ascona');
insert into city(region_id, name) values (1507, 'Bellinzona');
insert into city(region_id, name) values (1507, 'Locarno');
insert into city(region_id, name) values (1507, 'Lugano');
insert into city(region_id, name) values (1507, 'Stabio');
insert into city(region_id, name) values (1507, 'Tenero');
insert into city(region_id, name) values (1532, 'Alby');
insert into city(region_id, name) values (1532, 'lfva');
insert into city(region_id, name) values (1532, 'Almsjns');
insert into city(region_id, name) values (1532, 'nge');
insert into city(region_id, name) values (1532, 'Hrnsand');
insert into city(region_id, name) values (1532, 'Husum');
insert into city(region_id, name) values (1532, 'Kramfors');
insert into city(region_id, name) values (1532, 'Lucksta');
insert into city(region_id, name) values (1532, 'rnskldsvik');
insert into city(region_id, name) values (1532, 'Sundsvall');
insert into city(region_id, name) values (1565, 'Pusan');
insert into city(region_id, name) values (1581, 'Zushi');
insert into city(region_id, name) values (1581, 'Iokogama');
insert into city(region_id, name) values (1581, 'Iokosuka');
insert into city(region_id, name) values (1581, 'Kamakura');
insert into city(region_id, name) values (1581, 'Odavara');
insert into city(region_id, name) values (1581, 'Hiratsuka');
insert into city(region_id, name) values (1379, 'Anet');
insert into city(region_id, name) values (1379, 'Brou');
insert into city(region_id, name) values (1379, 'Chartres');
insert into city(region_id, name) values (1508, 'Erstfeld');
insert into city(region_id, name) values (1508, 'Intschi');
insert into city(region_id, name) values (1508, 'Realp');
insert into city(region_id, name) values (1508, 'Rtli');
insert into city(region_id, name) values (1508, 'Sisikon');
insert into city(region_id, name) values (1533, 'Aberga');
insert into city(region_id, name) values (1533, 'Arboga');
insert into city(region_id, name) values (1533, 'vestbo');
insert into city(region_id, name) values (1533, 'Fagersta');
insert into city(region_id, name) values (1533, 'Kping');
insert into city(region_id, name) values (1533, 'Olsta');
insert into city(region_id, name) values (1533, 'Sala');
insert into city(region_id, name) values (1533, 'Vsters');
insert into city(region_id, name) values (1566, 'Seul');
insert into city(region_id, name) values (1582, 'Kioto');
insert into city(region_id, name) values (1582, 'Maizuru');
insert into city(region_id, name) values (1582, 'Fukuchiiama');
insert into city(region_id, name) values (1380, 'Audierne');
insert into city(region_id, name) values (1380, 'Brest');
insert into city(region_id, name) values (1380, 'Huelgoat');
insert into city(region_id, name) values (1380, 'Molan-sur-Mer');
insert into city(region_id, name) values (1380, 'Quimper');
insert into city(region_id, name) values (1509, 'Arolla');
insert into city(region_id, name) values (1509, 'Brig');
insert into city(region_id, name) values (1509, 'Collombey');
insert into city(region_id, name) values (1509, 'Leukerbad');
insert into city(region_id, name) values (1509, 'Monthey');
insert into city(region_id, name) values (1509, 'Sierre');
insert into city(region_id, name) values (1509, 'Sion');
insert into city(region_id, name) values (1534, '');
insert into city(region_id, name) values (1534, 'Bengtsfors');
insert into city(region_id, name) values (1534, 'Bjurdammen');
insert into city(region_id, name) values (1534, 'Bors');
insert into city(region_id, name) values (1534, 'Borrs');
insert into city(region_id, name) values (1534, 'Fly');
insert into city(region_id, name) values (1534, 'Goeteborg');
insert into city(region_id, name) values (1534, 'Gteborg');
insert into city(region_id, name) values (1534, 'Goteburg');
insert into city(region_id, name) values (1534, 'Gtene');
insert into city(region_id, name) values (1534, 'Gothenburg');
insert into city(region_id, name) values (1534, 'Kunglv');
insert into city(region_id, name) values (1534, 'Lidkping');
insert into city(region_id, name) values (1534, 'Malm');
insert into city(region_id, name) values (1534, 'Mariestad');
insert into city(region_id, name) values (1534, 'Mlndal');
insert into city(region_id, name) values (1534, 'Skene');
insert into city(region_id, name) values (1534, 'Skepplanda');
insert into city(region_id, name) values (1534, 'Skvde');
insert into city(region_id, name) values (1534, 'Strmstad');
insert into city(region_id, name) values (1534, 'Svinesund');
insert into city(region_id, name) values (1534, 'Trollhttan');
insert into city(region_id, name) values (1534, 'Uddevalla');
insert into city(region_id, name) values (1534, 'Ulricehamn');
insert into city(region_id, name) values (1534, 'Vnersborg');
insert into city(region_id, name) values (1534, 'Ytterstad');
insert into city(region_id, name) values (1567, 'Tegu');
insert into city(region_id, name) values (1583, 'Kochi');
insert into city(region_id, name) values (1381, 'Als');
insert into city(region_id, name) values (1381, 'Marguerittes');
insert into city(region_id, name) values (1381, 'Nmes');
insert into city(region_id, name) values (1381, 'Poulx');
insert into city(region_id, name) values (1510, 'Ballaigues');
insert into city(region_id, name) values (1510, 'Belmont-sur-Lausanne');
insert into city(region_id, name) values (1510, 'Chexbres');
insert into city(region_id, name) values (1510, 'Epalinges');
insert into city(region_id, name) values (1510, 'Gryon');
insert into city(region_id, name) values (1510, 'Lausanne');
insert into city(region_id, name) values (1510, 'Leysin');
insert into city(region_id, name) values (1510, 'Montreux');
insert into city(region_id, name) values (1510, 'Nyon');
insert into city(region_id, name) values (1510, 'Rolle');
insert into city(region_id, name) values (1510, 'Vevey');
insert into city(region_id, name) values (1510, 'Yens');
insert into city(region_id, name) values (1510, 'Yverdon');
insert into city(region_id, name) values (1568, 'Tedjon');
insert into city(region_id, name) values (1584, 'Ishinomaki');
insert into city(region_id, name) values (1584, 'Matsushima');
insert into city(region_id, name) values (1584, 'Sendai');
insert into city(region_id, name) values (1584, 'Furukava');
insert into city(region_id, name) values (1382, 'Auch');
insert into city(region_id, name) values (1382, 'Gaujan');
insert into city(region_id, name) values (1382, 'Sainte-Christie-d''''Armagnac');
insert into city(region_id, name) values (1511, 'Baar');
insert into city(region_id, name) values (1511, 'Cham');
insert into city(region_id, name) values (1511, 'Rotkreuz');
insert into city(region_id, name) values (1511, 'Zug');
insert into city(region_id, name) values (1569, 'Ulsan');
insert into city(region_id, name) values (1585, 'Miiazaki');
insert into city(region_id, name) values (1585, 'Miiakonoio');
insert into city(region_id, name) values (1383, 'Andernos-les-Bains');
insert into city(region_id, name) values (1383, 'Arcachon');
insert into city(region_id, name) values (1383, 'Aubiac');
insert into city(region_id, name) values (1383, 'Blanquefort');
insert into city(region_id, name) values (1383, 'Bordeaux');
insert into city(region_id, name) values (1383, 'Cadillac');
insert into city(region_id, name) values (1383, 'Carbon-Blanc');
insert into city(region_id, name) values (1383, 'Langon');
insert into city(region_id, name) values (1512, 'Adliswil');
insert into city(region_id, name) values (1512, 'Affoltern am Albis');
insert into city(region_id, name) values (1512, 'Bassersdorf');
insert into city(region_id, name) values (1512, 'Bauma');
insert into city(region_id, name) values (1512, 'Brtten');
insert into city(region_id, name) values (1512, 'Blach');
insert into city(region_id, name) values (1512, 'Dielsdorf');
insert into city(region_id, name) values (1512, 'Dietikon');
insert into city(region_id, name) values (1512, 'Dietlikon');
insert into city(region_id, name) values (1512, 'Dbendorf');
insert into city(region_id, name) values (1512, 'Feldbach');
insert into city(region_id, name) values (1512, 'Hombrechtikon');
insert into city(region_id, name) values (1512, 'Horgen');
insert into city(region_id, name) values (1512, 'Kloten');
insert into city(region_id, name) values (1512, 'Lindau');
insert into city(region_id, name) values (1512, 'Mnnedorf');
insert into city(region_id, name) values (1512, 'Stfa');
insert into city(region_id, name) values (1512, 'Thalwil');
insert into city(region_id, name) values (1512, 'Uetliberg');
insert into city(region_id, name) values (1512, 'Wdenswil');
insert into city(region_id, name) values (1512, 'Winterthur');
insert into city(region_id, name) values (1512, 'Zumikon');
insert into city(region_id, name) values (1512, 'Zrich');
insert into city(region_id, name) values (1570, 'Kimpo');
insert into city(region_id, name) values (1586, 'Matsumoto');
insert into city(region_id, name) values (1586, 'Nagano');
insert into city(region_id, name) values (1586, 'Saku');
insert into city(region_id, name) values (1384, 'Bollwiller');
insert into city(region_id, name) values (1384, 'Colmar');
insert into city(region_id, name) values (1384, 'Illzach');
insert into city(region_id, name) values (1384, 'Mulhouse');
insert into city(region_id, name) values (1384, 'Riedisheim');
insert into city(region_id, name) values (1384, 'Saint-Amarin');
insert into city(region_id, name) values (1384, 'Saint-Louis');
insert into city(region_id, name) values (1384, 'Thann');
insert into city(region_id, name) values (1587, 'Isahaya');
insert into city(region_id, name) values (1587, 'Nagasaki');
insert into city(region_id, name) values (1587, 'Sasebo');
insert into city(region_id, name) values (1385, 'Arbas');
insert into city(region_id, name) values (1385, 'Colomiers');
insert into city(region_id, name) values (1385, 'Lavalette');
insert into city(region_id, name) values (1385, 'Lourde');
insert into city(region_id, name) values (1385, 'Menville');
insert into city(region_id, name) values (1385, 'Muret');
insert into city(region_id, name) values (1385, 'Toulouse');
insert into city(region_id, name) values (1588, 'Nara');
insert into city(region_id, name) values (1386, 'Beaux');
insert into city(region_id, name) values (1386, 'Langeac');
insert into city(region_id, name) values (1386, 'Le Puy-en-Velay');
insert into city(region_id, name) values (1386, 'Sainte-Florine');
insert into city(region_id, name) values (1589, 'Nagaoka');
insert into city(region_id, name) values (1589, 'Niigata');
insert into city(region_id, name) values (1589, 'Cubame');
insert into city(region_id, name) values (1589, 'SHibata');
insert into city(region_id, name) values (1590, 'Okeiama');
insert into city(region_id, name) values (1388, 'Amage');
insert into city(region_id, name) values (1591, 'Ishigaki');
insert into city(region_id, name) values (1591, 'Naha');
insert into city(region_id, name) values (1389, 'Annecy');
insert into city(region_id, name) values (1389, 'Annemasse');
insert into city(region_id, name) values (1389, 'Chamonix-Mont-Blanc');
insert into city(region_id, name) values (1389, 'Cluses');
insert into city(region_id, name) values (1389, 'Douvaine');
insert into city(region_id, name) values (1389, 'vian-les-Bains');
insert into city(region_id, name) values (1389, 'Saint-Julien-en-Genevois');
insert into city(region_id, name) values (1389, 'Veigy-Foncenex');
insert into city(region_id, name) values (1592, 'Daito');
insert into city(region_id, name) values (1592, 'Matsubara');
insert into city(region_id, name) values (1592, 'Niagava');
insert into city(region_id, name) values (1592, 'Osaka');
insert into city(region_id, name) values (1592, 'Hirakata');
insert into city(region_id, name) values (1592, 'YAo');
insert into city(region_id, name) values (1390, 'Aixe-sur-Vienne');
insert into city(region_id, name) values (1390, 'Couzeix');
insert into city(region_id, name) values (1390, 'Limoges');
insert into city(region_id, name) values (1593, 'Karatsu');
insert into city(region_id, name) values (1593, 'Saga');
insert into city(region_id, name) values (1391, 'Claret');
insert into city(region_id, name) values (1391, 'Gap');
insert into city(region_id, name) values (1391, 'Orcires');
insert into city(region_id, name) values (1391, 'Vallouise');
insert into city(region_id, name) values (1594, 'Varabi');
insert into city(region_id, name) values (1594, 'Ivatsuki');
insert into city(region_id, name) values (1594, 'Iono');
insert into city(region_id, name) values (1594, 'Kavagoe');
insert into city(region_id, name) values (1594, 'Kavaguchi');
insert into city(region_id, name) values (1594, 'Koshigeia');
insert into city(region_id, name) values (1594, 'Kumageia');
insert into city(region_id, name) values (1594, 'Soka');
insert into city(region_id, name) values (1594, 'Hanno');
insert into city(region_id, name) values (1392, 'Arn');
insert into city(region_id, name) values (1392, 'Lannemezan');
insert into city(region_id, name) values (1392, 'Lourdes');
insert into city(region_id, name) values (1392, 'Maulon-Barousse');
insert into city(region_id, name) values (1392, 'Tarbes');
insert into city(region_id, name) values (1392, 'Vic-en-Bigorre');
insert into city(region_id, name) values (1595, 'Otsu');
insert into city(region_id, name) values (1595, 'Hikon');
insert into city(region_id, name) values (1393, 'Bois-Colombes');
insert into city(region_id, name) values (1393, 'Boulogne-Billancourt');
insert into city(region_id, name) values (1393, 'Bourg-la-Reine');
insert into city(region_id, name) values (1393, 'Nanterre');
insert into city(region_id, name) values (1393, 'Neuilly-sur-Seine');
insert into city(region_id, name) values (1393, 'Puteaux');
insert into city(region_id, name) values (1393, 'Saint-Cloud');
insert into city(region_id, name) values (1596, 'Atami');
insert into city(region_id, name) values (1596, 'Fudji');
insert into city(region_id, name) values (1394, 'Agde');
insert into city(region_id, name) values (1394, 'Bdarieux');
insert into city(region_id, name) values (1394, 'Bziers');
insert into city(region_id, name) values (1394, 'La Grande Motte');
insert into city(region_id, name) values (1394, 'Montpellier');
insert into city(region_id, name) values (1394, 'Plaissan');
insert into city(region_id, name) values (1394, 'Poussan');
insert into city(region_id, name) values (1394, 'Ste');
insert into city(region_id, name) values (1597, 'Ichikava');
insert into city(region_id, name) values (1597, 'Kashiva');
insert into city(region_id, name) values (1597, 'Noda');
insert into city(region_id, name) values (1597, 'Funabashi');
insert into city(region_id, name) values (1597, 'CHiba');
insert into city(region_id, name) values (1395, 'Baguer-Morvan');
insert into city(region_id, name) values (1395, 'Cancale');
insert into city(region_id, name) values (1395, 'Dinard');
insert into city(region_id, name) values (1395, 'Fougres');
insert into city(region_id, name) values (1395, 'Gvez');
insert into city(region_id, name) values (1395, 'Laill');
insert into city(region_id, name) values (1395, 'Rennes');
insert into city(region_id, name) values (1395, 'Saint-Malo');
insert into city(region_id, name) values (1395, 'Vitr');
insert into city(region_id, name) values (1598, 'Kodaira');
insert into city(region_id, name) values (1598, 'Machida');
insert into city(region_id, name) values (1598, 'Mitaka');
insert into city(region_id, name) values (1598, 'Musashino');
insert into city(region_id, name) values (1598, 'Tachikava');
insert into city(region_id, name) values (1598, 'Tokio');
insert into city(region_id, name) values (1598, 'Hachioii');
insert into city(region_id, name) values (1598, 'Hofu');
insert into city(region_id, name) values (1396, 'Chteauroux');
insert into city(region_id, name) values (1599, 'Tokushima');
insert into city(region_id, name) values (1397, 'Amboise');
insert into city(region_id, name) values (1397, 'Cormery');
insert into city(region_id, name) values (1397, 'Saint-Martin-le-Beau');
insert into city(region_id, name) values (1397, 'Tours');
insert into city(region_id, name) values (1600, 'Ashikaga');
insert into city(region_id, name) values (1600, 'Otavara');
insert into city(region_id, name) values (1600, 'Utsunomiia');
insert into city(region_id, name) values (1398, 'Bourgoin-Jallieu');
insert into city(region_id, name) values (1398, 'Grenoble');
insert into city(region_id, name) values (1601, 'Takaoka');
insert into city(region_id, name) values (1601, 'Toyama');
insert into city(region_id, name) values (1399, 'Abergement-le-Petit');
insert into city(region_id, name) values (1399, 'Besain');
insert into city(region_id, name) values (1399, 'Biarne');
insert into city(region_id, name) values (1399, 'Dole');
insert into city(region_id, name) values (1399, 'Lains');
insert into city(region_id, name) values (1399, 'Lons-le-Saunier');
insert into city(region_id, name) values (1399, 'Tavaux');
insert into city(region_id, name) values (1602, 'Ono');
insert into city(region_id, name) values (1602, 'Fukui');
insert into city(region_id, name) values (1400, 'Aire-sur-l''''Adour');
insert into city(region_id, name) values (1400, 'Azur');
insert into city(region_id, name) values (1400, 'Mont-de-Marsan');
insert into city(region_id, name) values (1400, 'Saint-Michel-Escalus');
insert into city(region_id, name) values (1603, 'Kitakiushu');
insert into city(region_id, name) values (1603, 'Nogata');
insert into city(region_id, name) values (1603, 'Omuta');
insert into city(region_id, name) values (1603, 'Fukuoka');
insert into city(region_id, name) values (1401, 'Arville');
insert into city(region_id, name) values (1401, 'Blois');
insert into city(region_id, name) values (1401, 'Romorantin-Lanthenay');
insert into city(region_id, name) values (1604, 'Ivaki');
insert into city(region_id, name) values (1604, 'Koriiama');
insert into city(region_id, name) values (1402, 'Bard');
insert into city(region_id, name) values (1402, 'La Gresle');
insert into city(region_id, name) values (1402, 'La Valla');
insert into city(region_id, name) values (1402, 'La Versanne');
insert into city(region_id, name) values (1402, 'Lay');
insert into city(region_id, name) values (1402, 'Mably');
insert into city(region_id, name) values (1402, 'Roanne');
insert into city(region_id, name) values (1402, 'Saint-tienne');
insert into city(region_id, name) values (1605, 'Fukuiama');
insert into city(region_id, name) values (1605, 'Hiroshima');
insert into city(region_id, name) values (1403, 'Abbaretz');
insert into city(region_id, name) values (1403, 'Ancenis');
insert into city(region_id, name) values (1403, 'Casson');
insert into city(region_id, name) values (1403, 'La Baule-Escoublac');
insert into city(region_id, name) values (1403, 'La Roche-Blanche');
insert into city(region_id, name) values (1403, 'Nantes');
insert into city(region_id, name) values (1403, 'Pornic');
insert into city(region_id, name) values (1403, 'Port-Saint-Pre');
insert into city(region_id, name) values (1403, 'Saint-Lyphard');
insert into city(region_id, name) values (1403, 'Saint-Nazaire');
insert into city(region_id, name) values (1606, 'Abashiri');
insert into city(region_id, name) values (1606, 'Asahigava');
insert into city(region_id, name) values (1606, 'Vakkanai');
insert into city(region_id, name) values (1606, 'Kitami');
insert into city(region_id, name) values (1606, 'Kushiro');
insert into city(region_id, name) values (1606, 'Obihiro');
insert into city(region_id, name) values (1606, 'Otaru');
insert into city(region_id, name) values (1606, 'Sapporo');
insert into city(region_id, name) values (1606, 'Tomakomai');
insert into city(region_id, name) values (1606, 'Hakodata');
insert into city(region_id, name) values (1404, 'Chapelon');
insert into city(region_id, name) values (1404, 'Gien');
insert into city(region_id, name) values (1404, 'Montargis');
insert into city(region_id, name) values (1404, 'Orlans');
insert into city(region_id, name) values (1607, 'Akashi');
insert into city(region_id, name) values (1607, 'Kakogava');
insert into city(region_id, name) values (1607, 'Himeii');
insert into city(region_id, name) values (1405, 'Baladou');
insert into city(region_id, name) values (1405, 'Cahors');
insert into city(region_id, name) values (1405, 'Figeac');
insert into city(region_id, name) values (1405, 'Vers');
insert into city(region_id, name) values (1608, 'Uvaiima');
insert into city(region_id, name) values (1406, 'Agen');
insert into city(region_id, name) values (1406, 'Estillac');
insert into city(region_id, name) values (1406, 'Laroque-Timbaut');
insert into city(region_id, name) values (1609, 'Ivakuni');
insert into city(region_id, name) values (1609, 'Tokuiama');
insert into city(region_id, name) values (1609, 'YAmaguchi');
insert into city(region_id, name) values (1407, 'Langogne');
insert into city(region_id, name) values (1407, 'Malbouzon');
insert into city(region_id, name) values (1407, 'Mende');
insert into city(region_id, name) values (1610, 'Kofu');
insert into city(region_id, name) values (1408, 'Angers');
insert into city(region_id, name) values (1408, 'Avrill');
insert into city(region_id, name) values (1408, 'Cholet');
insert into city(region_id, name) values (1408, 'Saumur');
insert into city(region_id, name) values (1409, 'Cherbourg');
insert into city(region_id, name) values (1409, 'Margueray');
insert into city(region_id, name) values (1409, 'Pirou');
insert into city(region_id, name) values (1409, 'Saint-L');
insert into city(region_id, name) values (1409, 'Tamerville');
insert into city(region_id, name) values (1410, 'Ay');
insert into city(region_id, name) values (1410, 'Chlons-en-Champagne');
insert into city(region_id, name) values (1410, 'Cormontreuil');
insert into city(region_id, name) values (1410, 'pernay');
insert into city(region_id, name) values (1410, 'Reims');
insert into city(region_id, name) values (1410, 'Soudron');
insert into city(region_id, name) values (1411, 'Laval');
insert into city(region_id, name) values (1411, 'Montenay');
insert into city(region_id, name) values (1412, 'Avril');
insert into city(region_id, name) values (1412, 'Batilly');
insert into city(region_id, name) values (1412, 'Laneuveville-devant-Nancy');
insert into city(region_id, name) values (1412, 'Longwy');
insert into city(region_id, name) values (1412, 'Nancy');
insert into city(region_id, name) values (1413, 'tain');
insert into city(region_id, name) values (1413, 'Montsec');
insert into city(region_id, name) values (1414, 'Ambon');
insert into city(region_id, name) values (1414, 'Baden');
insert into city(region_id, name) values (1414, 'Hennebont');
insert into city(region_id, name) values (1414, 'Larmor-Plage');
insert into city(region_id, name) values (1414, 'Lorient');
insert into city(region_id, name) values (1414, 'Pontivy');
insert into city(region_id, name) values (1414, 'Vannes');
insert into city(region_id, name) values (1415, 'Amnville');
insert into city(region_id, name) values (1415, 'Ancerville');
insert into city(region_id, name) values (1415, 'Beux');
insert into city(region_id, name) values (1415, 'Forbach');
insert into city(region_id, name) values (1415, 'Hayange');
insert into city(region_id, name) values (1415, 'Holling');
insert into city(region_id, name) values (1415, 'Longeville-ls-Saint-Avold');
insert into city(region_id, name) values (1415, 'Marsal');
insert into city(region_id, name) values (1415, 'Marsilly');
insert into city(region_id, name) values (1415, 'Metz');
insert into city(region_id, name) values (1415, 'Porcelette');
insert into city(region_id, name) values (1415, 'Sarreguemines');
insert into city(region_id, name) values (1415, 'Stiring-Wendel');
insert into city(region_id, name) values (1415, 'Thimonville');
insert into city(region_id, name) values (1415, 'Thionville');
insert into city(region_id, name) values (1416, 'Bry');
insert into city(region_id, name) values (1416, 'Cambrai');
insert into city(region_id, name) values (1416, 'Cartignies');
insert into city(region_id, name) values (1416, 'Cassel');
insert into city(region_id, name) values (1416, 'Denain');
insert into city(region_id, name) values (1416, 'Douai');
insert into city(region_id, name) values (1416, 'Dunkerque');
insert into city(region_id, name) values (1416, 'Lille');
insert into city(region_id, name) values (1416, 'Roubaix');
insert into city(region_id, name) values (1416, 'Tourcoing');
insert into city(region_id, name) values (1416, 'Valenciennes');
insert into city(region_id, name) values (1416, 'Villeneuve-d''''Ascq');
insert into city(region_id, name) values (1417, 'Abbecourt');
insert into city(region_id, name) values (1417, 'Beauvais');
insert into city(region_id, name) values (1417, 'Chantilly');
insert into city(region_id, name) values (1417, 'Compigne');
insert into city(region_id, name) values (1417, 'Litz');
insert into city(region_id, name) values (1417, 'Marseille-en-Beauvaisis');
insert into city(region_id, name) values (1417, 'Nogent-sur-Oise');
insert into city(region_id, name) values (1417, 'Noyon');
insert into city(region_id, name) values (1418, 'Alenon');
insert into city(region_id, name) values (1418, 'Bagnoles-de-l''''Orne');
insert into city(region_id, name) values (1419, 'Paris');
insert into city(region_id, name) values (1420, 'Arras');
insert into city(region_id, name) values (1420, 'Boulogne-sur-Mer');
insert into city(region_id, name) values (1420, 'Calais');
insert into city(region_id, name) values (1420, 'taples');
insert into city(region_id, name) values (1420, 'Le Parcq');
insert into city(region_id, name) values (1420, 'Lens');
insert into city(region_id, name) values (1421, 'Aulnat');
insert into city(region_id, name) values (1421, 'Bourg-Lastic');
insert into city(region_id, name) values (1421, 'Chas');
insert into city(region_id, name) values (1421, 'Clermont-Ferrand');
insert into city(region_id, name) values (1421, 'Cournon-d''''Auvergne');
insert into city(region_id, name) values (1422, 'Anglet');
insert into city(region_id, name) values (1422, 'Bastans');
insert into city(region_id, name) values (1422, 'Bayonne');
insert into city(region_id, name) values (1422, 'Biarritz');
insert into city(region_id, name) values (1422, 'Billre');
insert into city(region_id, name) values (1422, 'Hendaye');
insert into city(region_id, name) values (1422, 'Oloron-Sainte-Marie');
insert into city(region_id, name) values (1422, 'Pau');
insert into city(region_id, name) values (1422, 'Saint-Esteben');
insert into city(region_id, name) values (1422, 'Sus');
insert into city(region_id, name) values (1423, 'Baillestavy');
insert into city(region_id, name) values (1423, 'Canet-Plage');
insert into city(region_id, name) values (1423, 'Oms');
insert into city(region_id, name) values (1423, 'Perpignan');
insert into city(region_id, name) values (1423, 'Pia');
insert into city(region_id, name) values (1423, 'Saint-Laurent-de-Cerdans');
insert into city(region_id, name) values (1423, 'Thuir');
insert into city(region_id, name) values (1423, 'Toulouges');
insert into city(region_id, name) values (1424, 'Alix');
insert into city(region_id, name) values (1424, 'Ancy');
insert into city(region_id, name) values (1424, 'Bron');
insert into city(region_id, name) values (1424, 'Caluire-et-Cuire');
insert into city(region_id, name) values (1424, 'Limas');
insert into city(region_id, name) values (1424, 'Lyon');
insert into city(region_id, name) values (1424, 'Meyzieu');
insert into city(region_id, name) values (1424, 'Saint-Didier-au-Mont-d''''Or');
insert into city(region_id, name) values (1424, 'Saint-tienne-des-Oullires');
insert into city(region_id, name) values (1424, 'Taluyers');
insert into city(region_id, name) values (1424, 'Vnissieux');
insert into city(region_id, name) values (1424, 'Vernaison');
insert into city(region_id, name) values (1424, 'Villefranche-sur-Sane');
insert into city(region_id, name) values (1425, 'Autun');
insert into city(region_id, name) values (1425, 'Charbonnires');
insert into city(region_id, name) values (1425, 'Mcon');
insert into city(region_id, name) values (1425, 'Paray-le-Monial');
insert into city(region_id, name) values (1426, 'Aix-les-Bains');
insert into city(region_id, name) values (1426, 'Albertville');
insert into city(region_id, name) values (1426, 'Bourdeau');
insert into city(region_id, name) values (1426, 'Chambry');
insert into city(region_id, name) values (1426, 'Courchevel');
insert into city(region_id, name) values (1426, 'Saint-Andr');
insert into city(region_id, name) values (1427, 'Amponville');
insert into city(region_id, name) values (1427, 'Chelles');
insert into city(region_id, name) values (1427, 'Coulommiers');
insert into city(region_id, name) values (1427, 'Fontainebleau');
insert into city(region_id, name) values (1427, 'Melun');
insert into city(region_id, name) values (1428, 'tretat');
insert into city(region_id, name) values (1428, 'Le Havre');
insert into city(region_id, name) values (1428, 'Rouen');
insert into city(region_id, name) values (1428, 'Vieux-Manoir');
insert into city(region_id, name) values (1429, 'Drancy');
insert into city(region_id, name) values (1429, 'Gournay-sur-Marne');
insert into city(region_id, name) values (1429, 'Le Blanc-Mesnil');
insert into city(region_id, name) values (1429, 'Neuilly-Plaisance');
insert into city(region_id, name) values (1429, 'Pantin');
insert into city(region_id, name) values (1429, 'Saint-Denis');
insert into city(region_id, name) values (1429, 'Stains');
insert into city(region_id, name) values (1430, 'Abbeville');
insert into city(region_id, name) values (1430, 'Amiens');
insert into city(region_id, name) values (1430, 'Digeon');
insert into city(region_id, name) values (1431, 'Albi');
insert into city(region_id, name) values (1431, 'Gaillac');
insert into city(region_id, name) values (1431, 'Le Vintrou');
insert into city(region_id, name) values (1431, 'Viane');
insert into city(region_id, name) values (1432, 'Bouloc');
insert into city(region_id, name) values (1432, 'Moissac');
insert into city(region_id, name) values (1432, 'Montauban');
insert into city(region_id, name) values (1433, 'Bavilliers');
insert into city(region_id, name) values (1433, 'Belfort');
insert into city(region_id, name) values (1433, 'Rchsy');
insert into city(region_id, name) values (1434, 'Ableiges');
insert into city(region_id, name) values (1434, 'Arnouville-ls-Gonesse');
insert into city(region_id, name) values (1435, 'Ablon-sur-Seine');
insert into city(region_id, name) values (1435, 'Alfortville');
insert into city(region_id, name) values (1435, 'Choisy-le-Roi');
insert into city(region_id, name) values (1435, 'Ivry-sur-Seine');
insert into city(region_id, name) values (1435, 'Limeil-Brvannes');
insert into city(region_id, name) values (1435, 'Maisons-Alfort');
insert into city(region_id, name) values (1435, 'Orly');
insert into city(region_id, name) values (1435, 'Saint-Maur-des-Fosss');
insert into city(region_id, name) values (1435, 'Vincennes');
insert into city(region_id, name) values (1436, 'Draguignan');
insert into city(region_id, name) values (1436, 'Frjus');
insert into city(region_id, name) values (1436, 'Gassin');
insert into city(region_id, name) values (1436, 'Hyres');
insert into city(region_id, name) values (1436, 'La Londe-les-Maures');
insert into city(region_id, name) values (1436, 'Le Beausset');
insert into city(region_id, name) values (1436, 'Le Lavandou');
insert into city(region_id, name) values (1436, 'Saint-Maximin-la-Sainte-Baume');
insert into city(region_id, name) values (1436, 'Saint-Raphal');
insert into city(region_id, name) values (1436, 'Saint-Tropez');
insert into city(region_id, name) values (1436, 'Sanary-sur-Mer');
insert into city(region_id, name) values (1436, 'Toulon');
insert into city(region_id, name) values (1437, 'Apt');
insert into city(region_id, name) values (1437, 'Avignon');
insert into city(region_id, name) values (1437, 'Bonnieux');
insert into city(region_id, name) values (1437, 'L''''Isle-sur-la-Sorgue');
insert into city(region_id, name) values (1437, 'Montfavet');
insert into city(region_id, name) values (1437, 'Orange');
insert into city(region_id, name) values (1437, 'Saint-Christol');
insert into city(region_id, name) values (1438, 'Angles');
insert into city(region_id, name) values (1438, 'Chavagnes-les-Redoux');
insert into city(region_id, name) values (1438, 'La Roche-sur-Yon');
insert into city(region_id, name) values (1438, 'Les Sables-d''''Olonne');
insert into city(region_id, name) values (1438, 'Saint-Prouant');
insert into city(region_id, name) values (1438, 'Vix');
insert into city(region_id, name) values (1439, 'Chtellerault');
insert into city(region_id, name) values (1439, 'Genay');
insert into city(region_id, name) values (1439, 'Poitiers');
insert into city(region_id, name) values (1439, 'Saint-Saviol');
insert into city(region_id, name) values (1440, 'pinal');
insert into city(region_id, name) values (1440, 'Remiremont');
insert into city(region_id, name) values (1440, 'Vittel');
insert into city(region_id, name) values (1441, 'Angely');
insert into city(region_id, name) values (1441, 'Auxerre');
insert into city(region_id, name) values (1441, 'Villeneuve-sur-Yonne');
insert into city(region_id, name) values (1441, 'Yrouerre');
insert into city(region_id, name) values (1442, 'La Celle-Saint-Cloud');
insert into city(region_id, name) values (1442, 'La Verrire');
insert into city(region_id, name) values (1442, 'Le Vsinet');
insert into city(region_id, name) values (1442, 'Marly-le-Roi');
insert into city(region_id, name) values (1442, 'Rambouillet');
insert into city(region_id, name) values (1442, 'Verneuil-sur-Seine');
insert into city(region_id, name) values (1442, 'Versailles');
insert into city(region_id, name) values (1442, 'Vert');